borrower_id,branch_id,sex,age,sector,household_size,years_in_business,has_bank_account,prior_loans
BW500001,BR-13,M,45,farming,11,6.1,TRUE,2
BW500002,BR-17,F,36,tailoring,10,3.2,0,2
BW500003,BR-18,F,36,retail shop,7,3.6,FALSE,1
BW500004,BR-12,M,46,teaching,11,7.7,True,6
BW500005,BR-08,M,53,tailoring,6,6.1,False,4
BW500006,BR-19,F,51,food vending,4,5.6,False,2
BW500007,BR-04,M,21,petty trade,11,10.4,yes,4
BW500008,BR-19,M,36,tailoring,5,2.6,FALSE,0
BW500009,BR-04,F,31,tailoring,4,2.3,1,6
BW500010,BR-18,F,52,hairdressing,6,2.0,False,2
BW500011,BR-18,F,59,petty trade,11,2.7,False,4
BW500012,BR-11,F,26,food vending,8,4.7,1,6
BW500013,BR-20,M,31,transport,10,1.5,False,1
BW500014,BR-08,F,59,carpentry,5,6.7,0,1
BW500015,BR-04,F,24,food vending,5,6.7,1,0
BW500016,BR-19,F,48,tailoring,8,5.1,True,1
BW500017,BR-19,M,50,tailoring,10,4.4,no,9
BW500018,BR-13,F,63,petty trade,7,7.9,no,2
BW500019,BR-02,M,33,poultry,12,5.5,yes,1
BW500020,BR-17,F,22,masonry,10,5.2,0,3
BW500021,BR-12,F,34,farming,8,5.4,FALSE,4
BW500022,BR-04,F,38,food vending,10,8.6,yes,3
BW500023,BR-11,M,30,poultry,10,9.5,False,2
BW500024,BR-23,F,46,teaching,10,5.3,FALSE,4
BW500025,BR-13,F,61,food vending,6,3.9,1,0
BW500026,BR-02,M,53,teaching,2,13.1,TRUE,2
BW500027,BR-24,F,32,tailoring,2,2.5,1,3
BW500028,BR-07,M,62,masonry,2,3.0,1,6
BW500029,BR-20,M,50,hairdressing,8,7.5,no,3
BW500030,BR-05,F,47,teaching,1,6.3,no,6
BW500031,BR-21,M,19,teaching,12,7.3,1,4
BW500032,BR-19,F,54,transport,8,1.5,no,9
BW500033,BR-21,F,24,poultry,6,10.0,0,0
BW500034,BR-05,M,19,hairdressing,1,8.1,TRUE,2
BW500035,BR-13,M,58,carpentry,12,1.6,yes,1
BW500036,BR-01,F,63,poultry,6,9.0,False,6
BW500037,BR-06,M,35,carpentry,3,1.0,0,4
BW500038,BR-04,M,32,transport,9,1.3,False,0
BW500039,BR-09,F,39,teaching,9,5.8,1,9
BW500040,BR-04,F,50,transport,11,8.3,1,0
BW500041,BR-07,F,41,food vending,4,3.4,yes,2
BW500042,BR-03,F,21,tailoring,5,6.8,1,0
BW500043,BR-18,F,55,masonry,4,6.2,False,0
BW500044,BR-04,F,42,poultry,5,9.5,yes,2
BW500045,BR-21,F,42,masonry,1,2.6,1,6
BW500046,BR-24,F,55,hairdressing,7,0.9,FALSE,1
BW500047,BR-08,F,46,hairdressing,12,3.3,yes,0
BW500048,BR-09,F,42,tailoring,2,8.9,True,3
BW500049,BR-08,F,28,carpentry,5,9.8,FALSE,4
BW500050,BR-20,M,47,transport,3,12.8,FALSE,6
BW500051,BR-01,M,20,teaching,10,1.1,0,2
BW500052,BR-23,M,56,phone repair,4,5.7,TRUE,3
BW500053,BR-23,M,50,hairdressing,5,4.0,1,3
BW500054,BR-20,F,64,masonry,3,0.4,no,3
BW500055,BR-08,M,46,phone repair,9,2.9,False,1
BW500056,BR-07,M,28,poultry,3,4.9,False,0
BW500057,BR-13,F,47,tailoring,9,7.8,False,2
BW500058,BR-18,M,57,petty trade,6,11.7,no,4
BW500059,BR-04,M,44,phone repair,5,13.4,True,1
BW500060,BR-02,F,33,food vending,5,2.1,False,3
BW500061,BR-24,M,51,tailoring,12,3.8,True,4
BW500062,BR-01,F,39,teaching,7,3.8,False,0
BW500063,BR-01,M,29,teaching,10,8.7,True,1
BW500064,BR-04,M,39,farming,4,10.2,True,2
BW500065,BR-09,F,52,phone repair,9,7.0,False,0
BW500066,BR-21,F,46,tailoring,3,1.4,False,0
BW500067,BR-17,F,47,carpentry,5,5.6,0,4
BW500068,BR-01,F,21,tailoring,8,5.8,False,6
BW500069,BR-13,F,52,petty trade,7,7.4,1,4
BW500070,BR-06,F,32,masonry,1,2.4,True,3
BW500071,BR-13,M,31,farming,2,10.2,False,0
BW500072,BR-23,M,26,retail shop,11,7.3,FALSE,1
BW500073,BR-01,F,33,food vending,6,6.2,TRUE,1
BW500074,BR-24,M,57,carpentry,6,2.9,0,4
BW500075,BR-24,F,40,teaching,6,1.6,FALSE,0
BW500076,BR-16,F,47,farming,9,8.9,True,2
BW500077,BR-06,F,49,transport,9,2.6,False,9
BW500078,BR-11,M,28,retail shop,5,5.7,False,0
BW500079,BR-04,F,63,teaching,11,7.2,FALSE,1
BW500080,BR-18,F,51,phone repair,9,9.5,False,1
BW500081,BR-20,M,20,petty trade,12,8.9,False,4
BW500082,BR-21,F,19,masonry,12,1.7,True,4
BW500083,BR-02,F,22,retail shop,5,3.2,yes,3
BW500084,BR-02,F,25,carpentry,5,4.7,True,2
BW500085,BR-03,M,36,masonry,2,3.2,FALSE,3
BW500086,BR-14,F,57,hairdressing,2,7.1,no,6
BW500087,BR-06,F,44,transport,10,11.8,no,4
BW500088,BR-16,M,22,masonry,5,4.8,TRUE,1
BW500089,BR-04,M,40,tailoring,4,10.0,FALSE,9
BW500090,BR-16,F,24,retail shop,5,3.9,False,2
BW500091,BR-18,M,51,retail shop,6,5.5,TRUE,1
BW500092,BR-13,F,24,farming,9,5.0,False,4
BW500093,BR-01,F,49,farming,9,8.5,True,2
BW500094,BR-01,F,30,tailoring,12,14.1,0,1
BW500095,BR-22,F,51,teaching,1,4.0,0,6
BW500096,BR-24,M,47,hairdressing,2,10.7,0,1
BW500097,BR-01,F,51,carpentry,3,6.5,FALSE,2
BW500098,BR-24,F,48,phone repair,11,4.6,yes,1
BW500099,BR-03,F,48,carpentry,4,5.9,0,0
BW500100,BR-15,M,54,food vending,1,12.9,0,1
BW500101,BR-07,F,48,farming,11,7.8,FALSE,6
BW500102,BR-11,F,22,petty trade,4,7.6,1,2
BW500103,BR-19,M,40,masonry,8,8.2,True,0
BW500104,BR-11,M,58,retail shop,7,7.6,0,9
BW500105,BR-11,F,22,food vending,7,4.1,False,0
BW500106,BR-04,F,27,teaching,11,2.3,TRUE,1
BW500107,BR-21,M,60,food vending,7,3.7,0,0
BW500108,BR-03,F,55,tailoring,2,4.5,no,4
BW500109,BR-05,M,21,food vending,6,0.3,TRUE,2
BW500110,BR-13,F,25,hairdressing,3,9.1,FALSE,1
BW500111,BR-11,F,20,hairdressing,10,4.1,True,9
BW500112,BR-04,F,43,hairdressing,7,4.1,no,1
BW500113,BR-08,F,19,petty trade,8,2.9,yes,1
BW500114,BR-17,F,36,poultry,3,4.4,1,0
BW500115,BR-13,M,24,transport,10,3.2,yes,3
BW500116,BR-13,M,39,food vending,9,3.3,False,9
BW500117,BR-05,F,61,masonry,8,1.8,yes,4
BW500118,BR-19,F,28,transport,4,0.4,FALSE,6
BW500119,BR-15,F,22,tailoring,5,0.5,1,1
BW500120,BR-04,F,54,carpentry,12,3.2,False,0
BW500121,BR-21,F,50,poultry,4,9.4,True,2
BW500122,BR-14,M,29,transport,10,6.3,TRUE,1
BW500123,BR-16,F,23,masonry,11,5.5,TRUE,9
BW500124,BR-13,F,33,carpentry,7,7.7,False,0
BW500125,BR-12,F,39,food vending,4,7.6,TRUE,1
BW500126,BR-16,F,21,poultry,4,1.6,no,0
BW500127,BR-09,F,54,retail shop,1,10.0,True,2
BW500128,BR-01,M,19,carpentry,12,0.4,FALSE,1
BW500129,BR-04,M,61,hairdressing,1,0.4,TRUE,1
BW500130,BR-08,F,60,food vending,10,11.3,1,3
BW500131,BR-01,M,20,poultry,12,7.9,0,1
BW500132,BR-02,F,62,hairdressing,11,3.8,True,4
BW500133,BR-12,M,54,tailoring,3,8.6,FALSE,9
BW500134,BR-08,F,34,retail shop,5,6.6,False,1
BW500135,BR-22,F,64,food vending,11,2.6,True,1
BW500136,BR-20,M,31,tailoring,6,1.9,no,4
BW500137,BR-01,F,53,farming,1,0.4,FALSE,0
BW500138,BR-11,F,23,hairdressing,9,7.3,TRUE,4
BW500139,BR-17,F,46,carpentry,9,2.7,no,1
BW500140,BR-04,F,59,farming,9,5.7,yes,1
BW500141,BR-23,F,28,retail shop,4,8.7,yes,1
BW500142,BR-21,M,36,retail shop,5,7.3,0,1
BW500143,BR-12,F,54,phone repair,3,11.3,False,0
BW500144,BR-02,F,34,transport,10,1.6,FALSE,3
BW500145,BR-08,M,33,food vending,5,1.0,0,0
BW500146,BR-01,M,53,farming,12,8.1,yes,2
BW500147,BR-12,M,24,farming,9,8.6,no,4
BW500148,BR-05,M,22,hairdressing,11,4.7,1,1
BW500149,BR-02,M,55,petty trade,10,1.6,no,0
BW500150,BR-21,M,29,teaching,8,0.7,1,9
BW500151,BR-21,F,23,phone repair,3,1.6,True,2
BW500152,BR-15,F,64,teaching,11,1.0,no,6
BW500153,BR-22,M,63,food vending,10,4.4,TRUE,4
BW500154,BR-17,M,41,farming,3,9.2,0,2
BW500155,BR-17,F,50,petty trade,10,4.3,yes,6
BW500156,BR-19,F,58,masonry,5,7.4,yes,4
BW500157,BR-20,F,46,retail shop,4,8.8,1,9
BW500158,BR-04,M,42,poultry,5,3.6,1,0
BW500159,BR-12,F,39,transport,5,5.9,0,0
BW500160,BR-11,M,56,tailoring,5,12.3,True,2
BW500161,BR-05,M,24,food vending,8,8.6,TRUE,3
BW500162,BR-10,F,57,farming,3,1.8,TRUE,4
BW500163,BR-09,F,46,transport,5,5.4,1,0
BW500164,BR-03,M,23,carpentry,8,13.7,FALSE,1
BW500165,BR-10,F,29,phone repair,1,0.9,0,1
BW500166,BR-18,F,60,transport,9,11.1,0,0
BW500167,BR-13,F,48,teaching,11,6.7,FALSE,9
BW500168,BR-06,M,22,phone repair,10,2.4,no,6
BW500169,BR-20,F,60,farming,10,4.4,FALSE,4
BW500170,BR-22,F,42,teaching,8,4.4,1,1
BW500171,BR-18,M,57,tailoring,9,1.7,no,0
BW500172,BR-09,F,21,phone repair,12,0.8,False,6
BW500173,BR-11,F,50,transport,8,1.1,no,4
BW500174,BR-01,F,59,teaching,3,1.8,False,1
BW500175,BR-24,M,53,carpentry,7,4.9,TRUE,1
BW500176,BR-03,F,37,phone repair,9,10.0,FALSE,3
BW500177,BR-18,F,43,poultry,5,6.5,yes,1
BW500178,BR-04,M,56,hairdressing,6,7.9,False,0
BW500179,BR-12,F,38,carpentry,7,1.3,0,1
BW500180,BR-06,M,35,carpentry,2,2.9,True,1
BW500181,BR-22,M,32,poultry,7,8.5,yes,9
BW500182,BR-22,F,41,masonry,5,7.1,1,0
BW500183,BR-12,F,56,phone repair,10,12.3,TRUE,1
BW500184,BR-19,F,24,phone repair,12,8.1,yes,2
BW500185,BR-15,F,24,tailoring,4,7.9,0,3
BW500186,BR-10,F,55,phone repair,2,9.3,TRUE,9
BW500187,BR-21,M,47,masonry,12,4.6,no,1
BW500188,BR-21,M,57,farming,6,4.3,0,1
BW500189,BR-11,M,31,poultry,2,1.9,True,3
BW500190,BR-13,F,33,hairdressing,4,1.6,no,0
BW500191,BR-10,F,57,farming,7,8.6,1,1
BW500192,BR-13,M,57,tailoring,9,3.3,0,4
BW500193,BR-13,F,58,teaching,7,2.5,False,0
BW500194,BR-08,M,55,hairdressing,1,3.3,1,9
BW500195,BR-18,M,46,farming,2,7.1,no,1
BW500196,BR-16,F,41,hairdressing,2,9.0,1,2
BW500197,BR-06,M,62,masonry,6,0.6,no,2
BW500198,BR-24,F,62,masonry,2,0.2,True,3
BW500199,BR-20,M,58,food vending,12,1.9,True,1
BW500200,BR-24,F,40,retail shop,10,3.9,no,1
BW500201,BR-03,F,23,hairdressing,3,1.7,FALSE,2
BW500202,BR-04,F,29,carpentry,11,1.8,FALSE,0
BW500203,BR-24,M,42,phone repair,5,12.2,FALSE,2
BW500204,BR-11,F,59,food vending,7,0.5,TRUE,0
BW500205,BR-06,F,26,carpentry,5,11.3,False,3
BW500206,BR-04,M,43,retail shop,10,8.8,1,4
BW500207,BR-16,M,62,carpentry,1,9.5,True,0
BW500208,BR-13,F,51,carpentry,3,7.6,False,4
BW500209,BR-08,F,37,masonry,8,16.3,TRUE,1
BW500210,BR-19,F,57,tailoring,8,7.9,0,2
BW500211,BR-15,F,60,farming,1,3.6,True,2
BW500212,BR-02,F,23,teaching,11,5.4,TRUE,1
BW500213,BR-07,M,60,poultry,12,8.1,1,6
BW500214,BR-20,F,63,teaching,2,5.0,TRUE,9
BW500215,BR-13,F,29,teaching,5,0.9,FALSE,6
BW500216,BR-07,M,37,retail shop,8,6.9,yes,0
BW500217,BR-22,F,45,carpentry,4,1.3,no,0
BW500218,BR-12,F,27,transport,7,6.2,FALSE,1
BW500219,BR-09,F,53,tailoring,3,4.0,no,1
BW500220,BR-13,F,28,phone repair,3,3.2,False,0
BW500221,BR-04,F,37,poultry,5,10.7,TRUE,9
BW500222,BR-17,F,44,retail shop,10,4.4,True,1
BW500223,BR-24,M,20,tailoring,7,8.9,True,9
BW500224,BR-10,F,29,phone repair,1,8.2,yes,9
BW500225,BR-12,F,29,retail shop,6,8.9,0,0
BW500226,BR-14,F,51,farming,11,5.4,True,3
BW500227,BR-05,M,53,hairdressing,10,9.5,True,4
BW500228,BR-18,F,32,phone repair,11,6.6,TRUE,6
BW500229,BR-02,F,36,tailoring,1,1.9,0,9
BW500230,BR-07,F,36,phone repair,9,7.0,False,0
BW500231,BR-11,M,23,food vending,11,5.9,no,6
BW500232,BR-02,F,25,farming,6,6.1,False,1
BW500233,BR-21,F,51,food vending,6,7.6,yes,3
BW500234,BR-13,M,27,teaching,1,0.6,0,2
BW500235,BR-11,F,50,petty trade,7,2.9,1,0
BW500236,BR-09,F,34,petty trade,6,4.1,yes,6
BW500237,BR-19,M,34,poultry,7,1.1,False,0
BW500238,BR-14,F,47,masonry,7,4.3,TRUE,6
BW500239,BR-24,F,49,retail shop,1,3.7,False,1
BW500240,BR-01,M,33,farming,8,5.0,False,1
BW500241,BR-15,M,63,petty trade,12,2.5,FALSE,1
BW500242,BR-19,F,24,teaching,9,9.3,TRUE,4
BW500243,BR-03,F,22,tailoring,9,2.6,0,1
BW500244,BR-14,F,53,masonry,12,9.8,True,0
BW500245,BR-20,M,53,petty trade,8,11.2,TRUE,1
BW500246,BR-01,F,52,petty trade,3,1.0,0,1
BW500247,BR-04,M,40,phone repair,8,6.4,FALSE,1
BW500248,BR-23,M,45,carpentry,12,4.7,1,0
BW500249,BR-18,M,40,petty trade,12,9.4,True,1
BW500250,BR-18,F,35,teaching,6,5.9,1,0
BW500251,BR-09,M,48,tailoring,8,3.2,0,0
BW500252,BR-13,F,63,tailoring,10,1.8,yes,9
BW500253,BR-23,M,56,carpentry,6,3.4,0,0
BW500254,BR-08,F,56,phone repair,10,6.1,TRUE,4
BW500255,BR-23,F,26,food vending,10,5.7,no,0
BW500256,BR-17,F,40,retail shop,3,2.9,True,9
BW500257,BR-21,F,63,masonry,8,3.6,FALSE,0
BW500258,BR-12,M,28,retail shop,1,3.5,False,0
BW500259,BR-17,F,52,teaching,5,6.8,yes,1
BW500260,BR-13,F,55,retail shop,6,5.6,FALSE,6
BW500261,BR-02,M,50,masonry,10,5.7,1,0
BW500262,BR-13,M,40,masonry,4,1.9,no,4
BW500263,BR-12,F,39,teaching,8,2.8,True,1
BW500264,BR-12,F,46,retail shop,7,9.8,0,1
BW500265,BR-13,F,32,tailoring,6,1.0,FALSE,9
BW500266,BR-04,M,30,food vending,11,5.8,yes,2
BW500267,BR-23,F,61,masonry,4,3.3,no,1
BW500268,BR-17,M,57,tailoring,4,5.2,yes,6
BW500269,BR-22,F,32,tailoring,5,10.6,1,6
BW500270,BR-02,F,35,food vending,10,0.7,True,9
BW500271,BR-03,F,23,teaching,1,11.6,yes,4
BW500272,BR-23,M,28,phone repair,3,5.8,0,3
BW500273,BR-05,F,58,retail shop,6,1.9,False,0
BW500274,BR-03,F,55,tailoring,11,7.4,True,1
BW500275,BR-19,M,53,phone repair,6,2.8,True,0
BW500276,BR-15,F,33,hairdressing,6,9.1,yes,6
BW500277,BR-05,M,52,poultry,1,2.0,TRUE,1
BW500278,BR-08,F,63,hairdressing,10,6.0,TRUE,0
BW500279,BR-03,M,29,poultry,11,3.0,False,0
BW500280,BR-16,M,28,poultry,5,5.2,0,0
BW500281,BR-15,F,47,food vending,10,7.2,FALSE,3
BW500282,BR-18,F,64,retail shop,7,1.3,TRUE,1
BW500283,BR-07,F,55,hairdressing,5,4.8,0,2
BW500284,BR-07,F,57,retail shop,8,3.8,TRUE,9
BW500285,BR-11,M,22,tailoring,1,1.9,FALSE,6
BW500286,BR-21,M,29,farming,9,1.8,1,2
BW500287,BR-12,F,50,tailoring,1,2.1,yes,4
BW500288,BR-21,F,58,farming,11,5.7,1,1
BW500289,BR-17,M,57,carpentry,8,4.5,no,0
BW500290,BR-23,F,29,teaching,5,4.1,TRUE,6
BW500291,BR-07,M,55,farming,4,9.3,yes,1
BW500292,BR-02,F,20,food vending,8,7.3,no,3
BW500293,BR-09,F,43,retail shop,4,6.9,yes,3
BW500294,BR-12,F,30,petty trade,2,2.9,FALSE,1
BW500295,BR-15,F,43,transport,6,6.7,False,1
BW500296,BR-12,F,33,hairdressing,1,2.5,FALSE,1
BW500297,BR-12,F,39,phone repair,1,7.4,FALSE,0
BW500298,BR-12,F,37,transport,3,7.7,0,9
BW500299,BR-16,F,63,poultry,4,4.4,no,9
BW500300,BR-08,F,44,retail shop,12,5.7,False,1
BW500301,BR-21,F,50,farming,12,6.7,TRUE,0
BW500302,BR-14,M,24,poultry,7,9.5,1,0
BW500303,BR-07,M,22,teaching,9,9.5,True,2
BW500304,BR-05,F,47,hairdressing,1,8.9,FALSE,0
BW500305,BR-14,M,45,poultry,6,6.3,TRUE,3
BW500306,BR-17,F,23,transport,9,4.9,False,3
BW500307,BR-07,F,30,teaching,6,8.3,0,6
BW500308,BR-07,F,46,carpentry,6,5.4,FALSE,9
BW500309,BR-23,F,19,masonry,6,7.0,FALSE,1
BW500310,BR-14,F,19,carpentry,1,5.4,yes,0
BW500311,BR-12,M,44,farming,8,2.4,1,2
BW500312,BR-24,M,51,teaching,1,2.8,yes,9
BW500313,BR-05,M,26,transport,5,4.6,True,2
BW500314,BR-02,F,55,tailoring,10,7.6,1,4
BW500315,BR-03,F,45,teaching,5,7.9,no,6
BW500316,BR-07,M,22,tailoring,11,10.6,True,1
BW500317,BR-12,F,54,retail shop,12,7.2,FALSE,1
BW500318,BR-10,F,22,carpentry,10,8.1,FALSE,4
BW500319,BR-15,F,45,hairdressing,6,2.6,TRUE,6
BW500320,BR-21,M,38,petty trade,7,2.0,yes,3
BW500321,BR-08,F,45,hairdressing,11,6.7,FALSE,9
BW500322,BR-06,F,36,farming,6,9.8,yes,2
BW500323,BR-08,F,63,phone repair,9,4.1,no,6
BW500324,BR-24,M,27,hairdressing,8,7.1,no,6
BW500325,BR-04,M,60,retail shop,8,10.0,True,9
BW500326,BR-23,F,44,tailoring,10,10.9,TRUE,1
BW500327,BR-16,M,60,retail shop,7,4.0,0,9
BW500328,BR-02,M,24,retail shop,10,7.8,FALSE,0
BW500329,BR-18,M,55,masonry,1,8.9,0,1
BW500330,BR-22,M,54,tailoring,11,2.7,yes,9
BW500331,BR-19,M,61,phone repair,8,9.4,1,6
BW500332,BR-07,M,58,carpentry,8,11.5,True,1
BW500333,BR-17,F,20,tailoring,12,0.6,TRUE,0
BW500334,BR-17,M,59,masonry,8,7.0,yes,2
BW500335,BR-01,M,49,hairdressing,2,8.1,False,3
BW500336,BR-05,F,45,carpentry,1,8.4,True,6
BW500337,BR-24,F,56,masonry,8,7.5,False,1
BW500338,BR-01,M,63,teaching,9,9.2,0,2
BW500339,BR-18,F,31,teaching,12,11.1,TRUE,0
BW500340,BR-15,F,62,petty trade,8,6.5,0,1
BW500341,BR-07,M,61,retail shop,9,1.5,no,0
BW500342,BR-03,M,31,retail shop,2,1.8,TRUE,3
BW500343,BR-07,M,44,transport,5,2.2,0,0
BW500344,BR-23,F,41,farming,6,1.2,False,1
BW500345,BR-10,F,38,hairdressing,2,10.1,TRUE,3
BW500346,BR-15,M,59,carpentry,4,6.7,no,0
BW500347,BR-06,M,45,food vending,10,1.8,1,3
BW500348,BR-18,M,63,tailoring,12,6.8,False,4
BW500349,BR-08,M,62,retail shop,12,0.6,FALSE,0
BW500350,BR-16,F,39,transport,12,2.3,True,6
BW500351,BR-01,M,52,poultry,5,1.9,True,1
BW500352,BR-16,M,23,hairdressing,3,7.4,False,6
BW500353,BR-19,M,64,tailoring,10,6.4,yes,4
BW500354,BR-13,F,23,carpentry,4,4.5,False,0
BW500355,BR-09,M,32,masonry,8,10.7,1,2
BW500356,BR-18,F,41,transport,12,1.1,True,6
BW500357,BR-05,F,23,farming,7,7.5,FALSE,0
BW500358,BR-07,F,20,transport,6,4.0,FALSE,1
BW500359,BR-24,M,61,teaching,12,2.5,False,0
BW500360,BR-14,F,48,poultry,12,10.3,True,1
BW500361,BR-23,F,31,farming,3,5.0,True,0
BW500362,BR-17,M,42,food vending,3,5.8,0,9
BW500363,BR-12,F,19,poultry,11,9.0,0,4
BW500364,BR-08,F,48,teaching,11,9.8,True,0
BW500365,BR-19,F,35,transport,1,4.5,FALSE,0
BW500366,BR-11,M,50,poultry,1,6.5,FALSE,0
BW500367,BR-09,F,27,hairdressing,5,11.4,no,3
BW500368,BR-07,F,30,transport,4,3.3,1,0
BW500369,BR-18,M,50,transport,2,6.8,True,4
BW500370,BR-19,F,46,phone repair,9,5.0,0,6
BW500371,BR-05,F,47,farming,12,8.0,TRUE,0
BW500372,BR-16,F,53,teaching,6,5.5,1,3
BW500373,BR-18,M,20,retail shop,1,8.0,TRUE,2
BW500374,BR-18,F,31,food vending,6,2.3,0,0
BW500375,BR-03,F,26,farming,8,5.8,FALSE,6
BW500376,BR-14,F,50,teaching,4,11.7,FALSE,1
BW500377,BR-20,F,23,poultry,5,13.8,False,3
BW500378,BR-22,F,50,petty trade,4,1.6,True,2
BW500379,BR-05,F,60,phone repair,12,7.0,False,0
BW500380,BR-13,M,50,phone repair,4,4.6,False,1
BW500381,BR-03,M,35,masonry,4,8.0,0,0
BW500382,BR-04,F,32,farming,9,5.8,TRUE,1
BW500383,BR-01,M,50,carpentry,11,4.6,0,1
BW500384,BR-18,F,20,food vending,4,2.8,yes,2
BW500385,BR-12,F,29,transport,12,3.3,True,4
BW500386,BR-11,F,58,masonry,8,4.1,TRUE,9
BW500387,BR-16,F,44,masonry,2,9.8,False,0
BW500388,BR-10,F,56,petty trade,3,4.6,TRUE,0
BW500389,BR-06,M,44,farming,5,4.6,False,0
BW500390,BR-16,F,29,retail shop,12,7.8,1,2
BW500391,BR-21,F,56,phone repair,9,2.6,FALSE,3
BW500392,BR-23,F,49,farming,8,9.8,1,9
BW500393,BR-03,F,19,farming,6,7.1,no,6
BW500394,BR-03,M,20,petty trade,2,4.7,no,2
BW500395,BR-23,F,43,farming,10,8.0,TRUE,9
BW500396,BR-07,F,43,food vending,4,4.6,FALSE,3
BW500397,BR-16,F,33,food vending,8,7.9,True,9
BW500398,BR-10,M,25,petty trade,2,2.7,no,3
BW500399,BR-12,F,20,farming,6,4.1,TRUE,0
BW500400,BR-09,M,42,transport,4,10.3,yes,2
BW500401,BR-03,F,32,phone repair,1,10.3,yes,1
BW500402,BR-01,M,31,petty trade,1,8.6,True,0
BW500403,BR-05,F,60,transport,12,2.2,no,6
BW500404,BR-04,M,22,hairdressing,2,11.8,1,1
BW500405,BR-20,M,60,petty trade,1,8.3,FALSE,9
BW500406,BR-20,F,23,tailoring,4,9.0,FALSE,2
BW500407,BR-14,M,62,hairdressing,1,2.6,FALSE,9
BW500408,BR-20,F,35,transport,4,8.1,0,3
BW500409,BR-18,F,34,carpentry,5,10.3,no,4
BW500410,BR-22,M,62,teaching,4,0.8,False,6
BW500411,BR-05,F,53,tailoring,6,5.3,1,9
BW500412,BR-08,F,39,masonry,11,7.5,0,1
BW500413,BR-09,M,56,phone repair,4,7.8,yes,1
BW500414,BR-02,F,41,tailoring,11,8.1,True,9
BW500415,BR-07,F,43,phone repair,10,7.4,0,4
BW500416,BR-07,M,45,tailoring,1,8.7,True,3
BW500417,BR-14,M,27,poultry,3,7.3,True,4
BW500418,BR-10,F,61,phone repair,7,8.1,False,4
BW500419,BR-11,M,34,petty trade,6,2.8,TRUE,0
BW500420,BR-13,M,42,retail shop,1,3.4,False,1
BW500421,BR-14,F,64,farming,4,10.3,TRUE,9
BW500422,BR-15,M,26,teaching,2,6.5,yes,6
BW500423,BR-11,M,38,farming,5,6.4,FALSE,0
BW500424,BR-05,M,64,petty trade,8,3.7,False,9
BW500425,BR-06,M,20,food vending,5,10.2,0,1
BW500426,BR-22,M,34,carpentry,10,1.5,0,1
BW500427,BR-24,M,25,retail shop,8,12.9,TRUE,4
BW500428,BR-01,F,40,masonry,5,7.6,1,4
BW500429,BR-11,M,50,carpentry,4,8.7,FALSE,0
BW500430,BR-13,F,54,tailoring,8,6.4,True,0
BW500431,BR-03,F,20,farming,10,15.3,0,2
BW500432,BR-16,F,20,hairdressing,11,11.9,yes,1
BW500433,BR-07,M,34,petty trade,3,5.2,no,2
BW500434,BR-01,F,41,tailoring,1,3.8,True,0
BW500435,BR-20,F,50,phone repair,8,9.5,False,4
BW500436,BR-13,F,25,farming,8,5.6,0,1
BW500437,BR-06,F,58,teaching,10,1.7,1,1
BW500438,BR-06,M,52,retail shop,9,6.9,TRUE,1
BW500439,BR-03,M,59,retail shop,9,8.4,TRUE,1
BW500440,BR-12,F,54,farming,2,8.3,FALSE,0
BW500441,BR-04,M,30,teaching,3,6.3,yes,1
BW500442,BR-02,M,24,carpentry,8,1.2,0,9
BW500443,BR-10,F,37,poultry,7,1.0,0,6
BW500444,BR-01,F,52,poultry,8,4.7,TRUE,9
BW500445,BR-13,F,60,transport,11,2.8,yes,4
BW500446,BR-22,F,29,food vending,5,0.7,True,9
BW500447,BR-01,M,43,transport,6,7.1,no,4
BW500448,BR-04,F,32,food vending,6,6.7,1,0
BW500449,BR-10,F,31,masonry,8,8.7,TRUE,0
BW500450,BR-19,F,46,tailoring,1,7.9,no,0
BW500451,BR-10,M,32,food vending,5,4.0,False,1
BW500452,BR-10,F,58,hairdressing,1,7.2,False,3
BW500453,BR-07,M,19,petty trade,11,7.2,FALSE,0
BW500454,BR-18,F,36,masonry,8,3.3,True,6
BW500455,BR-08,M,25,tailoring,10,11.3,False,1
BW500456,BR-08,F,50,carpentry,6,1.4,1,2
BW500457,BR-07,F,19,hairdressing,7,11.5,FALSE,4
BW500458,BR-05,F,37,hairdressing,3,5.9,0,1
BW500459,BR-01,F,46,carpentry,8,9.9,yes,4
BW500460,BR-20,F,31,teaching,8,6.4,False,4
BW500461,BR-09,M,28,petty trade,3,12.8,FALSE,6
BW500462,BR-11,M,39,tailoring,7,4.9,False,3
BW500463,BR-17,F,52,food vending,2,7.8,FALSE,0
BW500464,BR-06,M,27,tailoring,6,6.6,no,4
BW500465,BR-16,F,54,food vending,1,11.2,TRUE,1
BW500466,BR-02,M,59,retail shop,1,5.0,True,3
BW500467,BR-13,F,55,farming,3,5.9,1,3
BW500468,BR-22,F,20,phone repair,5,6.2,True,4
BW500469,BR-04,F,51,phone repair,12,5.1,yes,2
BW500470,BR-21,F,26,retail shop,6,6.2,TRUE,1
BW500471,BR-06,M,39,masonry,6,0.4,FALSE,1
BW500472,BR-08,M,35,transport,5,7.8,0,3
BW500473,BR-12,F,25,retail shop,2,0.4,False,2
BW500474,BR-02,M,40,poultry,7,10.1,yes,9
BW500475,BR-18,F,56,masonry,8,4.7,1,1
BW500476,BR-18,F,29,masonry,2,7.9,0,2
BW500477,BR-20,F,38,farming,1,10.6,False,9
BW500478,BR-09,F,28,carpentry,9,7.8,FALSE,9
BW500479,BR-16,M,54,food vending,12,2.9,no,4
BW500480,BR-12,M,25,phone repair,5,3.6,True,3
BW500481,BR-22,F,41,carpentry,3,4.3,False,3
BW500482,BR-23,F,26,transport,9,7.2,False,9
BW500483,BR-02,F,45,food vending,10,3.4,FALSE,0
BW500484,BR-12,M,36,carpentry,8,3.6,TRUE,1
BW500485,BR-17,F,24,carpentry,6,0.8,TRUE,0
BW500486,BR-19,M,21,petty trade,7,1.5,yes,1
BW500487,BR-03,M,47,phone repair,2,1.2,0,0
BW500488,BR-17,F,39,masonry,1,7.8,no,4
BW500489,BR-13,F,63,poultry,5,8.5,no,2
BW500490,BR-23,F,52,food vending,7,1.6,no,0
BW500491,BR-15,F,30,petty trade,12,4.4,1,2
BW500492,BR-16,M,36,transport,11,0.6,FALSE,9
BW500493,BR-18,F,33,phone repair,8,4.3,TRUE,9
BW500494,BR-16,F,26,masonry,6,3.7,1,1
BW500495,BR-17,M,36,tailoring,1,6.3,1,1
BW500496,BR-16,F,31,hairdressing,9,0.8,no,0
BW500497,BR-19,M,45,petty trade,12,13.3,TRUE,6
BW500498,BR-01,F,41,food vending,3,5.0,0,4
BW500499,BR-04,F,33,masonry,8,4.1,FALSE,1
BW500500,BR-06,M,41,masonry,8,7.1,TRUE,1
BW500501,BR-17,M,53,transport,1,2.8,0,6
BW500502,BR-16,M,32,teaching,12,6.1,1,0
BW500503,BR-13,F,31,food vending,3,3.7,False,1
BW500504,BR-15,M,24,teaching,2,15.9,yes,3
BW500505,BR-16,M,29,carpentry,5,14.7,False,1
BW500506,BR-03,F,29,poultry,2,4.3,no,0
BW500507,BR-16,F,29,food vending,11,5.5,TRUE,3
BW500508,BR-23,F,37,carpentry,7,4.9,False,0
BW500509,BR-07,M,41,farming,2,6.5,1,4
BW500510,BR-20,F,21,carpentry,5,3.3,no,3
BW500511,BR-20,F,36,retail shop,4,7.0,FALSE,0
BW500512,BR-07,M,25,hairdressing,4,4.0,True,9
BW500513,BR-24,F,58,carpentry,4,2.8,True,0
BW500514,BR-13,F,32,phone repair,7,9.7,no,0
BW500515,BR-19,F,29,retail shop,11,7.5,True,9
BW500516,BR-14,F,36,farming,4,5.0,0,0
BW500517,BR-09,M,61,carpentry,8,14.7,0,0
BW500518,BR-23,M,37,teaching,1,3.1,1,3
BW500519,BR-21,M,24,carpentry,3,4.3,True,4
BW500520,BR-04,F,52,carpentry,8,4.4,0,6
BW500521,BR-14,F,40,poultry,5,1.0,1,1
BW500522,BR-18,M,48,hairdressing,3,5.1,no,1
BW500523,BR-13,M,56,hairdressing,8,6.6,TRUE,0
BW500524,BR-15,F,20,tailoring,4,6.3,False,4
BW500525,BR-13,F,57,transport,7,4.6,no,9
BW500526,BR-08,F,62,teaching,11,7.8,no,3
BW500527,BR-24,F,64,hairdressing,9,8.5,FALSE,9
BW500528,BR-03,F,52,teaching,9,4.7,yes,9
BW500529,BR-20,F,59,hairdressing,4,7.4,FALSE,3
BW500530,BR-19,M,49,petty trade,1,10.1,no,1
BW500531,BR-17,M,64,poultry,5,6.4,TRUE,3
BW500532,BR-08,M,61,teaching,8,2.5,no,1
BW500533,BR-05,M,34,phone repair,4,4.3,FALSE,1
BW500534,BR-18,F,39,hairdressing,1,3.4,no,4
BW500535,BR-04,M,39,petty trade,2,0.9,no,1
BW500536,BR-15,F,29,teaching,7,12.7,TRUE,9
BW500537,BR-18,M,38,transport,2,8.7,False,6
BW500538,BR-23,M,61,transport,2,6.1,no,1
BW500539,BR-23,M,20,poultry,4,6.6,TRUE,6
BW500540,BR-24,F,34,hairdressing,7,7.4,yes,0
BW500541,BR-02,M,45,farming,6,9.1,no,0
BW500542,BR-16,F,51,carpentry,3,12.9,yes,0
BW500543,BR-20,F,39,petty trade,2,9.1,yes,4
BW500544,BR-22,F,28,hairdressing,11,3.3,no,1
BW500545,BR-12,M,54,retail shop,2,5.3,no,3
BW500546,BR-24,M,26,carpentry,9,3.2,TRUE,2
BW500547,BR-23,M,19,retail shop,3,4.0,0,9
BW500548,BR-22,F,53,phone repair,10,2.9,False,0
BW500549,BR-17,M,35,petty trade,9,1.7,FALSE,3
BW500550,BR-09,M,35,retail shop,5,6.9,FALSE,9
BW500551,BR-12,F,20,petty trade,4,8.9,1,6
BW500552,BR-07,M,22,masonry,5,9.0,no,9
BW500553,BR-04,F,61,carpentry,12,0.6,no,0
BW500554,BR-16,F,46,teaching,9,8.3,0,4
BW500555,BR-02,F,22,carpentry,11,4.5,True,3
BW500556,BR-18,M,54,masonry,8,4.8,no,3
BW500557,BR-04,F,23,poultry,7,8.3,no,4
BW500558,BR-12,M,56,farming,6,1.0,1,1
BW500559,BR-06,F,64,masonry,3,7.1,FALSE,4
BW500560,BR-14,M,20,masonry,2,13.6,1,1
BW500561,BR-21,M,39,hairdressing,9,8.0,FALSE,0
BW500562,BR-15,F,22,masonry,3,7.0,False,6
BW500563,BR-21,F,36,masonry,4,2.3,FALSE,2
BW500564,BR-15,F,23,teaching,9,2.6,1,3
BW500565,BR-17,F,31,carpentry,10,9.1,0,6
BW500566,BR-14,F,29,teaching,7,6.1,0,0
BW500567,BR-02,F,19,hairdressing,3,1.1,1,1
BW500568,BR-07,F,31,farming,6,1.6,TRUE,0
BW500569,BR-03,M,59,poultry,7,9.5,no,0
BW500570,BR-08,M,58,petty trade,8,5.7,FALSE,3
BW500571,BR-08,M,33,retail shop,10,4.1,yes,4
BW500572,BR-01,F,29,food vending,9,9.2,no,0
BW500573,BR-06,M,30,masonry,8,8.7,1,0
BW500574,BR-24,F,62,carpentry,12,2.3,no,6
BW500575,BR-06,M,52,transport,5,8.0,0,3
BW500576,BR-12,M,34,retail shop,7,7.7,TRUE,1
BW500577,BR-18,M,30,phone repair,8,16.1,no,9
BW500578,BR-21,F,62,phone repair,11,7.1,yes,1
BW500579,BR-16,F,58,retail shop,12,1.3,False,6
BW500580,BR-09,M,25,phone repair,7,1.4,False,3
BW500581,BR-15,M,42,farming,4,2.9,False,1
BW500582,BR-10,F,29,petty trade,6,9.5,0,1
BW500583,BR-18,F,42,retail shop,11,3.5,0,0
BW500584,BR-24,F,21,poultry,2,3.9,yes,1
BW500585,BR-02,F,63,food vending,10,6.2,0,9
BW500586,BR-14,M,51,hairdressing,1,0.6,1,3
BW500587,BR-24,F,43,farming,8,0.4,no,1
BW500588,BR-20,M,34,petty trade,12,2.2,False,1
BW500589,BR-12,F,22,masonry,3,0.6,False,2
BW500590,BR-06,F,32,transport,3,4.4,0,0
BW500591,BR-19,F,60,tailoring,10,6.6,False,1
BW500592,BR-09,F,61,phone repair,11,7.0,FALSE,9
BW500593,BR-22,M,63,farming,10,3.3,False,9
BW500594,BR-02,F,34,petty trade,7,2.3,False,0
BW500595,BR-05,F,26,masonry,1,1.3,1,3
BW500596,BR-18,F,31,phone repair,6,3.2,FALSE,4
BW500597,BR-03,F,43,masonry,6,2.3,0,6
BW500598,BR-14,F,19,hairdressing,1,4.6,FALSE,1
BW500599,BR-20,F,21,carpentry,7,5.7,no,1
BW500600,BR-10,F,46,retail shop,3,2.1,True,2
BW500601,BR-12,F,53,poultry,10,2.5,False,2
BW500602,BR-21,M,22,phone repair,9,2.3,False,0
BW500603,BR-14,M,32,food vending,9,2.6,False,3
BW500604,BR-13,F,50,hairdressing,9,1.6,no,0
BW500605,BR-17,M,54,retail shop,4,10.4,0,2
BW500606,BR-21,F,43,masonry,6,13.6,0,6
BW500607,BR-05,M,39,petty trade,1,3.5,True,6
BW500608,BR-02,F,52,masonry,11,1.8,FALSE,1
BW500609,BR-20,F,53,petty trade,3,4.0,yes,1
BW500610,BR-18,F,21,hairdressing,10,13.6,1,1
BW500611,BR-15,F,36,petty trade,5,10.2,False,1
BW500612,BR-13,M,25,retail shop,8,9.6,True,1
BW500613,BR-11,M,51,transport,10,9.7,0,1
BW500614,BR-23,F,22,poultry,9,13.6,0,1
BW500615,BR-03,M,53,masonry,9,0.9,no,6
BW500616,BR-07,F,54,tailoring,12,15.3,False,6
BW500617,BR-12,M,41,petty trade,2,7.3,FALSE,3
BW500618,BR-16,M,49,transport,2,1.0,TRUE,9
BW500619,BR-13,F,38,teaching,3,0.5,1,6
BW500620,BR-18,F,63,farming,4,1.8,TRUE,1
BW500621,BR-03,F,31,petty trade,9,12.1,False,1
BW500622,BR-16,F,19,phone repair,8,2.7,0,9
BW500623,BR-19,F,33,transport,9,5.5,0,9
BW500624,BR-19,F,64,retail shop,8,8.8,no,1
BW500625,BR-07,F,50,tailoring,10,4.8,1,0
BW500626,BR-15,F,35,hairdressing,4,1.4,False,1
BW500627,BR-21,M,61,poultry,1,9.4,yes,6
BW500628,BR-05,F,27,phone repair,4,3.0,True,1
BW500629,BR-06,F,35,tailoring,6,2.3,FALSE,9
BW500630,BR-09,F,38,petty trade,2,6.0,FALSE,9
BW500631,BR-16,F,21,petty trade,10,2.9,yes,6
BW500632,BR-12,M,34,food vending,6,0.8,no,3
BW500633,BR-22,F,41,hairdressing,11,8.1,no,6
BW500634,BR-18,F,28,transport,4,5.2,yes,6
BW500635,BR-01,F,37,farming,10,0.3,no,0
BW500636,BR-14,M,45,retail shop,10,6.7,True,3
BW500637,BR-07,M,50,poultry,11,12.3,yes,0
BW500638,BR-13,F,30,tailoring,8,4.5,TRUE,9
BW500639,BR-24,F,22,masonry,9,6.3,FALSE,2
BW500640,BR-22,F,45,hairdressing,12,0.6,False,9
BW500641,BR-06,M,21,tailoring,11,11.6,yes,2
BW500642,BR-01,F,22,masonry,6,8.2,True,3
BW500643,BR-22,M,37,poultry,1,3.7,yes,0
BW500644,BR-07,F,54,teaching,5,3.8,0,0
BW500645,BR-03,F,39,masonry,4,3.5,no,9
BW500646,BR-19,F,52,phone repair,6,2.1,yes,3
BW500647,BR-24,F,49,petty trade,12,5.5,True,0
BW500648,BR-03,M,46,transport,1,0.6,False,0
BW500649,BR-22,M,29,hairdressing,8,8.0,1,2
BW500650,BR-05,M,53,teaching,1,5.0,no,6
BW500651,BR-20,F,50,farming,7,9.2,False,9
BW500652,BR-07,F,52,hairdressing,2,1.5,FALSE,0
BW500653,BR-01,M,24,transport,6,5.0,True,3
BW500654,BR-13,F,41,retail shop,2,0.4,True,1
BW500655,BR-19,F,50,tailoring,12,1.4,1,0
BW500656,BR-15,M,33,petty trade,2,5.5,0,0
BW500657,BR-09,F,19,masonry,8,6.7,FALSE,0
BW500658,BR-16,M,21,food vending,9,0.4,no,6
BW500659,BR-19,F,45,transport,12,7.3,0,3
BW500660,BR-16,F,54,farming,12,7.6,False,9
BW500661,BR-23,M,45,phone repair,9,6.1,FALSE,4
BW500662,BR-24,F,60,hairdressing,10,4.3,1,4
BW500663,BR-01,F,56,poultry,5,9.5,TRUE,3
BW500664,BR-07,F,20,transport,4,3.6,True,9
BW500665,BR-22,F,28,hairdressing,3,10.0,0,1
BW500666,BR-08,M,49,masonry,9,1.1,True,4
BW500667,BR-12,F,26,food vending,12,7.9,False,1
BW500668,BR-06,F,40,farming,5,1.0,True,0
BW500669,BR-01,F,31,phone repair,9,1.0,TRUE,1
BW500670,BR-15,F,36,hairdressing,11,10.7,FALSE,1
BW500671,BR-19,M,48,tailoring,5,6.7,TRUE,0
BW500672,BR-14,F,47,teaching,3,12.2,1,4
BW500673,BR-21,F,50,carpentry,6,7.0,FALSE,4
BW500674,BR-11,F,26,hairdressing,2,10.7,False,9
BW500675,BR-12,F,64,farming,1,2.4,no,1
BW500676,BR-10,M,52,poultry,1,7.0,1,0
BW500677,BR-18,M,25,hairdressing,2,7.2,1,0
BW500678,BR-17,F,63,retail shop,2,9.6,True,0
BW500679,BR-18,M,49,hairdressing,3,5.8,1,2
BW500680,BR-17,M,30,petty trade,1,6.1,1,4
BW500681,BR-19,F,20,food vending,12,6.4,True,1
BW500682,BR-03,M,37,teaching,3,6.5,1,2
BW500683,BR-03,F,44,retail shop,4,10.2,True,6
BW500684,BR-13,F,49,food vending,10,3.7,FALSE,3
BW500685,BR-11,F,43,food vending,1,5.8,yes,2
BW500686,BR-01,F,50,masonry,12,2.7,1,0
BW500687,BR-22,F,57,hairdressing,5,12.6,TRUE,2
BW500688,BR-24,F,53,carpentry,11,2.9,False,0
BW500689,BR-08,F,48,teaching,11,16.2,yes,0
BW500690,BR-06,F,21,petty trade,9,10.7,1,1
BW500691,BR-22,F,39,carpentry,10,7.9,0,1
BW500692,BR-23,M,56,teaching,2,10.5,yes,1
BW500693,BR-18,F,24,masonry,3,6.0,TRUE,0
BW500694,BR-20,F,28,phone repair,2,0.4,1,3
BW500695,BR-10,F,58,carpentry,5,4.7,TRUE,9
BW500696,BR-09,F,55,phone repair,12,7.0,True,1
BW500697,BR-24,F,39,transport,6,11.6,False,0
BW500698,BR-23,M,36,tailoring,9,1.9,no,3
BW500699,BR-13,F,53,masonry,4,13.0,1,4
BW500700,BR-05,M,24,poultry,11,1.2,no,3
BW500701,BR-20,F,31,masonry,6,2.7,TRUE,1
BW500702,BR-09,M,53,retail shop,6,6.9,no,1
BW500703,BR-17,F,33,phone repair,6,10.7,False,9
BW500704,BR-17,F,61,transport,7,2.3,True,4
BW500705,BR-11,F,64,transport,10,11.1,0,1
BW500706,BR-19,M,27,hairdressing,11,8.3,True,0
BW500707,BR-05,F,31,farming,6,3.5,yes,0
BW500708,BR-12,F,54,hairdressing,11,9.9,yes,6
BW500709,BR-20,M,38,phone repair,7,0.6,no,0
BW500710,BR-20,F,37,petty trade,12,9.3,True,0
BW500711,BR-19,M,28,petty trade,8,10.5,yes,2
BW500712,BR-20,F,24,transport,10,3.3,TRUE,1
BW500713,BR-16,F,49,food vending,1,2.9,1,1
BW500714,BR-19,M,51,petty trade,3,1.1,True,4
BW500715,BR-02,M,26,masonry,3,0.8,FALSE,9
BW500716,BR-05,M,35,hairdressing,6,4.9,1,3
BW500717,BR-02,M,60,farming,9,8.3,0,9
BW500718,BR-14,F,31,hairdressing,2,5.4,yes,3
BW500719,BR-17,F,49,farming,1,9.4,yes,1
BW500720,BR-18,F,30,petty trade,2,4.0,yes,0
BW500721,BR-21,F,62,hairdressing,5,5.6,0,2
BW500722,BR-03,F,63,petty trade,2,3.9,False,4
BW500723,BR-19,F,53,teaching,6,5.1,0,9
BW500724,BR-16,F,60,masonry,4,2.4,no,3
BW500725,BR-08,F,21,transport,2,1.6,FALSE,0
BW500726,BR-09,M,48,farming,5,2.4,True,0
BW500727,BR-18,F,30,phone repair,12,8.4,yes,1
BW500728,BR-08,M,32,carpentry,12,8.9,TRUE,6
BW500729,BR-07,M,41,retail shop,11,2.3,False,1
BW500730,BR-12,F,49,poultry,8,4.1,1,3
BW500731,BR-01,F,60,masonry,6,0.2,no,4
BW500732,BR-04,M,49,tailoring,7,2.8,False,3
BW500733,BR-09,F,21,transport,11,7.4,1,1
BW500734,BR-22,F,52,carpentry,1,11.3,FALSE,2
BW500735,BR-17,F,31,food vending,4,4.7,1,0
BW500736,BR-14,F,32,farming,12,3.7,0,9
BW500737,BR-04,M,25,teaching,6,0.9,FALSE,0
BW500738,BR-22,M,35,petty trade,11,5.3,FALSE,3
BW500739,BR-14,M,51,carpentry,7,5.4,False,1
BW500740,BR-20,M,29,retail shop,9,8.3,FALSE,9
BW500741,BR-22,F,39,masonry,11,8.3,False,2
BW500742,BR-24,M,50,retail shop,10,4.5,1,3
BW500743,BR-20,F,43,petty trade,11,1.7,TRUE,4
BW500744,BR-23,M,33,hairdressing,4,8.5,yes,2
BW500745,BR-10,M,56,carpentry,12,13.2,False,1
BW500746,BR-06,M,46,tailoring,11,7.2,TRUE,1
BW500747,BR-06,M,29,phone repair,2,12.1,1,4
BW500748,BR-19,F,64,tailoring,5,13.2,0,0
BW500749,BR-11,F,25,petty trade,7,3.3,0,1
BW500750,BR-03,F,60,tailoring,3,8.7,False,2
BW500751,BR-01,F,45,retail shop,8,2.5,no,6
BW500752,BR-14,F,50,retail shop,1,3.2,1,0
BW500753,BR-08,M,29,masonry,1,5.3,FALSE,6
BW500754,BR-19,M,53,petty trade,6,8.5,True,9
BW500755,BR-14,F,47,hairdressing,12,3.2,yes,9
BW500756,BR-02,F,46,carpentry,1,4.2,True,3
BW500757,BR-10,M,19,retail shop,1,2.7,TRUE,4
BW500758,BR-01,F,32,hairdressing,10,8.6,True,9
BW500759,BR-05,F,64,farming,7,8.7,0,3
BW500760,BR-08,F,62,teaching,4,4.5,TRUE,4
BW500761,BR-23,M,23,food vending,1,7.6,False,1
BW500762,BR-13,M,37,tailoring,10,4.3,yes,9
BW500763,BR-04,F,19,food vending,10,1.7,1,9
BW500764,BR-04,M,32,farming,7,0.5,False,6
BW500765,BR-13,M,25,food vending,8,3.9,1,0
BW500766,BR-09,F,45,phone repair,12,7.3,no,2
BW500767,BR-14,F,32,farming,5,1.3,yes,0
BW500768,BR-05,F,22,phone repair,10,6.5,False,2
BW500769,BR-13,F,23,poultry,4,3.5,0,6
BW500770,BR-05,F,54,food vending,10,1.6,FALSE,1
BW500771,BR-03,M,24,poultry,5,8.4,FALSE,1
BW500772,BR-02,M,51,teaching,9,11.6,True,4
BW500773,BR-23,F,28,carpentry,10,9.1,1,1
BW500774,BR-20,M,19,food vending,2,11.6,yes,4
BW500775,BR-20,F,37,petty trade,3,7.5,0,3
BW500776,BR-07,M,21,retail shop,11,0.4,no,1
BW500777,BR-06,F,23,retail shop,4,4.3,0,2
BW500778,BR-01,M,55,farming,4,12.0,no,4
BW500779,BR-12,F,36,masonry,6,4.0,no,0
BW500780,BR-24,F,36,phone repair,8,3.1,True,0
BW500781,BR-11,F,59,masonry,12,8.3,0,4
BW500782,BR-17,F,42,transport,9,6.8,no,2
BW500783,BR-04,F,58,transport,9,6.2,no,9
BW500784,BR-05,F,54,carpentry,6,3.5,False,3
BW500785,BR-22,F,48,masonry,9,2.7,no,0
BW500786,BR-24,M,46,petty trade,7,7.0,no,3
BW500787,BR-03,F,41,petty trade,12,10.4,1,2
BW500788,BR-06,M,30,masonry,7,9.7,1,1
BW500789,BR-18,M,38,hairdressing,5,9.9,no,2
BW500790,BR-22,F,43,tailoring,12,13.7,FALSE,0
BW500791,BR-19,F,34,food vending,3,3.5,1,3
BW500792,BR-18,M,56,petty trade,9,6.5,0,4
BW500793,BR-06,F,56,hairdressing,8,3.0,False,1
BW500794,BR-12,M,55,food vending,2,7.8,TRUE,0
BW500795,BR-05,F,47,masonry,12,4.8,yes,0
BW500796,BR-13,M,62,transport,9,9.5,0,6
BW500797,BR-12,F,46,food vending,9,1.4,False,0
BW500798,BR-06,M,33,poultry,4,6.3,TRUE,3
BW500799,BR-22,M,27,retail shop,7,5.4,FALSE,0
BW500800,BR-22,F,46,carpentry,5,0.5,TRUE,4
BW500801,BR-09,F,33,masonry,3,3.5,False,9
BW500802,BR-11,M,44,food vending,2,4.2,0,2
BW500803,BR-21,F,36,food vending,4,1.5,no,3
BW500804,BR-18,F,51,phone repair,4,7.1,False,0
BW500805,BR-02,F,32,food vending,6,8.3,0,9
BW500806,BR-24,F,62,hairdressing,3,5.2,no,4
BW500807,BR-07,M,20,tailoring,8,1.2,0,2
BW500808,BR-15,M,28,retail shop,3,1.9,no,6
BW500809,BR-17,M,62,teaching,4,9.7,FALSE,1
BW500810,BR-14,F,48,carpentry,4,8.1,1,3
BW500811,BR-14,F,42,hairdressing,10,3.7,True,0
BW500812,BR-07,F,36,farming,10,6.1,no,1
BW500813,BR-10,F,21,carpentry,3,7.6,True,2
BW500814,BR-09,F,46,hairdressing,12,6.7,TRUE,6
BW500815,BR-14,M,55,hairdressing,5,5.0,1,1
BW500816,BR-04,M,25,carpentry,3,2.6,False,6
BW500817,BR-13,F,20,tailoring,3,4.8,True,0
BW500818,BR-10,M,45,food vending,8,1.5,FALSE,1
BW500819,BR-05,F,55,carpentry,3,4.3,0,0
BW500820,BR-07,M,47,food vending,9,2.9,FALSE,2
BW500821,BR-15,M,39,masonry,4,8.7,no,3
BW500822,BR-03,F,57,food vending,11,1.4,0,4
BW500823,BR-17,M,40,food vending,12,5.0,no,2
BW500824,BR-17,M,44,retail shop,11,8.0,0,9
BW500825,BR-03,F,47,phone repair,7,11.4,1,0
BW500826,BR-04,M,20,retail shop,3,4.4,True,1
BW500827,BR-24,M,63,teaching,10,4.4,False,6
BW500828,BR-07,F,47,poultry,9,6.4,0,9
BW500829,BR-11,M,59,hairdressing,6,4.5,False,6
BW500830,BR-06,F,27,farming,4,7.2,False,1
BW500831,BR-04,F,56,transport,3,2.3,True,3
BW500832,BR-08,F,55,masonry,8,4.6,0,0
BW500833,BR-16,M,26,retail shop,7,6.0,1,0
BW500834,BR-11,M,26,food vending,9,0.7,False,4
BW500835,BR-09,F,26,phone repair,12,7.8,False,1
BW500836,BR-05,F,63,food vending,5,6.1,no,1
BW500837,BR-21,M,39,transport,7,7.7,True,3
BW500838,BR-16,M,25,retail shop,12,2.1,TRUE,3
BW500839,BR-10,F,49,hairdressing,2,4.8,1,2
BW500840,BR-17,F,53,hairdressing,1,7.8,False,9
BW500841,BR-18,F,20,farming,6,3.2,TRUE,2
BW500842,BR-06,M,41,retail shop,12,2.2,TRUE,4
BW500843,BR-12,M,26,tailoring,3,9.0,FALSE,4
BW500844,BR-18,F,21,teaching,12,2.1,no,9
BW500845,BR-19,M,24,food vending,4,7.5,no,9
BW500846,BR-23,F,48,retail shop,5,3.8,True,4
BW500847,BR-19,F,26,farming,2,0.4,TRUE,1
BW500848,BR-17,M,27,transport,1,3.0,1,6
BW500849,BR-16,M,53,teaching,6,9.4,1,2
BW500850,BR-20,F,57,tailoring,11,3.5,True,1
BW500851,BR-12,F,58,teaching,6,4.8,0,0
BW500852,BR-08,F,33,farming,4,10.1,True,6
BW500853,BR-20,F,57,masonry,3,6.6,True,1
BW500854,BR-19,M,46,carpentry,10,1.9,TRUE,0
BW500855,BR-19,M,45,poultry,5,5.6,yes,6
BW500856,BR-18,F,51,phone repair,8,11.6,TRUE,3
BW500857,BR-18,F,46,carpentry,1,5.8,1,1
BW500858,BR-05,M,58,masonry,11,3.5,FALSE,6
BW500859,BR-14,M,37,carpentry,1,4.9,0,1
BW500860,BR-04,F,24,hairdressing,8,9.8,True,0
BW500861,BR-03,F,41,retail shop,1,12.2,1,9
BW500862,BR-21,F,22,teaching,3,3.8,0,6
BW500863,BR-10,M,29,hairdressing,12,3.9,0,0
BW500864,BR-11,F,45,tailoring,8,8.3,no,2
BW500865,BR-13,M,52,phone repair,6,2.9,no,1
BW500866,BR-22,F,19,teaching,3,3.8,0,4
BW500867,BR-08,M,32,retail shop,10,1.0,1,4
BW500868,BR-19,M,61,phone repair,10,4.7,FALSE,4
BW500869,BR-11,F,60,food vending,6,6.9,yes,6
BW500870,BR-16,M,25,masonry,5,4.2,no,0
BW500871,BR-09,M,40,food vending,4,7.9,0,2
BW500872,BR-02,F,47,poultry,7,7.7,yes,6
BW500873,BR-09,F,38,poultry,5,1.1,yes,3
BW500874,BR-09,F,43,farming,10,9.0,TRUE,0
BW500875,BR-03,F,25,poultry,8,7.0,yes,6
BW500876,BR-13,M,33,petty trade,1,8.8,FALSE,9
BW500877,BR-15,F,24,carpentry,12,7.9,yes,1
BW500878,BR-11,M,37,hairdressing,9,4.2,False,9
BW500879,BR-22,F,48,carpentry,4,10.4,0,9
BW500880,BR-16,F,36,masonry,11,10.7,True,4
BW500881,BR-01,F,36,hairdressing,12,1.2,no,3
BW500882,BR-18,F,40,tailoring,12,11.5,False,9
BW500883,BR-07,F,28,carpentry,7,6.6,TRUE,1
BW500884,BR-24,M,51,carpentry,8,1.5,yes,2
BW500885,BR-08,M,59,transport,5,8.3,FALSE,3
BW500886,BR-10,F,41,farming,3,1.7,FALSE,1
BW500887,BR-13,M,46,carpentry,3,3.4,1,4
BW500888,BR-10,F,41,hairdressing,10,6.8,0,3
BW500889,BR-11,F,55,transport,7,5.3,True,6
BW500890,BR-03,F,26,hairdressing,5,8.3,yes,4
BW500891,BR-05,M,46,phone repair,1,5.3,0,0
BW500892,BR-17,M,38,tailoring,10,8.5,yes,0
BW500893,BR-16,F,37,phone repair,12,10.2,yes,1
BW500894,BR-14,M,30,poultry,7,6.6,no,1
BW500895,BR-07,F,46,hairdressing,12,3.4,FALSE,0
BW500896,BR-05,F,57,phone repair,7,12.5,1,2
BW500897,BR-08,F,36,poultry,10,1.2,False,1
BW500898,BR-19,F,30,retail shop,8,1.5,True,0
BW500899,BR-16,M,49,teaching,1,0.3,no,6
BW500900,BR-16,F,27,masonry,2,5.5,TRUE,4
BW500901,BR-11,F,64,food vending,2,2.1,1,1
BW500902,BR-12,M,57,food vending,7,3.8,TRUE,1
BW500903,BR-24,F,51,poultry,1,13.0,FALSE,3
BW500904,BR-10,M,62,poultry,2,2.3,0,2
BW500905,BR-07,M,34,hairdressing,7,7.4,0,1
BW500906,BR-02,F,61,food vending,12,4.4,yes,6
BW500907,BR-23,M,54,poultry,11,9.5,TRUE,1
BW500908,BR-01,M,45,carpentry,4,7.6,yes,1
BW500909,BR-22,M,51,carpentry,2,2.4,yes,6
BW500910,BR-05,F,39,farming,5,5.4,True,3
BW500911,BR-05,F,20,carpentry,5,11.4,no,0
BW500912,BR-15,M,60,tailoring,4,8.3,TRUE,0
BW500913,BR-18,F,36,food vending,10,8.8,yes,9
BW500914,BR-01,F,48,petty trade,3,2.5,FALSE,0
BW500915,BR-04,M,47,petty trade,12,6.6,no,6
BW500916,BR-16,F,41,teaching,6,0.3,0,9
BW500917,BR-06,F,28,petty trade,9,3.1,no,6
BW500918,BR-22,F,30,teaching,2,2.3,1,3
BW500919,BR-22,F,64,masonry,10,10.2,no,3
BW500920,BR-10,F,58,teaching,10,5.0,no,1
BW500921,BR-01,F,61,transport,4,8.9,TRUE,4
BW500922,BR-06,F,35,retail shop,7,0.6,False,9
BW500923,BR-14,F,52,retail shop,11,9.1,True,9
BW500924,BR-18,F,38,hairdressing,1,7.3,False,1
BW500925,BR-09,M,21,masonry,7,6.6,0,4
BW500926,BR-15,F,30,phone repair,5,4.8,no,3
BW500927,BR-05,F,29,tailoring,10,3.6,yes,6
BW500928,BR-10,F,46,transport,11,10.3,yes,6
BW500929,BR-08,M,24,phone repair,12,10.5,False,9
BW500930,BR-20,F,35,farming,5,2.4,1,3
BW500931,BR-08,F,57,hairdressing,5,7.9,TRUE,9
BW500932,BR-24,F,36,phone repair,1,12.1,FALSE,2
BW500933,BR-15,F,53,masonry,7,10.4,TRUE,9
BW500934,BR-05,M,54,carpentry,6,9.8,False,9
BW500935,BR-09,M,43,masonry,10,3.1,1,0
BW500936,BR-13,F,28,poultry,8,4.4,False,1
BW500937,BR-20,M,57,food vending,8,3.9,0,4
BW500938,BR-03,M,30,phone repair,8,4.4,False,9
BW500939,BR-02,M,55,transport,5,5.3,True,4
BW500940,BR-08,M,34,poultry,11,1.4,True,0
BW500941,BR-03,M,35,poultry,4,1.7,True,9
BW500942,BR-08,F,37,petty trade,11,3.8,no,0
BW500943,BR-05,F,29,tailoring,5,3.5,1,1
BW500944,BR-10,F,36,carpentry,6,7.7,True,6
BW500945,BR-18,M,59,carpentry,8,1.7,yes,0
BW500946,BR-20,F,48,hairdressing,1,9.6,no,4
BW500947,BR-17,M,58,masonry,6,1.9,0,1
BW500948,BR-23,M,21,hairdressing,5,5.2,False,6
BW500949,BR-14,F,44,poultry,2,2.0,False,2
BW500950,BR-13,F,23,petty trade,12,9.8,no,0
BW500951,BR-23,F,19,hairdressing,5,5.5,1,9
BW500952,BR-06,M,20,poultry,7,9.3,False,0
BW500953,BR-19,F,58,carpentry,7,4.8,1,0
BW500954,BR-08,F,31,hairdressing,5,9.8,FALSE,3
BW500955,BR-12,M,53,farming,9,3.0,no,0
BW500956,BR-07,F,27,poultry,12,2.2,False,4
BW500957,BR-11,F,54,teaching,3,7.0,yes,3
BW500958,BR-15,F,64,carpentry,7,5.0,yes,0
BW500959,BR-10,F,23,retail shop,2,4.3,yes,4
BW500960,BR-05,M,44,phone repair,10,2.0,True,4
BW500961,BR-01,F,42,petty trade,4,5.6,False,0
BW500962,BR-04,F,35,phone repair,2,12.1,no,2
BW500963,BR-09,M,44,farming,1,2.9,TRUE,6
BW500964,BR-01,M,49,poultry,10,5.4,yes,4
BW500965,BR-18,F,64,petty trade,2,2.5,no,2
BW500966,BR-23,F,37,tailoring,6,2.4,no,3
BW500967,BR-12,F,52,tailoring,5,0.6,yes,2
BW500968,BR-14,M,49,petty trade,5,5.1,no,3
BW500969,BR-03,F,47,carpentry,10,9.2,yes,2
BW500970,BR-14,M,52,farming,10,4.4,0,1
BW500971,BR-11,F,22,retail shop,3,6.9,TRUE,1
BW500972,BR-13,M,46,farming,2,9.9,1,3
BW500973,BR-21,M,39,farming,8,7.7,1,0
BW500974,BR-23,M,39,poultry,4,1.1,TRUE,9
BW500975,BR-13,M,52,farming,7,3.0,1,0
BW500976,BR-14,F,42,farming,6,4.3,yes,3
BW500977,BR-05,F,48,petty trade,6,7.9,no,2
BW500978,BR-24,F,31,masonry,1,3.2,1,9
BW500979,BR-24,M,61,hairdressing,2,0.8,TRUE,1
BW500980,BR-17,M,28,masonry,1,10.8,TRUE,1
BW500981,BR-14,F,35,poultry,3,6.1,no,2
BW500982,BR-03,F,29,tailoring,6,0.5,0,2
BW500983,BR-23,F,54,carpentry,2,12.7,1,1
BW500984,BR-06,F,54,petty trade,6,2.2,1,0
BW500985,BR-11,M,57,hairdressing,1,6.7,FALSE,3
BW500986,BR-16,F,22,carpentry,4,7.1,True,1
BW500987,BR-19,F,56,teaching,2,0.7,FALSE,2
BW500988,BR-12,M,41,farming,4,5.2,FALSE,1
BW500989,BR-06,F,23,petty trade,4,6.4,no,0
BW500990,BR-09,F,55,food vending,1,1.8,0,2
BW500991,BR-06,F,64,teaching,2,6.9,yes,9
BW500992,BR-14,M,41,transport,2,7.3,True,4
BW500993,BR-04,F,24,retail shop,5,5.6,False,6
BW500994,BR-14,M,47,food vending,9,11.0,1,3
BW500995,BR-11,F,40,phone repair,2,4.6,FALSE,1
BW500996,BR-14,F,48,retail shop,4,3.8,FALSE,3
BW500997,BR-05,M,53,teaching,11,4.6,True,2
BW500998,BR-16,F,38,phone repair,9,4.9,FALSE,9
BW500999,BR-01,F,48,petty trade,12,7.7,no,4
BW501000,BR-20,F,41,farming,6,4.2,0,6
BW501001,BR-20,F,45,retail shop,7,4.4,yes,3
BW501002,BR-07,M,59,tailoring,6,13.0,FALSE,9
BW501003,BR-03,F,53,tailoring,11,7.1,TRUE,3
BW501004,BR-04,F,41,teaching,12,5.0,1,1
BW501005,BR-24,F,41,hairdressing,10,6.1,1,4
BW501006,BR-15,F,28,transport,7,3.6,False,0
BW501007,BR-22,F,24,masonry,10,5.0,TRUE,1
BW501008,BR-23,F,21,retail shop,8,4.3,no,3
BW501009,BR-09,F,60,tailoring,4,1.3,FALSE,6
BW501010,BR-02,F,51,phone repair,6,6.8,1,9
BW501011,BR-12,F,64,retail shop,3,5.1,yes,3
BW501012,BR-02,F,59,hairdressing,8,1.8,1,1
BW501013,BR-14,F,28,masonry,8,0.4,1,2
BW501014,BR-03,F,59,carpentry,7,7.9,False,3
BW501015,BR-11,M,42,farming,7,4.9,True,4
BW501016,BR-21,F,38,tailoring,5,10.1,False,1
BW501017,BR-13,F,29,phone repair,2,1.7,yes,0
BW501018,BR-10,M,28,retail shop,7,9.9,0,2
BW501019,BR-08,F,29,retail shop,4,3.0,FALSE,1
BW501020,BR-09,F,42,food vending,8,5.2,no,4
BW501021,BR-13,F,42,food vending,11,3.2,1,3
BW501022,BR-23,F,40,hairdressing,10,6.3,0,3
BW501023,BR-11,F,38,petty trade,2,5.6,TRUE,6
BW501024,BR-12,F,44,retail shop,7,5.5,0,1
BW501025,BR-17,M,28,hairdressing,5,6.1,TRUE,0
BW501026,BR-23,M,34,food vending,9,11.3,TRUE,1
BW501027,BR-01,F,61,food vending,5,2.3,True,0
BW501028,BR-05,F,50,tailoring,2,4.0,False,0
BW501029,BR-21,F,38,phone repair,7,2.1,1,9
BW501030,BR-01,F,59,masonry,8,1.4,TRUE,3
BW501031,BR-19,F,21,phone repair,7,1.7,True,1
BW501032,BR-09,F,37,carpentry,5,6.6,False,4
BW501033,BR-19,M,56,hairdressing,7,11.5,FALSE,1
BW501034,BR-14,F,47,transport,7,9.5,TRUE,2
BW501035,BR-07,M,39,hairdressing,9,8.4,TRUE,0
BW501036,BR-01,F,26,poultry,7,2.3,yes,0
BW501037,BR-23,F,34,masonry,4,5.1,yes,1
BW501038,BR-14,F,54,masonry,5,6.9,False,9
BW501039,BR-01,M,52,phone repair,5,4.1,1,0
BW501040,BR-24,F,35,tailoring,9,0.7,1,1
BW501041,BR-05,F,27,masonry,12,5.1,0,9
BW501042,BR-10,F,44,masonry,4,8.2,False,1
BW501043,BR-07,F,28,poultry,2,5.7,1,1
BW501044,BR-20,F,39,food vending,6,0.9,1,0
BW501045,BR-17,F,22,hairdressing,11,5.7,0,1
BW501046,BR-22,F,25,phone repair,9,4.7,FALSE,2
BW501047,BR-09,F,38,food vending,11,6.1,TRUE,9
BW501048,BR-06,M,30,carpentry,8,3.2,False,6
BW501049,BR-05,F,53,tailoring,6,11.5,False,9
BW501050,BR-24,F,54,food vending,2,2.3,False,4
BW501051,BR-11,M,21,petty trade,7,6.6,TRUE,4
BW501052,BR-24,M,27,masonry,12,12.4,yes,0
BW501053,BR-14,M,43,teaching,7,8.0,False,1
BW501054,BR-11,F,27,hairdressing,8,0.3,TRUE,0
BW501055,BR-12,F,27,petty trade,7,0.5,False,3
BW501056,BR-03,M,54,tailoring,5,4.1,yes,6
BW501057,BR-11,M,23,masonry,9,4.2,1,0
BW501058,BR-17,F,40,petty trade,5,3.9,no,6
BW501059,BR-16,F,20,farming,5,7.3,no,4
BW501060,BR-08,F,48,food vending,12,6.0,0,0
BW501061,BR-22,M,63,carpentry,11,10.2,True,2
BW501062,BR-10,F,19,farming,2,7.4,1,0
BW501063,BR-04,F,59,carpentry,8,2.2,1,2
BW501064,BR-20,F,56,farming,6,2.9,1,4
BW501065,BR-08,F,33,tailoring,10,6.7,TRUE,6
BW501066,BR-20,F,46,transport,3,5.2,0,1
BW501067,BR-13,F,56,transport,9,0.5,no,9
BW501068,BR-13,M,30,petty trade,11,9.7,True,9
BW501069,BR-08,F,36,food vending,8,3.6,True,0
BW501070,BR-14,F,31,retail shop,4,11.8,TRUE,1
BW501071,BR-03,F,57,retail shop,8,1.0,True,1
BW501072,BR-08,F,47,teaching,12,7.2,yes,1
BW501073,BR-18,F,28,food vending,6,7.1,no,6
BW501074,BR-08,F,34,poultry,3,4.7,TRUE,1
BW501075,BR-10,M,59,petty trade,11,0.3,True,2
BW501076,BR-24,F,34,teaching,12,8.9,False,6
BW501077,BR-01,F,23,retail shop,6,7.7,False,9
BW501078,BR-14,F,64,retail shop,11,10.0,FALSE,0
BW501079,BR-20,F,51,farming,2,5.1,True,4
BW501080,BR-07,M,45,petty trade,8,7.2,yes,3
BW501081,BR-19,M,33,phone repair,3,3.6,TRUE,9
BW501082,BR-22,M,63,tailoring,7,2.8,yes,6
BW501083,BR-05,F,22,transport,7,2.8,1,6
BW501084,BR-07,F,24,transport,2,7.8,False,1
BW501085,BR-23,M,60,farming,12,9.9,TRUE,6
BW501086,BR-15,M,32,masonry,11,4.1,True,0
BW501087,BR-06,M,56,phone repair,11,1.7,0,4
BW501088,BR-07,F,57,teaching,7,0.8,yes,1
BW501089,BR-24,F,41,retail shop,12,6.5,no,6
BW501090,BR-03,F,21,poultry,10,2.8,0,4
BW501091,BR-17,F,53,hairdressing,7,9.3,TRUE,0
BW501092,BR-04,F,29,farming,6,6.6,1,4
BW501093,BR-10,M,48,poultry,8,6.3,False,1
BW501094,BR-22,M,41,poultry,9,6.4,no,3
BW501095,BR-22,M,45,food vending,9,8.2,1,9
BW501096,BR-05,F,61,transport,10,7.5,no,0
BW501097,BR-11,F,55,carpentry,7,10.9,FALSE,6
BW501098,BR-17,F,25,masonry,2,0.9,False,4
BW501099,BR-09,M,61,hairdressing,3,4.3,True,1
BW501100,BR-05,M,54,carpentry,3,2.8,1,9
BW501101,BR-06,F,60,petty trade,8,4.0,yes,9
BW501102,BR-22,F,48,food vending,11,11.9,yes,2
BW501103,BR-21,F,43,tailoring,2,4.2,TRUE,0
BW501104,BR-12,F,21,petty trade,7,0.7,TRUE,0
BW501105,BR-24,F,23,teaching,10,7.1,no,0
BW501106,BR-24,M,62,hairdressing,4,4.0,False,1
BW501107,BR-10,F,58,phone repair,6,8.6,no,6
BW501108,BR-17,F,40,phone repair,9,3.4,False,9
BW501109,BR-13,F,37,food vending,6,6.9,no,6
BW501110,BR-07,F,56,teaching,12,9.1,yes,6
BW501111,BR-10,M,33,poultry,6,2.7,True,1
BW501112,BR-08,F,63,hairdressing,5,8.7,0,2
BW501113,BR-17,F,44,teaching,9,11.6,True,1
BW501114,BR-06,F,47,phone repair,3,0.8,True,1
BW501115,BR-05,M,45,transport,4,6.0,True,1
BW501116,BR-22,M,51,hairdressing,1,7.0,True,1
BW501117,BR-01,M,27,masonry,8,0.8,FALSE,1
BW501118,BR-21,F,27,carpentry,3,11.4,1,1
BW501119,BR-04,F,34,food vending,7,2.3,0,0
BW501120,BR-24,F,63,poultry,6,2.0,TRUE,0
BW501121,BR-23,F,43,petty trade,1,1.2,yes,0
BW501122,BR-04,M,19,petty trade,11,4.1,1,0
BW501123,BR-18,M,57,carpentry,4,11.3,FALSE,4
BW501124,BR-10,M,36,transport,9,4.4,1,0
BW501125,BR-16,F,64,food vending,4,10.7,True,0
BW501126,BR-16,F,23,tailoring,9,5.9,TRUE,1
BW501127,BR-05,M,23,hairdressing,5,4.8,FALSE,1
BW501128,BR-03,F,43,farming,4,0.9,True,1
BW501129,BR-10,F,54,poultry,8,1.7,1,9
BW501130,BR-22,F,51,phone repair,6,7.4,FALSE,4
BW501131,BR-12,F,33,hairdressing,8,9.4,yes,2
BW501132,BR-08,F,43,phone repair,5,2.2,yes,2
BW501133,BR-18,F,58,masonry,2,3.9,FALSE,1
BW501134,BR-20,M,59,phone repair,2,5.1,1,0
BW501135,BR-08,M,56,hairdressing,1,9.7,no,3
BW501136,BR-11,F,64,hairdressing,7,3.1,no,9
BW501137,BR-02,F,40,hairdressing,5,9.7,no,4
BW501138,BR-21,F,38,phone repair,7,3.1,FALSE,9
BW501139,BR-16,F,26,teaching,7,4.9,TRUE,6
BW501140,BR-18,M,30,transport,12,2.6,no,3
BW501141,BR-24,F,54,teaching,7,6.3,FALSE,3
BW501142,BR-02,F,53,teaching,5,6.8,yes,4
BW501143,BR-15,M,50,transport,2,1.4,TRUE,3
BW501144,BR-12,F,61,farming,12,4.8,TRUE,9
BW501145,BR-24,F,27,retail shop,3,3.4,0,1
BW501146,BR-04,F,57,masonry,8,3.4,1,0
BW501147,BR-21,F,47,poultry,8,2.1,TRUE,1
BW501148,BR-11,F,42,farming,8,12.4,False,6
BW501149,BR-05,M,57,masonry,6,6.3,FALSE,6
BW501150,BR-15,F,45,carpentry,6,8.0,1,6
BW501151,BR-17,F,48,poultry,11,1.0,False,1
BW501152,BR-04,F,55,food vending,11,2.5,0,0
BW501153,BR-14,M,48,carpentry,2,11.0,0,0
BW501154,BR-16,M,27,farming,1,12.5,TRUE,9
BW501155,BR-09,F,59,petty trade,11,8.4,no,3
BW501156,BR-10,M,41,poultry,5,7.5,FALSE,1
BW501157,BR-10,F,41,farming,1,2.4,FALSE,2
BW501158,BR-04,F,38,retail shop,6,5.8,no,1
BW501159,BR-05,M,57,phone repair,7,9.6,yes,1
BW501160,BR-16,M,44,teaching,4,8.2,yes,1
BW501161,BR-10,M,64,masonry,5,11.0,False,0
BW501162,BR-24,F,57,petty trade,4,8.0,no,0
BW501163,BR-12,F,53,petty trade,7,7.4,True,6
BW501164,BR-12,M,43,teaching,11,1.8,FALSE,6
BW501165,BR-08,F,60,petty trade,5,7.2,True,6
BW501166,BR-04,M,44,petty trade,1,5.0,0,2
BW501167,BR-04,M,40,transport,6,6.8,FALSE,3
BW501168,BR-08,F,22,farming,11,3.4,1,0
BW501169,BR-08,M,20,retail shop,10,3.2,FALSE,1
BW501170,BR-05,M,63,carpentry,10,1.5,FALSE,6
BW501171,BR-22,F,30,retail shop,3,2.1,True,0
BW501172,BR-06,F,30,teaching,4,8.4,0,9
BW501173,BR-21,F,26,phone repair,7,6.3,False,0
BW501174,BR-14,M,40,carpentry,6,11.3,False,3
BW501175,BR-14,F,58,transport,9,8.3,True,0
BW501176,BR-17,F,23,hairdressing,3,6.7,False,0
BW501177,BR-02,M,41,transport,8,1.5,FALSE,0
BW501178,BR-23,F,31,retail shop,1,9.3,FALSE,1
BW501179,BR-06,F,28,teaching,2,10.5,FALSE,0
BW501180,BR-12,M,25,masonry,4,8.7,no,1
BW501181,BR-01,F,46,transport,7,14.0,False,6
BW501182,BR-10,M,50,poultry,6,7.0,TRUE,9
BW501183,BR-01,F,30,carpentry,11,4.6,yes,2
BW501184,BR-12,M,48,masonry,5,3.2,True,3
BW501185,BR-12,F,36,masonry,9,1.5,True,0
BW501186,BR-16,F,24,hairdressing,9,4.3,yes,4
BW501187,BR-16,M,45,farming,1,6.0,True,9
BW501188,BR-05,M,33,transport,6,1.0,no,2
BW501189,BR-11,M,57,retail shop,8,2.2,1,1
BW501190,BR-10,F,34,hairdressing,7,8.5,1,2
BW501191,BR-12,M,47,teaching,7,6.6,False,6
BW501192,BR-20,M,44,tailoring,2,15.6,False,1
BW501193,BR-13,F,38,retail shop,9,11.3,TRUE,1
BW501194,BR-08,M,52,transport,5,0.3,True,2
BW501195,BR-04,F,56,transport,9,8.1,no,0
BW501196,BR-07,M,34,poultry,10,2.8,yes,9
BW501197,BR-06,F,30,food vending,4,5.6,FALSE,2
BW501198,BR-18,M,43,poultry,4,6.7,TRUE,0
BW501199,BR-13,F,25,transport,10,1.1,no,9
BW501200,BR-23,F,61,carpentry,4,3.5,True,3
BW501201,BR-02,M,38,poultry,3,3.8,no,6
BW501202,BR-03,F,27,petty trade,12,7.5,TRUE,0
BW501203,BR-06,F,24,food vending,7,5.7,yes,0
BW501204,BR-18,F,57,food vending,8,9.1,yes,3
BW501205,BR-05,F,35,poultry,1,14.6,TRUE,1
BW501206,BR-04,M,34,petty trade,8,0.8,no,0
BW501207,BR-05,F,64,teaching,11,11.9,1,1
BW501208,BR-05,F,23,transport,11,1.2,0,2
BW501209,BR-21,F,59,food vending,3,8.7,0,6
BW501210,BR-12,M,43,masonry,8,4.5,TRUE,1
BW501211,BR-22,M,32,food vending,7,4.5,False,1
BW501212,BR-19,F,50,phone repair,2,2.1,0,9
BW501213,BR-22,F,54,farming,2,2.0,1,4
BW501214,BR-16,M,40,carpentry,6,7.2,False,2
BW501215,BR-08,F,42,hairdressing,5,13.1,TRUE,0
BW501216,BR-11,F,54,retail shop,2,5.3,TRUE,1
BW501217,BR-03,F,25,masonry,5,4.7,False,0
BW501218,BR-06,F,30,transport,9,2.0,yes,4
BW501219,BR-09,F,60,poultry,11,15.2,False,3
BW501220,BR-07,M,24,poultry,3,2.4,0,0
BW501221,BR-10,F,35,poultry,12,2.6,TRUE,1
BW501222,BR-19,M,32,hairdressing,6,8.1,FALSE,3
BW501223,BR-19,F,51,phone repair,2,3.4,True,0
BW501224,BR-12,F,57,carpentry,11,3.5,0,0
BW501225,BR-19,M,33,retail shop,8,9.9,TRUE,6
BW501226,BR-17,F,56,teaching,9,3.9,no,6
BW501227,BR-14,F,37,phone repair,1,8.2,True,1
BW501228,BR-11,F,55,tailoring,9,5.0,FALSE,0
BW501229,BR-18,M,22,carpentry,3,7.5,0,4
BW501230,BR-01,F,28,teaching,12,6.3,no,0
BW501231,BR-05,M,40,petty trade,8,1.6,1,9
BW501232,BR-10,F,43,farming,7,3.8,TRUE,2
BW501233,BR-20,F,23,carpentry,7,1.9,1,0
BW501234,BR-05,F,64,food vending,3,3.8,no,6
BW501235,BR-04,F,57,food vending,9,0.4,FALSE,1
BW501236,BR-22,F,43,food vending,12,4.6,FALSE,4
BW501237,BR-22,M,38,petty trade,1,10.7,1,0
BW501238,BR-09,F,29,farming,8,6.5,FALSE,0
BW501239,BR-09,M,57,carpentry,1,14.8,TRUE,0
BW501240,BR-22,F,32,masonry,6,5.0,1,9
BW501241,BR-16,M,44,food vending,4,4.8,1,0
BW501242,BR-12,F,56,retail shop,2,1.2,True,1
BW501243,BR-19,F,30,petty trade,10,5.7,FALSE,6
BW501244,BR-08,M,58,hairdressing,3,7.9,no,2
BW501245,BR-21,F,64,phone repair,1,8.1,1,2
BW501246,BR-12,M,33,retail shop,1,10.2,True,3
BW501247,BR-17,F,22,farming,3,5.7,False,1
BW501248,BR-14,F,64,farming,8,6.5,TRUE,0
BW501249,BR-02,M,52,petty trade,5,3.5,False,1
BW501250,BR-22,F,57,phone repair,6,3.8,TRUE,1
BW501251,BR-19,F,44,petty trade,9,1.3,TRUE,1
BW501252,BR-15,F,22,teaching,4,7.3,True,1
BW501253,BR-16,F,36,tailoring,7,5.7,False,4
BW501254,BR-18,F,46,transport,3,3.4,TRUE,9
BW501255,BR-20,F,49,hairdressing,7,6.8,False,9
BW501256,BR-11,M,29,poultry,5,13.1,False,9
BW501257,BR-08,M,56,petty trade,6,11.9,0,1
BW501258,BR-02,F,34,masonry,4,7.3,1,4
BW501259,BR-04,M,47,hairdressing,10,7.5,False,6
BW501260,BR-15,F,51,food vending,4,5.8,no,2
BW501261,BR-10,F,21,farming,2,10.0,True,3
BW501262,BR-01,F,60,masonry,10,11.8,False,3
BW501263,BR-17,F,31,teaching,9,6.8,False,1
BW501264,BR-07,F,49,teaching,2,3.3,False,1
BW501265,BR-08,M,39,carpentry,4,3.9,False,1
BW501266,BR-01,F,55,retail shop,11,11.1,yes,3
BW501267,BR-03,F,38,masonry,10,4.9,yes,4
BW501268,BR-22,F,33,teaching,10,8.8,yes,0
BW501269,BR-04,F,49,teaching,2,18.4,no,1
BW501270,BR-19,F,36,tailoring,10,8.0,FALSE,1
BW501271,BR-04,F,28,retail shop,9,9.7,yes,2
BW501272,BR-24,M,58,teaching,2,12.3,yes,0
BW501273,BR-06,F,30,farming,7,11.2,True,2
BW501274,BR-22,F,59,hairdressing,10,7.7,yes,1
BW501275,BR-13,F,44,petty trade,11,7.1,1,3
BW501276,BR-05,M,56,tailoring,3,5.8,TRUE,2
BW501277,BR-18,F,33,carpentry,1,6.5,TRUE,9
BW501278,BR-20,F,37,farming,7,10.8,FALSE,9
BW501279,BR-07,F,27,poultry,11,0.5,False,1
BW501280,BR-19,M,54,petty trade,2,4.3,True,1
BW501281,BR-23,F,48,masonry,2,7.7,FALSE,0
BW501282,BR-11,F,44,tailoring,9,1.6,TRUE,9
BW501283,BR-16,F,54,farming,3,12.7,0,1
BW501284,BR-11,M,20,food vending,10,0.4,False,0
BW501285,BR-09,F,28,hairdressing,10,3.6,1,2
BW501286,BR-09,F,30,teaching,6,4.9,0,9
BW501287,BR-17,F,51,retail shop,9,2.3,False,1
BW501288,BR-20,F,48,phone repair,1,2.2,1,1
BW501289,BR-21,F,55,teaching,2,6.3,no,3
BW501290,BR-14,F,25,phone repair,11,4.2,1,9
BW501291,BR-08,F,35,retail shop,9,3.3,1,1
BW501292,BR-08,M,22,masonry,5,14.3,True,1
BW501293,BR-09,F,45,phone repair,7,3.9,True,3
BW501294,BR-12,F,55,farming,8,4.4,no,3
BW501295,BR-12,M,47,transport,11,4.2,FALSE,2
BW501296,BR-03,M,62,tailoring,2,1.6,1,3
BW501297,BR-10,F,21,phone repair,9,8.9,TRUE,1
BW501298,BR-11,M,40,masonry,8,2.5,False,1
BW501299,BR-23,F,44,masonry,2,3.5,TRUE,3
BW501300,BR-02,F,40,carpentry,7,9.9,no,3
BW501301,BR-14,F,27,retail shop,5,4.6,True,0
BW501302,BR-05,M,24,hairdressing,8,6.2,False,0
BW501303,BR-11,F,59,tailoring,11,4.0,no,1
BW501304,BR-22,F,60,masonry,3,3.6,0,1
BW501305,BR-02,F,38,masonry,4,6.6,TRUE,1
BW501306,BR-15,F,31,teaching,1,0.5,False,2
BW501307,BR-23,F,43,masonry,11,11.4,FALSE,4
BW501308,BR-10,F,62,masonry,1,8.0,True,9
BW501309,BR-10,M,44,phone repair,10,6.9,no,0
BW501310,BR-03,F,20,farming,4,9.1,FALSE,9
BW501311,BR-14,M,38,poultry,9,0.5,True,1
BW501312,BR-11,F,55,tailoring,1,7.4,False,6
BW501313,BR-14,F,31,farming,3,4.5,False,1
BW501314,BR-01,F,24,phone repair,1,10.1,yes,9
BW501315,BR-12,F,45,phone repair,7,9.0,False,1
BW501316,BR-02,M,32,poultry,10,2.0,1,9
BW501317,BR-15,F,51,phone repair,9,4.7,False,1
BW501318,BR-22,F,35,carpentry,9,1.2,yes,2
BW501319,BR-13,M,60,petty trade,10,0.7,False,0
BW501320,BR-05,F,34,food vending,3,4.4,0,0
BW501321,BR-10,M,60,hairdressing,1,2.4,0,3
BW501322,BR-01,F,33,retail shop,7,12.2,0,0
BW501323,BR-10,M,26,hairdressing,10,1.0,True,1
BW501324,BR-09,F,35,carpentry,5,6.2,1,6
BW501325,BR-07,M,54,phone repair,6,0.3,TRUE,4
BW501326,BR-23,F,41,food vending,10,7.5,0,1
BW501327,BR-01,M,46,farming,7,4.4,0,1
BW501328,BR-17,M,24,farming,7,4.1,0,0
BW501329,BR-17,F,44,food vending,2,6.7,TRUE,0
BW501330,BR-07,F,62,food vending,4,1.5,TRUE,9
BW501331,BR-06,F,24,teaching,8,10.3,False,0
BW501332,BR-10,F,47,retail shop,9,3.9,True,1
BW501333,BR-13,F,52,poultry,2,4.0,1,3
BW501334,BR-13,F,59,teaching,7,3.4,yes,9
BW501335,BR-24,M,59,carpentry,8,6.9,yes,1
BW501336,BR-11,F,37,farming,6,0.8,False,1
BW501337,BR-09,F,49,tailoring,8,1.7,TRUE,3
BW501338,BR-05,M,35,masonry,6,10.0,True,4
BW501339,BR-05,M,61,carpentry,2,7.2,True,2
BW501340,BR-04,M,61,carpentry,4,10.5,TRUE,0
BW501341,BR-19,F,40,phone repair,11,0.5,False,1
BW501342,BR-09,F,37,transport,2,0.4,FALSE,4
BW501343,BR-15,M,47,petty trade,6,3.5,FALSE,1
BW501344,BR-23,F,53,tailoring,7,7.8,FALSE,2
BW501345,BR-05,M,40,food vending,2,2.1,False,1
BW501346,BR-21,M,35,food vending,9,10.1,FALSE,9
BW501347,BR-16,F,57,farming,2,2.8,True,6
BW501348,BR-23,F,50,teaching,5,4.5,True,0
BW501349,BR-10,M,25,retail shop,9,2.7,FALSE,0
BW501350,BR-04,F,56,hairdressing,5,12.7,True,3
BW501351,BR-04,M,55,petty trade,12,6.4,False,3
BW501352,BR-18,M,44,phone repair,3,6.9,TRUE,1
BW501353,BR-16,F,31,food vending,6,2.5,FALSE,3
BW501354,BR-21,F,62,transport,7,3.0,0,0
BW501355,BR-17,F,35,teaching,1,1.5,yes,1
BW501356,BR-03,M,27,phone repair,5,5.3,0,2
BW501357,BR-05,F,59,masonry,5,4.1,True,6
BW501358,BR-05,F,47,teaching,7,3.5,no,1
BW501359,BR-23,F,41,hairdressing,9,9.4,no,2
BW501360,BR-11,F,31,hairdressing,8,4.3,True,0
BW501361,BR-05,F,24,masonry,2,4.5,no,6
BW501362,BR-15,F,46,transport,10,9.2,True,1
BW501363,BR-14,F,32,petty trade,11,3.4,FALSE,1
BW501364,BR-09,M,22,poultry,6,1.1,no,6
BW501365,BR-01,F,58,retail shop,6,10.0,TRUE,0
BW501366,BR-11,F,43,poultry,11,4.4,FALSE,2
BW501367,BR-19,M,59,teaching,10,6.4,yes,1
BW501368,BR-07,F,33,hairdressing,3,1.5,TRUE,3
BW501369,BR-14,F,40,transport,9,2.3,False,2
BW501370,BR-24,F,48,transport,12,3.6,yes,9
BW501371,BR-15,F,50,farming,11,3.5,TRUE,1
BW501372,BR-22,F,28,masonry,9,2.6,FALSE,0
BW501373,BR-22,F,42,farming,10,13.4,True,0
BW501374,BR-22,F,24,hairdressing,8,2.8,False,9
BW501375,BR-19,M,50,hairdressing,5,6.1,True,9
BW501376,BR-20,M,44,teaching,9,4.9,no,9
BW501377,BR-06,F,55,poultry,6,4.1,TRUE,0
BW501378,BR-12,M,21,phone repair,5,9.0,no,0
BW501379,BR-05,F,43,petty trade,9,5.7,1,1
BW501380,BR-12,F,46,tailoring,7,5.3,0,0
BW501381,BR-15,F,60,farming,1,2.8,yes,1
BW501382,BR-18,F,57,farming,5,1.6,0,1
BW501383,BR-07,M,32,petty trade,3,3.6,1,0
BW501384,BR-07,M,47,hairdressing,10,3.4,False,6
BW501385,BR-10,F,42,retail shop,3,0.8,True,0
BW501386,BR-18,M,37,phone repair,12,9.1,1,2
BW501387,BR-16,M,49,teaching,11,7.2,TRUE,4
BW501388,BR-09,F,55,petty trade,5,2.5,no,1
BW501389,BR-11,F,57,masonry,7,2.6,False,0
BW501390,BR-03,F,27,hairdressing,1,11.8,TRUE,0
BW501391,BR-05,F,37,carpentry,9,1.3,False,0
BW501392,BR-09,M,20,food vending,6,1.7,FALSE,1
BW501393,BR-07,F,34,carpentry,9,1.9,True,9
BW501394,BR-17,F,59,masonry,4,3.0,1,0
BW501395,BR-02,M,22,masonry,11,4.7,no,0
BW501396,BR-04,F,38,retail shop,2,5.0,1,3
BW501397,BR-19,F,36,petty trade,5,9.9,yes,2
BW501398,BR-11,M,27,carpentry,9,1.6,False,0
BW501399,BR-10,M,41,hairdressing,1,4.6,1,3
BW501400,BR-20,F,32,petty trade,1,4.4,TRUE,4
BW501401,BR-12,F,35,carpentry,7,6.0,True,1
BW501402,BR-04,F,55,farming,9,5.0,yes,9
BW501403,BR-13,M,57,hairdressing,8,9.4,True,1
BW501404,BR-01,M,44,poultry,1,7.7,False,0
BW501405,BR-19,F,44,poultry,3,5.1,yes,0
BW501406,BR-13,F,28,retail shop,7,2.2,0,2
BW501407,BR-18,F,61,teaching,11,4.5,no,9
BW501408,BR-04,F,31,farming,7,0.5,no,9
BW501409,BR-02,M,53,farming,11,10.0,FALSE,3
BW501410,BR-18,M,20,poultry,9,1.1,True,0
BW501411,BR-04,M,23,poultry,9,3.4,TRUE,1
BW501412,BR-04,F,53,transport,8,5.4,True,0
BW501413,BR-02,M,57,hairdressing,7,4.5,0,0
BW501414,BR-14,F,29,phone repair,10,4.4,0,0
BW501415,BR-04,M,46,food vending,7,3.1,TRUE,0
BW501416,BR-21,F,25,hairdressing,11,8.5,True,2
BW501417,BR-10,M,30,transport,3,4.5,False,0
BW501418,BR-18,F,19,masonry,8,9.8,0,4
BW501419,BR-23,M,19,poultry,6,14.0,1,9
BW501420,BR-08,F,59,retail shop,4,7.0,True,3
BW501421,BR-05,F,31,farming,11,8.8,no,4
BW501422,BR-14,F,61,transport,7,0.6,TRUE,6
BW501423,BR-08,F,44,farming,10,1.1,TRUE,0
BW501424,BR-09,M,24,farming,11,5.2,FALSE,6
BW501425,BR-03,F,41,retail shop,11,9.6,no,2
BW501426,BR-20,F,45,retail shop,7,6.5,TRUE,9
BW501427,BR-13,F,48,hairdressing,10,1.1,FALSE,1
BW501428,BR-19,F,57,transport,5,3.5,TRUE,0
BW501429,BR-10,F,27,petty trade,4,9.2,1,6
BW501430,BR-10,F,55,transport,10,8.5,True,9
BW501431,BR-19,F,54,petty trade,5,13.9,True,6
BW501432,BR-02,F,36,masonry,6,2.4,no,3
BW501433,BR-21,M,49,phone repair,5,4.1,yes,1
BW501434,BR-07,F,61,phone repair,6,3.7,True,1
BW501435,BR-12,F,62,phone repair,2,4.0,TRUE,2
BW501436,BR-22,F,53,petty trade,5,2.2,FALSE,0
BW501437,BR-04,M,27,transport,10,9.4,1,1
BW501438,BR-14,F,49,hairdressing,7,1.3,FALSE,1
BW501439,BR-13,F,60,masonry,3,8.4,yes,6
BW501440,BR-12,M,64,carpentry,7,14.6,1,3
BW501441,BR-15,M,22,farming,12,4.3,FALSE,4
BW501442,BR-07,F,29,hairdressing,5,4.1,True,1
BW501443,BR-09,F,58,poultry,12,3.5,yes,6
BW501444,BR-14,F,25,food vending,5,6.7,False,3
BW501445,BR-16,M,52,teaching,10,5.2,TRUE,9
BW501446,BR-09,F,45,poultry,9,3.4,False,6
BW501447,BR-20,M,27,tailoring,5,1.3,True,0
BW501448,BR-11,M,28,carpentry,6,13.3,True,1
BW501449,BR-17,F,56,retail shop,6,7.9,TRUE,2
BW501450,BR-02,M,43,farming,10,10.3,True,3
BW501451,BR-16,M,22,food vending,6,3.0,FALSE,1
BW501452,BR-18,M,45,retail shop,8,2.2,True,9
BW501453,BR-20,M,26,poultry,4,4.5,0,3
BW501454,BR-12,F,23,farming,11,4.8,False,6
BW501455,BR-11,M,23,teaching,12,12.5,TRUE,0
BW501456,BR-16,F,53,petty trade,9,5.8,True,4
BW501457,BR-16,F,50,transport,12,1.3,0,1
BW501458,BR-10,F,26,teaching,8,5.8,1,4
BW501459,BR-03,F,46,carpentry,3,2.3,yes,0
BW501460,BR-12,F,30,transport,2,7.4,FALSE,2
BW501461,BR-07,M,19,poultry,2,3.0,TRUE,6
BW501462,BR-06,F,21,carpentry,11,3.6,0,2
BW501463,BR-14,F,24,food vending,1,8.1,1,2
BW501464,BR-07,F,24,tailoring,10,9.9,1,0
BW501465,BR-08,M,22,tailoring,3,2.9,1,2
BW501466,BR-22,M,34,masonry,4,6.3,no,1
BW501467,BR-01,F,38,phone repair,9,4.4,0,3
BW501468,BR-11,M,45,farming,12,8.8,FALSE,1
BW501469,BR-22,F,24,farming,5,4.4,True,6
BW501470,BR-15,M,36,petty trade,7,10.6,0,0
BW501471,BR-15,F,28,phone repair,1,7.5,True,0
BW501472,BR-07,M,37,masonry,1,6.6,0,1
BW501473,BR-18,F,30,retail shop,10,4.2,0,3
BW501474,BR-10,F,62,phone repair,3,8.0,0,0
BW501475,BR-08,F,54,carpentry,2,7.2,TRUE,2
BW501476,BR-22,F,53,teaching,7,6.8,False,0
BW501477,BR-13,F,31,teaching,2,10.9,False,4
BW501478,BR-11,M,64,carpentry,4,2.4,no,1
BW501479,BR-17,M,24,masonry,3,2.1,0,6
BW501480,BR-12,F,44,tailoring,7,9.7,False,2
BW501481,BR-07,F,23,petty trade,12,12.6,True,6
BW501482,BR-10,F,49,poultry,1,5.0,1,6
BW501483,BR-05,M,49,retail shop,11,13.1,FALSE,1
BW501484,BR-20,F,52,transport,1,9.1,FALSE,1
BW501485,BR-03,M,40,retail shop,10,6.4,True,0
BW501486,BR-16,F,45,petty trade,6,3.1,0,0
BW501487,BR-08,M,56,transport,4,0.5,FALSE,3
BW501488,BR-10,F,32,masonry,1,0.7,False,6
BW501489,BR-04,M,38,tailoring,7,5.3,no,2
BW501490,BR-15,F,62,farming,8,10.0,True,1
BW501491,BR-16,F,35,masonry,8,10.6,yes,1
BW501492,BR-19,F,44,carpentry,7,1.4,FALSE,0
BW501493,BR-22,F,42,poultry,9,6.6,0,4
BW501494,BR-20,F,24,petty trade,12,4.4,FALSE,6
BW501495,BR-19,F,63,retail shop,11,11.0,0,0
BW501496,BR-02,F,20,masonry,4,8.2,True,9
BW501497,BR-17,F,45,food vending,4,8.2,FALSE,2
BW501498,BR-20,F,32,transport,7,6.5,yes,0
BW501499,BR-08,F,40,transport,1,1.5,TRUE,0
BW501500,BR-23,F,30,carpentry,1,8.8,False,4
BW501501,BR-03,M,55,hairdressing,5,3.2,no,0
BW501502,BR-04,M,58,teaching,5,5.4,TRUE,2
BW501503,BR-22,F,53,hairdressing,10,3.8,no,4
BW501504,BR-22,F,48,food vending,8,6.6,0,1
BW501505,BR-23,F,39,tailoring,4,2.8,0,0
BW501506,BR-05,M,26,poultry,5,2.0,FALSE,1
BW501507,BR-02,M,31,teaching,9,0.4,True,0
BW501508,BR-07,F,64,retail shop,10,2.4,no,4
BW501509,BR-23,M,37,teaching,3,3.4,False,4
BW501510,BR-15,F,47,hairdressing,1,9.5,FALSE,3
BW501511,BR-15,F,62,tailoring,1,17.7,no,1
BW501512,BR-24,M,55,hairdressing,10,3.3,1,0
BW501513,BR-10,M,24,tailoring,3,6.5,FALSE,0
BW501514,BR-20,M,22,farming,12,3.4,0,1
BW501515,BR-23,F,61,retail shop,6,7.4,1,0
BW501516,BR-22,M,24,masonry,7,4.4,TRUE,9
BW501517,BR-16,F,33,transport,2,4.5,False,1
BW501518,BR-16,M,62,transport,11,0.5,0,6
BW501519,BR-13,M,57,petty trade,9,1.5,False,0
BW501520,BR-09,F,36,farming,12,4.6,False,1
BW501521,BR-12,F,50,poultry,11,2.1,False,3
BW501522,BR-09,F,57,masonry,1,6.2,False,3
BW501523,BR-03,M,29,tailoring,10,7.0,TRUE,1
BW501524,BR-22,M,47,food vending,8,4.9,no,2
BW501525,BR-07,F,43,masonry,1,5.9,False,0
BW501526,BR-19,F,51,hairdressing,6,7.4,1,3
BW501527,BR-10,F,63,petty trade,10,4.1,FALSE,4
BW501528,BR-01,F,40,farming,4,4.1,TRUE,1
BW501529,BR-23,F,61,teaching,1,6.1,FALSE,0
BW501530,BR-11,F,19,food vending,4,3.0,FALSE,6
BW501531,BR-10,F,27,tailoring,4,0.7,True,1
BW501532,BR-13,M,62,poultry,2,6.5,no,0
BW501533,BR-01,F,19,transport,2,11.6,yes,0
BW501534,BR-09,F,30,farming,10,3.8,False,2
BW501535,BR-03,F,48,retail shop,4,1.2,1,0
BW501536,BR-03,M,48,retail shop,7,3.0,no,3
BW501537,BR-22,F,59,poultry,5,4.1,yes,3
BW501538,BR-15,M,37,carpentry,8,1.7,False,1
BW501539,BR-09,F,48,farming,5,3.3,True,9
BW501540,BR-20,F,22,carpentry,3,0.8,no,2
BW501541,BR-09,M,42,retail shop,2,5.6,1,0
BW501542,BR-13,M,29,food vending,4,7.3,FALSE,2
BW501543,BR-10,F,42,carpentry,6,7.3,False,3
BW501544,BR-22,M,25,farming,1,6.9,no,0
BW501545,BR-14,F,30,masonry,12,7.1,yes,1
BW501546,BR-02,F,25,masonry,4,3.2,False,2
BW501547,BR-01,M,61,phone repair,8,4.1,False,1
BW501548,BR-15,M,39,teaching,4,5.5,yes,4
BW501549,BR-04,M,27,masonry,7,1.8,no,0
BW501550,BR-02,M,42,hairdressing,12,4.1,0,1
BW501551,BR-03,F,63,masonry,3,13.2,no,0
BW501552,BR-23,M,34,retail shop,4,1.3,0,0
BW501553,BR-01,M,47,carpentry,3,1.0,yes,1
BW501554,BR-23,F,28,tailoring,8,13.3,1,1
BW501555,BR-17,F,28,transport,7,1.4,yes,3
BW501556,BR-01,F,44,phone repair,9,0.9,yes,1
BW501557,BR-19,M,33,carpentry,5,1.0,yes,3
BW501558,BR-13,M,32,masonry,5,6.6,yes,2
BW501559,BR-22,F,64,hairdressing,12,7.3,yes,6
BW501560,BR-09,F,46,retail shop,3,5.3,False,9
BW501561,BR-12,F,64,food vending,2,2.5,False,3
BW501562,BR-19,F,58,farming,2,0.9,FALSE,1
BW501563,BR-14,F,37,phone repair,5,3.7,1,3
BW501564,BR-12,F,23,carpentry,1,0.2,yes,9
BW501565,BR-05,F,19,food vending,10,7.3,no,4
BW501566,BR-01,F,39,phone repair,9,1.1,0,6
BW501567,BR-04,F,32,teaching,2,4.3,FALSE,9
BW501568,BR-14,F,50,poultry,4,4.6,FALSE,1
BW501569,BR-13,M,23,tailoring,10,2.4,yes,2
BW501570,BR-06,M,31,transport,8,8.9,0,0
BW501571,BR-01,F,48,masonry,4,15.9,False,1
BW501572,BR-08,F,50,farming,6,9.8,False,1
BW501573,BR-08,F,59,hairdressing,7,0.9,1,0
BW501574,BR-06,F,56,farming,9,2.5,1,1
BW501575,BR-08,M,42,poultry,9,0.6,FALSE,3
BW501576,BR-05,F,64,petty trade,5,6.5,TRUE,2
BW501577,BR-05,F,22,carpentry,6,0.2,1,2
BW501578,BR-12,M,54,masonry,4,7.2,0,1
BW501579,BR-14,F,29,retail shop,1,0.6,yes,4
BW501580,BR-17,F,27,transport,6,5.8,no,4
BW501581,BR-12,F,58,teaching,1,3.1,no,1
BW501582,BR-03,M,20,food vending,3,2.7,no,6
BW501583,BR-09,F,57,hairdressing,11,0.4,True,3
BW501584,BR-23,M,63,transport,8,3.0,FALSE,1
BW501585,BR-01,M,62,farming,4,3.1,False,6
BW501586,BR-23,F,64,farming,1,4.6,no,9
BW501587,BR-16,M,60,transport,2,0.7,0,1
BW501588,BR-01,F,23,transport,8,5.3,0,2
BW501589,BR-14,F,31,tailoring,4,8.0,0,3
BW501590,BR-06,F,19,farming,6,7.7,0,4
BW501591,BR-06,F,46,farming,7,11.0,yes,0
BW501592,BR-23,M,47,carpentry,12,8.4,0,9
BW501593,BR-04,F,19,teaching,2,8.1,TRUE,0
BW501594,BR-06,F,39,hairdressing,5,2.0,True,6
BW501595,BR-13,F,61,hairdressing,7,5.5,FALSE,1
BW501596,BR-05,F,64,carpentry,8,5.7,True,6
BW501597,BR-04,M,51,retail shop,12,7.6,1,1
BW501598,BR-20,F,22,carpentry,9,4.5,False,4
BW501599,BR-07,F,19,poultry,1,4.0,False,9
BW501600,BR-18,M,55,food vending,3,2.9,FALSE,0
BW501601,BR-15,F,32,carpentry,11,4.2,False,6
BW501602,BR-17,M,59,masonry,2,5.1,no,3
BW501603,BR-20,M,41,teaching,10,3.3,True,0
BW501604,BR-23,M,54,teaching,11,1.7,TRUE,0
BW501605,BR-08,F,37,teaching,11,5.2,0,2
BW501606,BR-10,F,47,farming,9,4.2,True,2
BW501607,BR-05,F,23,masonry,2,5.1,yes,4
BW501608,BR-08,F,34,farming,12,12.0,no,1
BW501609,BR-05,F,19,teaching,7,1.6,1,0
BW501610,BR-08,M,57,retail shop,7,2.4,1,1
BW501611,BR-16,M,49,tailoring,7,7.9,yes,1
BW501612,BR-07,M,23,food vending,12,1.4,1,4
BW501613,BR-11,F,42,phone repair,10,1.8,yes,0
BW501614,BR-05,F,61,teaching,9,10.8,True,1
BW501615,BR-10,F,56,teaching,11,2.3,FALSE,3
BW501616,BR-13,F,44,transport,3,13.1,FALSE,6
BW501617,BR-19,M,44,farming,12,8.9,yes,2
BW501618,BR-01,F,20,carpentry,2,5.7,no,3
BW501619,BR-09,F,54,teaching,2,6.6,FALSE,9
BW501620,BR-01,F,55,retail shop,2,1.4,no,9
BW501621,BR-11,F,63,retail shop,11,5.1,0,6
BW501622,BR-17,F,23,transport,2,5.1,no,2
BW501623,BR-01,M,23,food vending,11,9.4,no,9
BW501624,BR-17,M,23,retail shop,7,5.2,True,2
BW501625,BR-15,M,22,retail shop,6,10.0,TRUE,1
BW501626,BR-21,F,62,food vending,4,9.8,0,0
BW501627,BR-17,F,34,masonry,2,11.0,False,1
BW501628,BR-19,F,21,teaching,2,3.0,TRUE,1
BW501629,BR-15,M,37,farming,4,5.0,1,6
BW501630,BR-12,F,27,carpentry,11,3.2,False,1
BW501631,BR-08,F,47,farming,4,7.6,0,2
BW501632,BR-13,F,38,poultry,6,4.3,TRUE,1
BW501633,BR-01,M,56,food vending,6,9.2,1,0
BW501634,BR-14,F,53,farming,1,13.3,0,0
BW501635,BR-04,F,38,hairdressing,6,0.9,0,1
BW501636,BR-15,F,60,tailoring,8,0.7,no,3
BW501637,BR-11,F,49,hairdressing,1,4.3,0,4
BW501638,BR-23,F,36,poultry,4,7.0,no,2
BW501639,BR-16,F,57,transport,11,5.2,no,1
BW501640,BR-05,F,58,petty trade,5,7.3,no,1
BW501641,BR-23,F,49,farming,10,7.4,TRUE,3
BW501642,BR-21,F,44,poultry,10,9.5,FALSE,3
BW501643,BR-05,F,21,retail shop,1,1.6,yes,6
BW501644,BR-19,F,23,hairdressing,10,4.6,no,3
BW501645,BR-07,F,23,teaching,12,2.3,False,0
BW501646,BR-04,F,23,food vending,3,0.7,no,1
BW501647,BR-18,M,50,petty trade,3,9.3,0,2
BW501648,BR-24,M,46,transport,11,7.9,TRUE,3
BW501649,BR-15,M,27,masonry,11,6.2,FALSE,9
BW501650,BR-23,M,31,food vending,1,10.4,yes,9
BW501651,BR-04,F,42,masonry,8,9.8,yes,0
BW501652,BR-01,F,54,farming,10,4.2,TRUE,4
BW501653,BR-05,F,44,poultry,5,8.7,no,3
BW501654,BR-18,F,26,retail shop,2,0.6,True,0
BW501655,BR-08,F,46,farming,9,6.1,1,9
BW501656,BR-11,M,31,poultry,8,2.7,0,4
BW501657,BR-03,F,19,poultry,2,2.5,True,9
BW501658,BR-01,F,31,masonry,8,6.1,no,0
BW501659,BR-12,F,52,teaching,5,5.4,False,4
BW501660,BR-01,F,44,teaching,3,0.6,1,0
BW501661,BR-22,F,20,teaching,11,8.4,yes,1
BW501662,BR-10,F,56,masonry,10,12.1,FALSE,9
BW501663,BR-05,M,25,petty trade,11,0.6,True,9
BW501664,BR-17,M,21,food vending,10,1.3,TRUE,6
BW501665,BR-11,M,54,farming,9,3.9,TRUE,0
BW501666,BR-07,M,49,farming,5,4.1,TRUE,1
BW501667,BR-20,M,23,masonry,11,0.6,TRUE,2
BW501668,BR-13,M,32,farming,1,3.5,0,3
BW501669,BR-06,M,21,farming,2,8.4,no,1
BW501670,BR-03,F,32,masonry,9,8.6,False,3
BW501671,BR-11,M,62,hairdressing,9,0.3,no,6
BW501672,BR-07,M,58,tailoring,10,1.4,1,0
BW501673,BR-19,F,46,retail shop,7,12.1,True,6
BW501674,BR-16,F,37,teaching,6,3.3,0,6
BW501675,BR-01,M,62,masonry,9,10.6,no,2
BW501676,BR-16,F,24,phone repair,3,3.3,TRUE,0
BW501677,BR-11,F,20,teaching,1,5.1,yes,6
BW501678,BR-13,F,57,petty trade,7,5.3,0,1
BW501679,BR-13,F,27,poultry,2,0.8,yes,2
BW501680,BR-19,F,37,teaching,2,6.1,1,4
BW501681,BR-23,F,56,teaching,5,9.1,TRUE,4
BW501682,BR-09,F,38,farming,4,4.8,0,9
BW501683,BR-06,F,22,food vending,11,1.7,0,9
BW501684,BR-23,F,25,tailoring,11,4.8,no,0
BW501685,BR-13,F,44,transport,11,0.6,no,3
BW501686,BR-19,F,47,farming,9,4.1,False,0
BW501687,BR-16,F,32,farming,6,8.9,FALSE,3
BW501688,BR-14,F,39,food vending,6,0.3,1,3
BW501689,BR-04,M,30,poultry,1,5.9,TRUE,6
BW501690,BR-01,F,37,carpentry,6,6.8,True,2
BW501691,BR-07,F,56,retail shop,11,8.3,True,3
BW501692,BR-18,F,23,teaching,7,0.6,0,1
BW501693,BR-08,F,24,teaching,3,1.8,True,3
BW501694,BR-20,F,47,carpentry,11,4.6,0,4
BW501695,BR-17,F,24,hairdressing,7,4.2,TRUE,6
BW501696,BR-07,F,47,teaching,8,2.9,yes,0
BW501697,BR-19,M,36,transport,3,5.3,FALSE,6
BW501698,BR-20,F,48,masonry,10,2.3,True,9
BW501699,BR-16,F,61,hairdressing,10,4.2,1,6
BW501700,BR-14,F,55,retail shop,3,7.7,False,6
BW501701,BR-02,M,40,hairdressing,1,10.9,1,6
BW501702,BR-13,F,28,retail shop,10,0.9,no,2
BW501703,BR-15,M,29,retail shop,4,1.9,TRUE,3
BW501704,BR-24,F,57,carpentry,7,2.2,0,6
BW501705,BR-19,F,19,teaching,3,1.2,True,1
BW501706,BR-14,M,54,food vending,7,7.6,no,1
BW501707,BR-13,F,37,tailoring,2,4.9,yes,3
BW501708,BR-14,M,54,hairdressing,11,6.8,FALSE,9
BW501709,BR-01,F,31,farming,8,2.9,TRUE,1
BW501710,BR-18,F,21,retail shop,10,7.5,yes,0
BW501711,BR-24,M,59,retail shop,11,13.9,1,0
BW501712,BR-14,F,47,carpentry,4,6.5,no,9
BW501713,BR-13,F,27,carpentry,5,6.4,True,1
BW501714,BR-22,M,43,farming,2,13.7,TRUE,3
BW501715,BR-03,F,35,poultry,3,4.7,0,4
BW501716,BR-10,F,43,petty trade,6,1.2,FALSE,0
BW501717,BR-09,F,51,retail shop,1,10.0,no,3
BW501718,BR-17,F,36,hairdressing,8,7.4,TRUE,0
BW501719,BR-08,F,30,teaching,4,2.8,FALSE,1
BW501720,BR-08,M,64,tailoring,4,2.6,0,3
BW501721,BR-12,M,50,transport,10,16.6,False,4
BW501722,BR-04,F,39,teaching,4,1.3,TRUE,4
BW501723,BR-17,F,39,petty trade,8,5.0,True,0
BW501724,BR-16,F,31,hairdressing,5,6.1,False,0
BW501725,BR-17,M,21,teaching,4,1.7,yes,0
BW501726,BR-12,F,37,petty trade,2,7.7,FALSE,0
BW501727,BR-03,M,61,transport,12,2.9,no,0
BW501728,BR-01,F,62,poultry,4,6.5,no,2
BW501729,BR-20,M,61,tailoring,3,1.9,0,1
BW501730,BR-24,M,58,poultry,10,6.1,FALSE,1
BW501731,BR-18,F,57,petty trade,7,1.9,TRUE,0
BW501732,BR-06,F,57,teaching,3,3.8,FALSE,1
BW501733,BR-13,F,46,food vending,5,3.8,FALSE,3
BW501734,BR-22,F,55,tailoring,9,4.8,FALSE,9
BW501735,BR-07,F,22,farming,7,9.6,yes,0
BW501736,BR-06,F,35,transport,11,8.2,TRUE,2
BW501737,BR-08,F,28,farming,1,3.7,TRUE,6
BW501738,BR-23,M,59,transport,12,6.2,FALSE,0
BW501739,BR-14,M,55,farming,2,7.0,yes,1
BW501740,BR-04,F,40,food vending,1,5.6,0,4
BW501741,BR-21,M,64,poultry,2,0.7,TRUE,0
BW501742,BR-10,F,48,teaching,3,2.1,TRUE,4
BW501743,BR-12,F,20,farming,4,1.5,False,9
BW501744,BR-24,F,36,tailoring,6,3.1,FALSE,1
BW501745,BR-02,M,29,carpentry,1,6.5,yes,1
BW501746,BR-08,M,56,hairdressing,12,2.8,yes,0
BW501747,BR-12,M,42,transport,3,2.6,TRUE,0
BW501748,BR-10,F,34,transport,12,4.0,True,6
BW501749,BR-02,F,52,food vending,11,3.1,FALSE,0
BW501750,BR-12,F,51,phone repair,10,2.4,False,9
BW501751,BR-10,F,35,petty trade,3,0.7,False,3
BW501752,BR-04,M,27,hairdressing,7,7.8,yes,1
BW501753,BR-22,M,22,transport,3,5.9,1,0
BW501754,BR-09,M,24,poultry,11,5.1,TRUE,1
BW501755,BR-15,F,62,petty trade,4,8.2,FALSE,1
BW501756,BR-13,M,44,masonry,1,3.5,FALSE,2
BW501757,BR-09,F,39,phone repair,5,7.6,False,6
BW501758,BR-24,F,25,food vending,9,1.0,TRUE,1
BW501759,BR-15,F,30,retail shop,1,1.4,TRUE,1
BW501760,BR-11,M,25,hairdressing,8,5.0,yes,4
BW501761,BR-10,M,35,transport,1,5.9,False,2
BW501762,BR-22,F,37,farming,3,0.4,False,6
BW501763,BR-16,F,37,poultry,8,6.6,True,4
BW501764,BR-13,F,59,phone repair,4,8.9,1,1
BW501765,BR-08,F,62,farming,10,1.3,False,1
BW501766,BR-15,M,42,retail shop,9,4.4,False,9
BW501767,BR-07,F,44,retail shop,2,6.2,no,0
BW501768,BR-13,F,53,food vending,5,1.4,0,0
BW501769,BR-04,F,24,tailoring,11,6.1,yes,2
BW501770,BR-07,M,44,retail shop,5,2.4,TRUE,3
BW501771,BR-03,M,56,petty trade,7,6.2,1,0
BW501772,BR-09,F,43,tailoring,4,9.2,FALSE,6
BW501773,BR-14,F,44,masonry,10,11.7,no,0
BW501774,BR-21,M,52,petty trade,11,4.7,no,1
BW501775,BR-19,M,36,food vending,8,6.9,no,3
BW501776,BR-22,M,26,food vending,3,4.6,yes,1
BW501777,BR-04,M,49,teaching,8,2.6,False,4
BW501778,BR-24,M,41,retail shop,8,3.9,no,0
BW501779,BR-12,F,44,hairdressing,8,8.6,no,6
BW501780,BR-01,M,46,hairdressing,12,3.8,1,0
BW501781,BR-13,M,59,petty trade,2,0.9,TRUE,6
BW501782,BR-18,F,62,teaching,8,0.9,TRUE,0
BW501783,BR-11,M,48,petty trade,4,0.5,True,2
BW501784,BR-11,F,28,hairdressing,10,4.9,no,0
BW501785,BR-17,M,48,tailoring,4,3.5,no,2
BW501786,BR-17,M,59,retail shop,12,3.6,TRUE,1
BW501787,BR-10,F,48,masonry,4,5.5,no,2
BW501788,BR-09,F,25,petty trade,3,7.8,TRUE,0
BW501789,BR-14,F,22,tailoring,6,3.9,1,9
BW501790,BR-06,M,51,teaching,12,2.7,TRUE,9
BW501791,BR-19,M,35,food vending,6,3.2,False,9
BW501792,BR-10,F,61,farming,2,5.9,False,1
BW501793,BR-01,F,41,tailoring,8,4.9,False,3
BW501794,BR-24,F,64,carpentry,11,6.4,TRUE,1
BW501795,BR-20,M,25,tailoring,8,4.6,0,1
BW501796,BR-15,F,48,teaching,2,6.3,yes,1
BW501797,BR-06,F,25,teaching,8,4.0,yes,0
BW501798,BR-19,F,24,poultry,7,3.2,0,2
BW501799,BR-16,F,54,teaching,6,5.8,1,2
BW501800,BR-18,M,38,hairdressing,5,1.5,False,1
BW501801,BR-24,M,24,carpentry,4,1.3,True,6
BW501802,BR-21,M,52,phone repair,2,7.1,TRUE,0
BW501803,BR-24,F,43,farming,10,3.2,yes,1
BW501804,BR-15,F,53,petty trade,9,7.5,yes,0
BW501805,BR-24,F,28,hairdressing,11,12.4,False,9
BW501806,BR-22,F,35,retail shop,4,7.3,yes,6
BW501807,BR-14,F,56,tailoring,1,10.9,0,6
BW501808,BR-14,M,49,phone repair,9,8.8,FALSE,0
BW501809,BR-10,F,46,poultry,10,4.5,no,1
BW501810,BR-08,F,42,farming,8,2.2,no,9
BW501811,BR-04,M,40,petty trade,1,7.7,yes,9
BW501812,BR-19,F,21,petty trade,11,1.5,FALSE,2
BW501813,BR-11,F,33,poultry,1,2.1,0,1
BW501814,BR-10,F,30,phone repair,5,6.1,TRUE,0
BW501815,BR-13,F,20,hairdressing,8,6.2,TRUE,1
BW501816,BR-16,M,50,teaching,8,7.4,FALSE,2
BW501817,BR-16,F,19,tailoring,6,3.5,FALSE,1
BW501818,BR-04,F,56,poultry,8,10.9,TRUE,2
BW501819,BR-04,F,32,petty trade,4,1.7,no,1
BW501820,BR-20,F,60,tailoring,9,8.3,1,6
BW501821,BR-08,M,35,phone repair,9,3.6,True,1
BW501822,BR-18,F,32,hairdressing,7,7.0,no,1
BW501823,BR-11,F,49,phone repair,9,0.8,False,3
BW501824,BR-20,F,23,food vending,12,0.9,True,4
BW501825,BR-18,F,58,tailoring,5,2.0,0,6
BW501826,BR-21,M,21,food vending,1,9.1,FALSE,9
BW501827,BR-12,M,55,retail shop,8,3.8,FALSE,4
BW501828,BR-23,F,30,food vending,11,1.8,TRUE,0
BW501829,BR-23,M,48,petty trade,10,2.0,True,9
BW501830,BR-15,M,25,teaching,12,1.5,no,1
BW501831,BR-15,F,30,transport,4,2.6,False,4
BW501832,BR-23,M,29,masonry,5,6.3,True,1
BW501833,BR-15,F,59,retail shop,9,0.4,yes,6
BW501834,BR-10,F,43,poultry,3,2.7,1,0
BW501835,BR-17,F,30,transport,7,2.7,FALSE,2
BW501836,BR-14,F,58,retail shop,10,7.2,False,1
BW501837,BR-06,F,19,transport,1,1.5,0,4
BW501838,BR-11,M,45,tailoring,1,6.0,no,3
BW501839,BR-14,M,36,petty trade,7,7.4,False,9
BW501840,BR-03,F,35,petty trade,11,2.2,1,3
BW501841,BR-17,F,25,poultry,8,10.9,0,0
BW501842,BR-20,M,27,retail shop,6,13.4,1,1
BW501843,BR-20,F,60,masonry,4,3.1,False,2
BW501844,BR-24,M,38,masonry,5,2.6,False,3
BW501845,BR-15,F,21,phone repair,11,3.3,FALSE,3
BW501846,BR-22,F,56,masonry,10,5.5,0,2
BW501847,BR-20,M,21,transport,6,5.5,0,2
BW501848,BR-12,F,54,food vending,9,6.1,True,3
BW501849,BR-01,F,36,tailoring,7,0.6,False,6
BW501850,BR-07,M,63,retail shop,7,9.6,no,9
BW501851,BR-18,F,47,retail shop,9,5.7,True,9
BW501852,BR-15,F,31,farming,1,4.9,False,1
BW501853,BR-07,F,64,hairdressing,11,9.0,False,0
BW501854,BR-10,F,32,poultry,7,7.5,1,0
BW501855,BR-23,F,29,food vending,10,4.8,True,1
BW501856,BR-22,F,55,tailoring,1,3.0,0,4
BW501857,BR-12,F,27,farming,11,7.9,yes,4
BW501858,BR-24,F,34,transport,3,9.4,yes,1
BW501859,BR-08,F,48,carpentry,7,8.4,False,2
BW501860,BR-13,M,40,food vending,10,1.9,FALSE,3
BW501861,BR-09,F,37,petty trade,3,1.3,no,9
BW501862,BR-04,M,20,farming,5,2.8,True,0
BW501863,BR-22,F,64,phone repair,11,0.5,True,1
BW501864,BR-15,F,64,masonry,1,6.7,False,3
BW501865,BR-06,F,32,retail shop,4,3.7,TRUE,9
BW501866,BR-10,M,52,tailoring,2,5.0,1,4
BW501867,BR-08,M,44,masonry,11,3.9,False,2
BW501868,BR-19,M,46,food vending,9,3.1,TRUE,6
BW501869,BR-12,M,30,petty trade,4,1.2,TRUE,9
BW501870,BR-09,F,42,transport,8,3.7,True,3
BW501871,BR-06,M,23,tailoring,11,3.9,True,6
BW501872,BR-23,F,63,petty trade,4,4.5,0,1
BW501873,BR-18,F,28,carpentry,2,1.9,False,1
BW501874,BR-20,M,29,farming,9,4.6,yes,6
BW501875,BR-19,F,21,hairdressing,8,6.3,no,1
BW501876,BR-12,F,55,hairdressing,7,1.3,no,6
BW501877,BR-08,F,58,carpentry,3,7.5,True,0
BW501878,BR-13,M,22,hairdressing,6,8.5,FALSE,0
BW501879,BR-21,M,63,transport,8,5.6,True,4
BW501880,BR-09,F,58,transport,5,6.0,yes,0
BW501881,BR-05,M,51,teaching,10,0.7,False,1
BW501882,BR-10,M,22,farming,9,3.9,0,1
BW501883,BR-12,F,53,poultry,5,5.4,1,3
BW501884,BR-14,F,35,transport,9,7.8,TRUE,4
BW501885,BR-22,M,39,food vending,11,1.8,yes,1
BW501886,BR-05,F,58,tailoring,8,3.6,yes,3
BW501887,BR-08,M,20,transport,12,1.7,0,1
BW501888,BR-17,M,20,poultry,4,1.7,0,3
BW501889,BR-14,F,57,food vending,9,4.4,True,9
BW501890,BR-09,M,22,poultry,8,8.1,TRUE,0
BW501891,BR-11,M,23,food vending,11,7.5,yes,0
BW501892,BR-22,M,55,tailoring,2,1.8,yes,1
BW501893,BR-02,F,33,hairdressing,8,1.1,FALSE,4
BW501894,BR-13,F,19,poultry,8,8.8,TRUE,2
BW501895,BR-02,M,51,petty trade,11,5.2,TRUE,6
BW501896,BR-08,M,59,retail shop,8,0.3,1,0
BW501897,BR-08,F,51,farming,6,7.3,0,0
BW501898,BR-02,F,46,farming,1,12.2,True,1
BW501899,BR-18,M,32,tailoring,8,2.5,FALSE,2
BW501900,BR-12,F,49,carpentry,5,0.6,TRUE,2
BW501901,BR-20,F,44,hairdressing,5,1.7,no,2
BW501902,BR-01,F,22,hairdressing,7,3.3,FALSE,3
BW501903,BR-03,M,35,petty trade,6,0.8,0,2
BW501904,BR-02,F,40,hairdressing,9,7.4,1,6
BW501905,BR-09,F,50,masonry,7,6.9,TRUE,4
BW501906,BR-12,M,36,carpentry,11,0.3,yes,0
BW501907,BR-20,F,62,phone repair,8,6.2,TRUE,3
BW501908,BR-22,F,58,petty trade,12,8.4,no,9
BW501909,BR-11,M,50,petty trade,2,10.7,no,1
BW501910,BR-05,F,39,food vending,12,2.2,1,4
BW501911,BR-06,M,24,transport,7,10.2,yes,4
BW501912,BR-03,M,56,tailoring,8,6.5,False,4
BW501913,BR-16,F,46,carpentry,6,1.7,no,9
BW501914,BR-11,F,36,hairdressing,1,2.8,TRUE,2
BW501915,BR-12,M,30,food vending,1,10.8,yes,0
BW501916,BR-20,M,50,tailoring,1,1.7,yes,2
BW501917,BR-04,M,55,retail shop,10,4.8,1,0
BW501918,BR-15,F,52,food vending,4,2.9,True,4
BW501919,BR-14,M,30,poultry,2,3.5,yes,0
BW501920,BR-04,F,37,teaching,12,0.5,False,1
BW501921,BR-02,F,44,transport,6,0.6,no,2
BW501922,BR-16,M,41,teaching,7,4.3,1,2
BW501923,BR-12,M,46,farming,10,10.9,1,4
BW501924,BR-10,M,30,food vending,8,8.4,0,6
BW501925,BR-16,F,38,retail shop,2,4.1,yes,9
BW501926,BR-05,F,64,food vending,2,2.8,1,0
BW501927,BR-13,F,42,masonry,11,7.3,TRUE,0
BW501928,BR-13,M,53,petty trade,4,14.2,no,0
BW501929,BR-16,M,43,hairdressing,5,1.6,False,2
BW501930,BR-10,F,34,masonry,9,5.7,True,9
BW501931,BR-13,M,43,retail shop,2,11.1,yes,0
BW501932,BR-05,M,23,retail shop,11,5.0,True,9
BW501933,BR-02,M,33,transport,7,7.3,False,2
BW501934,BR-20,M,39,retail shop,11,11.3,FALSE,9
BW501935,BR-01,F,60,hairdressing,5,8.0,FALSE,0
BW501936,BR-24,F,20,carpentry,12,2.2,False,0
BW501937,BR-09,F,53,farming,8,2.0,1,6
BW501938,BR-02,M,22,poultry,11,1.8,no,3
BW501939,BR-03,F,19,petty trade,8,0.3,True,4
BW501940,BR-14,F,59,transport,1,1.9,1,0
BW501941,BR-11,M,62,food vending,2,6.9,1,1
BW501942,BR-06,F,46,farming,4,7.9,no,6
BW501943,BR-13,F,21,phone repair,9,3.4,True,4
BW501944,BR-12,F,53,carpentry,3,5.8,yes,1
BW501945,BR-19,F,63,retail shop,6,2.7,FALSE,1
BW501946,BR-07,F,62,transport,2,10.9,0,4
BW501947,BR-14,F,36,poultry,3,3.4,FALSE,1
BW501948,BR-20,F,49,tailoring,1,2.7,1,0
BW501949,BR-22,F,32,farming,12,5.8,True,0
BW501950,BR-14,F,53,phone repair,8,10.0,yes,6
BW501951,BR-18,F,20,food vending,6,6.0,no,1
BW501952,BR-17,F,24,farming,7,6.9,0,3
BW501953,BR-07,F,50,masonry,5,2.0,TRUE,1
BW501954,BR-16,F,60,masonry,1,5.3,0,1
BW501955,BR-19,F,62,masonry,12,3.6,yes,4
BW501956,BR-17,F,64,retail shop,4,1.3,0,0
BW501957,BR-20,F,35,hairdressing,9,11.5,TRUE,0
BW501958,BR-23,F,50,phone repair,9,3.1,False,9
BW501959,BR-09,F,31,hairdressing,7,5.1,1,4
BW501960,BR-04,F,59,transport,3,4.1,True,1
BW501961,BR-15,M,59,poultry,4,7.0,yes,4
BW501962,BR-19,F,62,masonry,11,1.5,False,6
BW501963,BR-23,F,29,hairdressing,4,8.0,FALSE,4
BW501964,BR-22,F,23,poultry,6,2.2,no,1
BW501965,BR-17,F,44,carpentry,2,5.3,1,2
BW501966,BR-17,M,48,teaching,1,4.3,0,9
BW501967,BR-21,M,61,teaching,3,0.8,yes,0
BW501968,BR-08,F,28,poultry,12,7.3,1,9
BW501969,BR-12,F,23,farming,7,4.0,yes,1
BW501970,BR-18,F,63,carpentry,10,7.2,1,4
BW501971,BR-04,F,31,farming,4,10.1,True,1
BW501972,BR-17,M,21,petty trade,2,6.7,yes,6
BW501973,BR-05,M,33,phone repair,3,6.8,False,3
BW501974,BR-03,M,40,masonry,9,11.4,False,1
BW501975,BR-24,F,60,tailoring,6,1.7,TRUE,1
BW501976,BR-03,F,60,farming,12,8.8,no,1
BW501977,BR-10,M,34,hairdressing,7,8.0,0,4
BW501978,BR-12,M,22,phone repair,7,7.0,True,3
BW501979,BR-02,M,38,farming,4,8.9,yes,3
BW501980,BR-17,F,37,poultry,12,8.5,True,2
BW501981,BR-08,F,29,retail shop,1,9.1,TRUE,4
BW501982,BR-21,F,45,food vending,6,4.7,True,9
BW501983,BR-19,M,58,food vending,5,4.7,FALSE,1
BW501984,BR-23,F,31,petty trade,10,3.4,FALSE,6
BW501985,BR-07,F,25,tailoring,11,8.6,False,1
BW501986,BR-10,F,20,hairdressing,5,6.4,FALSE,1
BW501987,BR-23,F,58,phone repair,5,10.4,yes,0
BW501988,BR-23,F,56,tailoring,10,7.9,TRUE,9
BW501989,BR-15,F,33,tailoring,8,5.4,FALSE,6
BW501990,BR-01,M,34,carpentry,7,14.1,False,0
BW501991,BR-07,M,52,teaching,12,3.2,TRUE,0
BW501992,BR-06,M,48,farming,7,1.4,True,1
BW501993,BR-18,F,47,retail shop,11,3.2,yes,1
BW501994,BR-18,M,33,transport,3,6.4,no,9
BW501995,BR-19,M,51,poultry,3,5.5,yes,1
BW501996,BR-04,F,36,petty trade,8,1.3,yes,6
BW501997,BR-21,M,28,hairdressing,3,8.8,FALSE,0
BW501998,BR-18,M,28,teaching,12,4.1,FALSE,0
BW501999,BR-20,M,22,transport,12,3.0,1,2
BW502000,BR-10,F,53,petty trade,7,6.3,1,1
BW502001,BR-10,F,35,transport,12,16.3,0,0
BW502002,BR-14,F,41,carpentry,10,3.6,False,6
BW502003,BR-13,M,51,petty trade,4,1.2,0,4
BW502004,BR-09,F,48,farming,6,10.6,1,6
BW502005,BR-17,F,57,farming,6,0.6,yes,1
BW502006,BR-03,M,55,retail shop,11,3.5,1,0
BW502007,BR-07,F,40,poultry,6,1.7,True,1
BW502008,BR-07,F,40,poultry,8,0.3,True,6
BW502009,BR-18,M,62,petty trade,6,4.5,True,3
BW502010,BR-20,M,28,food vending,9,3.8,TRUE,3
BW502011,BR-17,F,36,teaching,4,3.5,False,9
BW502012,BR-05,F,19,teaching,1,10.4,no,0
BW502013,BR-20,M,51,transport,11,12.2,1,1
BW502014,BR-16,F,39,petty trade,12,3.1,TRUE,4
BW502015,BR-04,F,57,transport,7,0.8,FALSE,3
BW502016,BR-19,F,24,food vending,2,2.4,True,6
BW502017,BR-12,F,22,tailoring,8,1.2,False,3
BW502018,BR-19,F,36,farming,7,14.7,yes,1
BW502019,BR-21,F,50,masonry,8,6.6,no,6
BW502020,BR-14,F,57,poultry,11,6.2,False,2
BW502021,BR-18,F,53,food vending,12,3.0,0,9
BW502022,BR-01,F,50,tailoring,4,5.1,yes,4
BW502023,BR-11,M,49,tailoring,8,4.3,TRUE,6
BW502024,BR-08,M,43,petty trade,9,4.6,True,3
BW502025,BR-04,F,64,masonry,2,4.3,FALSE,9
BW502026,BR-06,M,25,tailoring,5,4.9,yes,0
BW502027,BR-08,F,52,retail shop,2,2.5,TRUE,9
BW502028,BR-05,F,52,hairdressing,1,2.6,1,1
BW502029,BR-12,F,55,teaching,12,0.4,FALSE,6
BW502030,BR-19,M,26,retail shop,10,8.5,False,0
BW502031,BR-16,M,58,hairdressing,6,5.8,yes,6
BW502032,BR-16,F,29,carpentry,3,6.5,FALSE,1
BW502033,BR-14,F,22,masonry,12,9.9,0,0
BW502034,BR-23,F,58,retail shop,9,1.7,False,6
BW502035,BR-09,M,43,teaching,12,2.4,FALSE,1
BW502036,BR-12,M,64,poultry,3,7.4,TRUE,6
BW502037,BR-01,M,26,teaching,10,5.2,1,9
BW502038,BR-03,M,62,petty trade,7,2.3,no,3
BW502039,BR-17,M,61,tailoring,5,2.4,True,0
BW502040,BR-20,M,51,masonry,7,1.1,TRUE,0
BW502041,BR-02,F,42,teaching,8,7.5,no,4
BW502042,BR-13,F,61,teaching,3,1.4,TRUE,9
BW502043,BR-12,F,28,transport,12,6.2,no,1
BW502044,BR-18,F,53,poultry,4,5.4,True,0
BW502045,BR-17,F,20,hairdressing,5,6.2,1,1
BW502046,BR-24,F,22,poultry,5,10.6,no,0
BW502047,BR-08,M,49,food vending,2,5.0,1,1
BW502048,BR-19,F,56,poultry,6,10.1,0,3
BW502049,BR-01,F,59,food vending,7,2.9,0,6
BW502050,BR-08,F,55,farming,1,4.6,False,2
BW502051,BR-19,F,61,phone repair,12,2.5,TRUE,9
BW502052,BR-11,M,20,teaching,8,0.9,1,1
BW502053,BR-22,F,43,carpentry,7,6.1,TRUE,3
BW502054,BR-04,M,41,hairdressing,9,4.8,1,6
BW502055,BR-17,F,20,tailoring,7,5.7,0,2
BW502056,BR-22,F,55,retail shop,7,10.9,0,1
BW502057,BR-20,F,51,food vending,11,4.8,no,2
BW502058,BR-22,M,62,phone repair,6,0.5,1,9
BW502059,BR-01,F,32,transport,9,6.0,0,1
BW502060,BR-05,F,26,retail shop,3,5.2,FALSE,0
BW502061,BR-18,F,46,retail shop,12,3.2,0,1
BW502062,BR-23,F,26,phone repair,12,6.4,no,9
BW502063,BR-11,F,29,phone repair,3,4.8,1,6
BW502064,BR-05,M,54,masonry,4,2.9,yes,9
BW502065,BR-13,F,26,teaching,10,2.2,FALSE,6
BW502066,BR-06,F,30,farming,11,4.6,no,1
BW502067,BR-03,M,46,transport,5,8.0,yes,3
BW502068,BR-21,M,44,petty trade,5,10.9,yes,1
BW502069,BR-22,F,23,transport,11,6.4,no,6
BW502070,BR-24,F,59,hairdressing,12,5.2,yes,1
BW502071,BR-08,F,55,transport,9,2.0,False,3
BW502072,BR-20,M,36,poultry,6,10.1,no,1
BW502073,BR-10,F,37,petty trade,12,7.6,no,0
BW502074,BR-23,F,47,transport,5,9.9,0,0
BW502075,BR-01,F,25,teaching,10,5.1,TRUE,6
BW502076,BR-20,M,30,tailoring,9,6.4,True,1
BW502077,BR-16,F,50,masonry,11,4.6,True,4
BW502078,BR-23,F,45,hairdressing,6,6.9,no,4
BW502079,BR-15,F,39,carpentry,7,2.9,TRUE,1
BW502080,BR-13,F,34,carpentry,4,1.7,no,4
BW502081,BR-22,F,37,masonry,5,9.2,FALSE,6
BW502082,BR-05,M,40,food vending,8,6.1,FALSE,1
BW502083,BR-05,F,45,phone repair,2,5.2,yes,0
BW502084,BR-11,M,30,hairdressing,11,4.2,TRUE,1
BW502085,BR-01,F,63,food vending,4,10.1,0,0
BW502086,BR-21,F,41,carpentry,7,0.3,FALSE,2
BW502087,BR-03,F,44,farming,1,1.7,FALSE,2
BW502088,BR-01,M,27,retail shop,4,2.0,True,0
BW502089,BR-13,F,39,food vending,7,8.8,FALSE,4
BW502090,BR-10,M,45,tailoring,1,4.6,no,9
BW502091,BR-21,F,19,food vending,12,7.1,0,4
BW502092,BR-21,M,20,tailoring,3,4.0,1,1
BW502093,BR-16,M,40,retail shop,12,9.4,False,1
BW502094,BR-19,F,40,hairdressing,8,1.9,TRUE,1
BW502095,BR-21,F,21,food vending,12,8.6,yes,3
BW502096,BR-09,F,33,food vending,4,5.0,no,0
BW502097,BR-23,F,49,farming,5,2.0,yes,4
BW502098,BR-20,F,50,food vending,2,5.2,TRUE,4
BW502099,BR-14,M,21,petty trade,11,2.0,yes,1
BW502100,BR-01,F,46,food vending,8,2.9,TRUE,0
BW502101,BR-05,M,23,poultry,3,3.5,1,4
BW502102,BR-21,M,26,masonry,7,9.9,True,3
BW502103,BR-02,M,27,tailoring,9,8.9,False,9
BW502104,BR-13,M,54,food vending,4,7.8,TRUE,0
BW502105,BR-17,F,53,food vending,4,9.9,no,2
BW502106,BR-24,M,37,farming,9,0.7,1,1
BW502107,BR-14,F,54,carpentry,1,5.2,yes,1
BW502108,BR-07,F,59,masonry,11,10.0,TRUE,1
BW502109,BR-17,M,26,phone repair,2,8.1,0,1
BW502110,BR-18,F,24,carpentry,7,6.7,TRUE,1
BW502111,BR-08,F,51,petty trade,4,5.3,0,4
BW502112,BR-14,M,26,petty trade,12,1.6,0,4
BW502113,BR-18,M,43,carpentry,11,9.4,0,1
BW502114,BR-06,F,57,teaching,2,0.9,True,1
BW502115,BR-24,M,61,phone repair,7,2.4,yes,4
BW502116,BR-16,F,37,teaching,10,1.2,False,9
BW502117,BR-04,M,54,poultry,9,2.0,True,2
BW502118,BR-13,F,64,hairdressing,3,3.6,True,9
BW502119,BR-22,M,44,petty trade,2,8.5,0,2
BW502120,BR-02,F,40,hairdressing,1,7.7,yes,0
BW502121,BR-20,M,51,petty trade,12,5.0,FALSE,6
BW502122,BR-03,F,57,masonry,6,9.5,True,1
BW502123,BR-12,F,37,hairdressing,11,2.6,TRUE,9
BW502124,BR-23,F,37,petty trade,8,10.5,True,6
BW502125,BR-23,F,32,hairdressing,8,2.8,1,1
BW502126,BR-16,M,47,transport,10,3.1,0,0
BW502127,BR-22,M,23,masonry,11,9.5,True,1
BW502128,BR-12,F,51,carpentry,5,5.1,False,1
BW502129,BR-09,F,57,hairdressing,4,6.3,TRUE,0
BW502130,BR-07,F,57,poultry,10,7.3,yes,3
BW502131,BR-20,F,58,masonry,10,3.8,no,0
BW502132,BR-06,F,43,farming,8,9.2,FALSE,0
BW502133,BR-22,F,30,phone repair,3,12.4,True,0
BW502134,BR-12,F,19,phone repair,9,9.0,FALSE,0
BW502135,BR-05,F,59,poultry,9,3.8,no,0
BW502136,BR-21,M,57,poultry,11,2.2,yes,4
BW502137,BR-20,F,47,phone repair,7,4.9,True,4
BW502138,BR-06,M,54,hairdressing,5,5.4,True,1
BW502139,BR-03,M,28,transport,5,5.1,False,2
BW502140,BR-17,F,28,farming,9,7.7,True,0
BW502141,BR-10,M,20,carpentry,6,4.4,0,4
BW502142,BR-02,F,21,petty trade,9,8.8,True,1
BW502143,BR-19,F,55,hairdressing,9,4.6,True,4
BW502144,BR-15,F,21,hairdressing,5,7.3,yes,6
BW502145,BR-19,F,64,carpentry,5,6.2,True,9
BW502146,BR-10,F,47,poultry,7,1.8,yes,1
BW502147,BR-21,F,55,poultry,5,0.9,FALSE,1
BW502148,BR-19,M,49,carpentry,12,6.5,no,0
BW502149,BR-16,F,34,tailoring,11,9.9,1,0
BW502150,BR-03,F,53,phone repair,7,7.3,TRUE,2
BW502151,BR-05,F,56,masonry,8,3.4,False,4
BW502152,BR-03,M,43,transport,12,6.3,no,4
BW502153,BR-14,M,50,farming,3,15.1,1,3
BW502154,BR-11,M,29,food vending,12,7.3,no,1
BW502155,BR-06,M,37,carpentry,10,9.9,True,4
BW502156,BR-18,F,46,farming,5,4.6,FALSE,4
BW502157,BR-11,F,28,food vending,1,9.3,yes,9
BW502158,BR-12,F,51,retail shop,5,7.4,1,0
BW502159,BR-13,F,23,food vending,7,4.2,False,4
BW502160,BR-14,M,32,petty trade,8,11.2,FALSE,2
BW502161,BR-03,F,35,carpentry,8,14.7,yes,0
BW502162,BR-11,F,45,food vending,4,6.8,FALSE,6
BW502163,BR-13,F,46,tailoring,6,6.3,TRUE,0
BW502164,BR-19,F,48,phone repair,2,6.8,FALSE,0
BW502165,BR-12,F,41,transport,12,0.4,FALSE,3
BW502166,BR-02,F,46,teaching,10,3.2,no,6
BW502167,BR-20,F,52,phone repair,3,6.6,0,3
BW502168,BR-10,M,41,farming,12,7.0,no,6
BW502169,BR-24,M,36,retail shop,9,13.7,True,0
BW502170,BR-22,F,57,phone repair,6,11.7,False,0
BW502171,BR-08,F,43,retail shop,11,0.7,0,0
BW502172,BR-12,F,58,poultry,2,2.1,no,0
BW502173,BR-18,F,20,hairdressing,7,11.0,1,0
BW502174,BR-06,M,62,teaching,8,3.7,no,1
BW502175,BR-07,F,53,farming,5,7.4,TRUE,2
BW502176,BR-06,M,40,masonry,7,1.8,False,2
BW502177,BR-13,M,58,farming,6,9.2,TRUE,0
BW502178,BR-03,F,45,tailoring,11,11.4,False,4
BW502179,BR-04,F,57,farming,9,1.3,1,0
BW502180,BR-20,F,60,farming,1,3.0,1,9
BW502181,BR-11,M,26,food vending,12,5.9,False,3
BW502182,BR-01,F,46,hairdressing,7,7.1,1,9
BW502183,BR-11,F,25,food vending,4,2.5,yes,1
BW502184,BR-19,M,54,petty trade,7,5.8,FALSE,2
BW502185,BR-22,F,31,transport,7,6.2,0,0
BW502186,BR-09,F,21,carpentry,1,2.6,1,1
BW502187,BR-08,F,24,carpentry,1,7.3,FALSE,9
BW502188,BR-18,F,53,food vending,2,5.8,1,1
BW502189,BR-02,M,54,farming,12,4.2,True,4
BW502190,BR-03,M,46,masonry,1,4.1,0,3
BW502191,BR-20,F,57,transport,12,3.4,no,0
BW502192,BR-07,F,45,teaching,9,4.6,False,0
BW502193,BR-24,M,61,petty trade,8,3.8,1,0
BW502194,BR-02,F,26,carpentry,5,7.5,True,0
BW502195,BR-15,M,28,poultry,12,3.3,False,1
BW502196,BR-02,M,59,teaching,10,0.6,False,6
BW502197,BR-11,F,61,carpentry,2,9.1,0,3
BW502198,BR-04,M,32,retail shop,8,7.4,True,1
BW502199,BR-17,F,23,tailoring,11,1.2,TRUE,1
BW502200,BR-08,F,21,food vending,3,4.0,no,4
BW502201,BR-23,F,39,phone repair,4,5.1,1,3
BW502202,BR-13,F,29,farming,12,4.5,True,1
BW502203,BR-20,F,26,retail shop,10,2.8,TRUE,0
BW502204,BR-12,F,43,farming,4,1.8,False,6
BW502205,BR-09,F,22,masonry,11,7.9,TRUE,4
BW502206,BR-15,M,39,teaching,5,2.5,1,1
BW502207,BR-23,F,46,food vending,6,6.2,yes,0
BW502208,BR-09,F,63,masonry,10,8.5,1,0
BW502209,BR-20,F,43,teaching,5,4.6,yes,9
BW502210,BR-11,M,57,poultry,4,1.8,False,6
BW502211,BR-16,F,34,transport,6,1.5,yes,6
BW502212,BR-17,F,21,petty trade,7,2.9,TRUE,0
BW502213,BR-01,F,27,masonry,10,0.7,yes,2
BW502214,BR-23,M,31,retail shop,1,8.5,0,4
BW502215,BR-05,F,30,hairdressing,6,6.6,1,1
BW502216,BR-10,F,53,masonry,4,11.1,False,1
BW502217,BR-15,F,24,carpentry,12,8.0,no,4
BW502218,BR-22,M,60,food vending,6,3.2,0,2
BW502219,BR-05,F,29,tailoring,3,5.0,False,3
BW502220,BR-06,F,29,poultry,11,2.8,True,4
BW502221,BR-19,F,45,farming,7,2.6,no,6
BW502222,BR-10,F,46,poultry,3,7.7,False,0
BW502223,BR-24,M,35,phone repair,11,1.4,1,2
BW502224,BR-04,F,25,phone repair,11,10.7,0,3
BW502225,BR-01,M,53,retail shop,2,9.0,1,2
BW502226,BR-07,F,60,poultry,8,8.8,FALSE,0
BW502227,BR-21,M,31,tailoring,5,3.1,True,0
BW502228,BR-24,F,19,masonry,1,4.6,0,3
BW502229,BR-15,M,31,petty trade,7,7.5,FALSE,0
BW502230,BR-23,F,57,phone repair,10,2.7,1,1
BW502231,BR-03,F,50,phone repair,10,1.1,yes,1
BW502232,BR-08,F,50,petty trade,11,4.7,False,4
BW502233,BR-17,F,29,carpentry,9,3.0,FALSE,9
BW502234,BR-24,F,52,food vending,10,16.7,yes,3
BW502235,BR-01,F,55,tailoring,6,3.5,TRUE,9
BW502236,BR-05,F,20,phone repair,9,5.7,no,0
BW502237,BR-11,F,43,carpentry,5,11.2,no,4
BW502238,BR-20,F,59,transport,9,0.4,FALSE,1
BW502239,BR-04,F,33,phone repair,8,6.7,True,6
BW502240,BR-06,F,57,transport,5,7.4,no,0
BW502241,BR-18,F,41,farming,4,8.9,1,3
BW502242,BR-01,F,36,teaching,2,7.7,1,2
BW502243,BR-12,F,26,teaching,1,10.4,no,4
BW502244,BR-23,F,42,masonry,6,7.4,False,6
BW502245,BR-14,F,33,transport,6,3.2,yes,4
BW502246,BR-18,F,52,masonry,1,3.1,yes,2
BW502247,BR-14,F,62,teaching,6,0.5,TRUE,9
BW502248,BR-20,F,38,petty trade,5,0.6,no,0
BW502249,BR-05,F,61,masonry,10,2.8,yes,9
BW502250,BR-12,F,32,transport,10,6.2,TRUE,0
BW502251,BR-19,M,36,masonry,1,8.7,1,4
BW502252,BR-16,M,44,poultry,9,3.4,False,2
BW502253,BR-10,F,34,hairdressing,9,12.7,0,6
BW502254,BR-19,F,47,tailoring,12,5.5,1,6
BW502255,BR-16,F,32,poultry,6,10.2,no,0
BW502256,BR-16,F,25,carpentry,9,6.1,TRUE,0
BW502257,BR-08,F,59,hairdressing,9,6.9,True,6
BW502258,BR-02,F,27,carpentry,1,2.8,1,0
BW502259,BR-11,M,42,food vending,2,9.0,True,9
BW502260,BR-06,F,63,food vending,8,10.3,True,0
BW502261,BR-18,F,58,phone repair,9,12.3,FALSE,1
BW502262,BR-23,F,54,hairdressing,5,0.3,TRUE,6
BW502263,BR-18,F,48,masonry,4,3.4,no,1
BW502264,BR-15,F,41,tailoring,10,13.2,TRUE,1
BW502265,BR-02,F,56,retail shop,8,2.0,False,9
BW502266,BR-07,M,35,tailoring,6,3.6,FALSE,3
BW502267,BR-10,M,36,phone repair,2,1.6,0,4
BW502268,BR-20,M,41,tailoring,11,1.1,FALSE,0
BW502269,BR-23,F,48,teaching,12,14.0,TRUE,0
BW502270,BR-14,F,47,tailoring,6,4.6,True,4
BW502271,BR-07,F,25,food vending,3,7.9,True,6
BW502272,BR-24,F,43,carpentry,10,8.1,yes,1
BW502273,BR-18,F,51,masonry,10,3.2,no,3
BW502274,BR-12,M,57,retail shop,10,6.5,yes,2
BW502275,BR-18,F,23,phone repair,12,6.2,1,0
BW502276,BR-07,M,40,food vending,6,6.7,yes,2
BW502277,BR-11,F,23,carpentry,8,7.0,yes,4
BW502278,BR-03,F,39,poultry,9,3.8,False,3
BW502279,BR-06,M,21,hairdressing,10,2.0,no,2
BW502280,BR-06,M,31,food vending,9,9.2,False,9
BW502281,BR-07,F,36,masonry,5,10.1,TRUE,6
BW502282,BR-24,M,51,food vending,5,7.7,1,2
BW502283,BR-13,M,35,poultry,3,8.7,0,0
BW502284,BR-21,M,62,carpentry,2,9.0,0,1
BW502285,BR-08,F,39,masonry,4,8.0,TRUE,1
BW502286,BR-05,M,26,teaching,6,8.5,TRUE,1
BW502287,BR-20,M,48,phone repair,3,6.3,0,0
BW502288,BR-24,M,37,teaching,10,7.5,FALSE,1
BW502289,BR-20,F,25,tailoring,1,6.4,TRUE,6
BW502290,BR-19,F,37,poultry,6,4.5,0,0
BW502291,BR-01,M,53,retail shop,12,7.1,True,0
BW502292,BR-12,M,28,tailoring,7,0.4,no,4
BW502293,BR-09,F,57,carpentry,3,11.4,no,1
BW502294,BR-20,F,60,retail shop,2,8.4,TRUE,6
BW502295,BR-11,F,28,poultry,3,3.7,True,0
BW502296,BR-09,F,29,masonry,7,4.2,True,9
BW502297,BR-11,M,58,food vending,4,2.2,FALSE,1
BW502298,BR-10,F,47,retail shop,7,4.2,1,4
BW502299,BR-19,M,61,farming,8,9.7,FALSE,6
BW502300,BR-16,F,31,poultry,1,5.1,TRUE,9
BW502301,BR-16,M,42,retail shop,6,2.9,1,0
BW502302,BR-09,M,37,carpentry,1,8.4,no,1
BW502303,BR-21,F,64,food vending,1,8.7,TRUE,1
BW502304,BR-17,F,48,poultry,4,2.2,no,2
BW502305,BR-15,M,30,transport,4,17.3,0,2
BW502306,BR-18,F,45,phone repair,10,12.4,True,2
BW502307,BR-09,F,21,retail shop,12,5.1,1,6
BW502308,BR-16,F,27,carpentry,6,1.5,no,0
BW502309,BR-13,M,22,poultry,6,0.6,no,3
BW502310,BR-05,M,48,farming,1,11.2,True,0
BW502311,BR-05,M,63,transport,5,8.9,FALSE,1
BW502312,BR-20,F,58,tailoring,3,11.4,yes,3
BW502313,BR-20,F,59,retail shop,6,10.5,False,9
BW502314,BR-05,F,46,poultry,5,9.6,no,6
BW502315,BR-17,M,60,teaching,3,1.9,True,1
BW502316,BR-02,F,55,tailoring,2,1.0,FALSE,9
BW502317,BR-02,M,39,farming,6,4.1,TRUE,9
BW502318,BR-13,M,45,teaching,6,8.0,1,6
BW502319,BR-03,F,39,carpentry,5,1.3,FALSE,1
BW502320,BR-14,M,41,transport,9,9.5,TRUE,0
BW502321,BR-02,F,19,hairdressing,5,3.0,TRUE,3
BW502322,BR-24,M,25,hairdressing,3,0.4,FALSE,2
BW502323,BR-14,F,63,phone repair,3,6.2,no,4
BW502324,BR-20,M,34,farming,4,2.3,False,4
BW502325,BR-22,F,57,petty trade,2,0.3,True,1
BW502326,BR-21,F,61,petty trade,10,4.1,TRUE,1
BW502327,BR-11,F,64,hairdressing,12,10.1,0,3
BW502328,BR-01,F,41,petty trade,6,10.6,FALSE,1
BW502329,BR-19,F,64,retail shop,12,5.1,FALSE,0
BW502330,BR-22,F,29,transport,2,6.1,yes,0
BW502331,BR-15,F,52,masonry,6,5.5,False,1
BW502332,BR-04,F,51,poultry,6,7.5,yes,1
BW502333,BR-10,M,33,farming,10,14.5,yes,0
BW502334,BR-04,F,51,petty trade,12,4.3,1,1
BW502335,BR-07,F,44,poultry,7,7.3,False,2
BW502336,BR-12,F,32,farming,4,5.9,yes,9
BW502337,BR-13,M,41,farming,3,3.3,FALSE,1
BW502338,BR-01,M,23,teaching,1,7.0,no,3
BW502339,BR-11,F,42,tailoring,4,5.5,0,4
BW502340,BR-20,F,36,poultry,10,4.3,False,0
BW502341,BR-09,M,21,farming,10,3.7,False,1
BW502342,BR-12,M,30,petty trade,6,1.8,yes,9
BW502343,BR-12,M,63,carpentry,10,0.6,yes,1
BW502344,BR-06,F,29,teaching,2,5.5,False,0
BW502345,BR-03,F,62,farming,4,7.3,no,4
BW502346,BR-06,M,50,hairdressing,6,10.4,1,0
BW502347,BR-03,M,38,teaching,5,6.4,no,1
BW502348,BR-17,F,31,transport,5,7.7,TRUE,1
BW502349,BR-12,M,44,hairdressing,4,3.0,1,9
BW502350,BR-07,M,28,hairdressing,11,6.4,True,3
BW502351,BR-02,F,48,hairdressing,6,5.3,TRUE,9
BW502352,BR-20,F,53,food vending,10,5.4,1,9
BW502353,BR-11,F,58,petty trade,12,7.1,yes,1
BW502354,BR-15,M,42,petty trade,5,4.4,False,3
BW502355,BR-05,F,32,phone repair,2,10.6,1,0
BW502356,BR-23,F,49,phone repair,3,9.6,0,4
BW502357,BR-05,F,61,phone repair,5,7.5,True,3
BW502358,BR-01,F,55,phone repair,5,2.2,no,2
BW502359,BR-17,F,48,tailoring,7,8.6,False,3
BW502360,BR-03,F,56,retail shop,2,7.5,0,3
BW502361,BR-06,F,58,teaching,6,1.5,yes,9
BW502362,BR-22,F,27,poultry,4,0.3,yes,9
BW502363,BR-22,F,64,tailoring,8,2.1,no,2
BW502364,BR-05,M,50,phone repair,10,2.6,1,0
BW502365,BR-10,F,20,farming,3,2.9,TRUE,9
BW502366,BR-22,F,41,petty trade,2,14.9,1,0
BW502367,BR-24,F,26,food vending,11,7.3,no,0
BW502368,BR-13,F,20,food vending,1,0.3,0,2
BW502369,BR-13,M,59,tailoring,5,5.2,1,0
BW502370,BR-13,F,62,petty trade,5,10.1,True,2
BW502371,BR-09,M,20,teaching,12,5.1,no,1
BW502372,BR-24,F,33,masonry,12,14.1,1,0
BW502373,BR-20,M,60,carpentry,7,0.8,no,9
BW502374,BR-06,M,49,carpentry,8,4.5,no,0
BW502375,BR-11,F,49,tailoring,5,5.2,TRUE,6
BW502376,BR-03,F,24,phone repair,1,12.3,1,2
BW502377,BR-15,M,36,food vending,6,3.7,FALSE,2
BW502378,BR-03,M,34,phone repair,2,5.2,TRUE,3
BW502379,BR-14,F,58,farming,8,4.6,0,1
BW502380,BR-23,F,60,phone repair,11,5.8,no,0
BW502381,BR-06,F,61,phone repair,1,10.8,1,6
BW502382,BR-03,F,34,retail shop,12,5.0,True,6
BW502383,BR-04,F,58,tailoring,1,4.1,1,3
BW502384,BR-05,F,45,hairdressing,9,3.2,FALSE,1
BW502385,BR-04,M,27,food vending,12,9.2,yes,6
BW502386,BR-09,M,28,food vending,12,4.7,yes,9
BW502387,BR-14,F,50,carpentry,9,7.4,0,4
BW502388,BR-23,F,38,food vending,5,3.0,True,1
BW502389,BR-24,F,19,carpentry,2,4.7,no,3
BW502390,BR-17,M,56,poultry,3,6.8,False,9
BW502391,BR-16,M,58,teaching,8,10.1,0,3
BW502392,BR-09,F,34,carpentry,5,4.8,1,6
BW502393,BR-15,F,30,food vending,5,7.5,TRUE,9
BW502394,BR-17,M,27,masonry,3,5.5,0,4
BW502395,BR-07,M,44,petty trade,4,6.8,no,0
BW502396,BR-11,F,44,poultry,8,4.5,FALSE,3
BW502397,BR-09,F,32,hairdressing,2,6.5,0,1
BW502398,BR-05,F,35,teaching,8,6.2,True,1
BW502399,BR-21,M,31,poultry,8,0.7,False,2
BW502400,BR-14,F,44,carpentry,4,4.2,0,0
BW502401,BR-23,M,41,phone repair,11,7.9,FALSE,0
BW502402,BR-11,F,32,food vending,4,9.6,FALSE,0
BW502403,BR-08,F,27,transport,8,7.1,TRUE,6
BW502404,BR-08,F,50,farming,12,7.5,False,0
BW502405,BR-03,M,22,tailoring,8,0.2,True,1
BW502406,BR-07,F,19,masonry,9,11.1,0,0
BW502407,BR-03,M,44,teaching,11,4.0,0,1
BW502408,BR-22,F,57,transport,10,8.2,True,2
BW502409,BR-17,F,22,poultry,2,10.3,0,0
BW502410,BR-07,F,51,transport,12,6.3,FALSE,1
BW502411,BR-05,M,27,petty trade,9,11.3,False,2
BW502412,BR-09,F,40,farming,7,0.7,yes,0
BW502413,BR-11,M,56,carpentry,12,5.1,1,1
BW502414,BR-05,M,38,masonry,1,11.4,1,0
BW502415,BR-18,M,22,carpentry,4,3.2,0,1
BW502416,BR-08,F,20,phone repair,4,9.5,TRUE,1
BW502417,BR-15,F,25,masonry,7,0.9,0,3
BW502418,BR-21,M,61,teaching,1,3.3,yes,1
BW502419,BR-02,F,48,retail shop,8,9.0,yes,4
BW502420,BR-15,F,61,retail shop,3,1.8,False,2
BW502421,BR-16,F,48,phone repair,8,7.3,True,2
BW502422,BR-07,M,58,petty trade,3,4.2,0,3
BW502423,BR-02,F,24,food vending,5,11.9,False,1
BW502424,BR-11,F,46,phone repair,7,5.5,yes,4
BW502425,BR-05,M,53,farming,3,3.7,FALSE,6
BW502426,BR-03,F,39,carpentry,3,5.5,1,0
BW502427,BR-14,F,36,masonry,6,4.9,False,3
BW502428,BR-13,F,61,hairdressing,6,0.3,True,3
BW502429,BR-02,F,39,food vending,6,7.9,0,0
BW502430,BR-05,M,43,poultry,10,7.4,FALSE,4
BW502431,BR-23,M,27,poultry,7,0.7,TRUE,3
BW502432,BR-23,F,25,food vending,12,5.0,1,3
BW502433,BR-19,M,32,transport,11,9.4,1,9
BW502434,BR-09,M,50,farming,11,8.2,1,1
BW502435,BR-05,F,53,teaching,4,10.0,0,3
BW502436,BR-01,F,60,food vending,4,10.0,yes,4
BW502437,BR-12,F,39,petty trade,2,8.3,1,0
BW502438,BR-02,F,51,phone repair,8,4.7,False,3
BW502439,BR-07,F,27,farming,6,7.3,FALSE,1
BW502440,BR-10,M,25,food vending,8,2.2,TRUE,0
BW502441,BR-17,F,62,carpentry,11,6.8,1,6
BW502442,BR-10,F,22,tailoring,5,3.2,TRUE,0
BW502443,BR-09,F,49,food vending,3,2.9,False,4
BW502444,BR-11,M,42,petty trade,9,13.3,TRUE,2
BW502445,BR-18,F,20,tailoring,9,1.3,True,2
BW502446,BR-13,F,43,poultry,5,5.8,TRUE,2
BW502447,BR-19,M,38,farming,3,10.2,TRUE,0
BW502448,BR-04,M,59,poultry,5,3.4,1,1
BW502449,BR-16,M,49,petty trade,1,0.9,FALSE,0
BW502450,BR-16,F,22,phone repair,7,5.0,1,0
BW502451,BR-15,F,56,carpentry,12,7.1,0,2
BW502452,BR-22,M,36,hairdressing,10,12.0,no,1
BW502453,BR-06,M,55,hairdressing,4,10.8,True,0
BW502454,BR-23,M,49,hairdressing,12,1.4,FALSE,1
BW502455,BR-14,F,43,poultry,1,2.6,0,0
BW502456,BR-21,F,62,teaching,8,5.0,FALSE,4
BW502457,BR-14,F,39,carpentry,3,5.3,0,3
BW502458,BR-21,M,42,farming,1,4.3,True,9
BW502459,BR-07,F,52,farming,2,5.7,TRUE,0
BW502460,BR-22,M,41,hairdressing,12,10.0,FALSE,1
BW502461,BR-10,F,56,farming,9,2.5,True,1
BW502462,BR-04,F,57,teaching,2,4.2,yes,0
BW502463,BR-24,M,37,poultry,7,3.4,0,1
BW502464,BR-07,M,62,retail shop,6,5.9,False,4
BW502465,BR-17,F,49,hairdressing,10,4.3,no,6
BW502466,BR-19,F,26,masonry,5,9.1,no,4
BW502467,BR-04,F,42,transport,6,10.1,True,0
BW502468,BR-09,M,53,petty trade,11,2.1,FALSE,1
BW502469,BR-17,M,45,tailoring,12,0.2,FALSE,1
BW502470,BR-24,F,41,food vending,5,11.8,FALSE,2
BW502471,BR-23,F,39,hairdressing,10,8.2,0,3
BW502472,BR-12,F,36,retail shop,1,0.2,no,6
BW502473,BR-07,F,35,food vending,5,9.2,FALSE,0
BW502474,BR-04,F,39,carpentry,10,5.8,False,2
BW502475,BR-10,M,29,poultry,10,2.1,False,2
BW502476,BR-06,F,19,transport,3,6.2,0,1
BW502477,BR-21,F,47,phone repair,8,4.0,yes,6
BW502478,BR-01,F,26,transport,1,9.3,False,1
BW502479,BR-09,F,21,hairdressing,10,5.3,TRUE,4
BW502480,BR-19,M,55,teaching,10,4.0,no,1
BW502481,BR-08,F,43,masonry,3,6.1,FALSE,0
BW502482,BR-06,F,63,masonry,3,0.8,False,1
BW502483,BR-01,M,36,phone repair,6,2.9,FALSE,2
BW502484,BR-12,M,30,retail shop,11,4.5,TRUE,2
BW502485,BR-10,M,28,phone repair,1,8.4,FALSE,1
BW502486,BR-06,F,40,poultry,12,4.2,FALSE,0
BW502487,BR-23,F,40,masonry,3,2.0,FALSE,1
BW502488,BR-20,M,62,tailoring,7,3.7,1,6
BW502489,BR-23,F,32,poultry,2,7.6,TRUE,0
BW502490,BR-10,F,28,retail shop,1,9.2,TRUE,1
BW502491,BR-06,F,43,tailoring,2,12.4,TRUE,6
BW502492,BR-07,F,23,food vending,5,3.2,no,4
BW502493,BR-03,F,34,retail shop,4,12.0,yes,1
BW502494,BR-07,M,61,poultry,10,0.6,False,2
BW502495,BR-15,F,46,masonry,5,6.7,yes,4
BW502496,BR-01,M,49,phone repair,1,8.6,False,0
BW502497,BR-04,M,45,carpentry,8,6.3,False,2
BW502498,BR-10,F,23,poultry,1,5.3,0,1
BW502499,BR-06,M,53,masonry,2,9.6,1,4
BW502500,BR-20,F,57,masonry,11,7.6,no,1
BW502501,BR-23,F,25,tailoring,7,2.5,1,0
BW502502,BR-07,F,64,hairdressing,2,1.9,TRUE,1
BW502503,BR-03,F,56,transport,6,0.6,False,4
BW502504,BR-23,M,37,tailoring,9,7.8,0,4
BW502505,BR-14,F,62,hairdressing,4,7.9,0,0
BW502506,BR-18,M,56,petty trade,3,4.0,False,2
BW502507,BR-01,F,48,hairdressing,6,7.4,False,2
BW502508,BR-11,M,22,transport,9,0.2,0,1
BW502509,BR-22,F,49,retail shop,7,11.5,0,0
BW502510,BR-15,F,41,masonry,4,9.4,TRUE,0
BW502511,BR-22,F,37,transport,6,7.5,True,1
BW502512,BR-21,M,32,poultry,3,5.2,yes,4
BW502513,BR-15,F,32,transport,11,3.5,False,9
BW502514,BR-04,F,51,petty trade,8,2.7,False,0
BW502515,BR-22,M,61,tailoring,5,8.4,FALSE,1
BW502516,BR-21,F,30,phone repair,4,0.7,no,3
BW502517,BR-10,F,57,petty trade,6,1.6,TRUE,1
BW502518,BR-21,F,47,hairdressing,10,1.3,FALSE,0
BW502519,BR-09,M,50,hairdressing,2,2.6,0,0
BW502520,BR-08,F,62,phone repair,3,4.3,TRUE,0
BW502521,BR-19,F,59,teaching,9,8.2,True,1
BW502522,BR-11,F,40,teaching,6,12.7,False,3
BW502523,BR-23,M,35,farming,9,2.1,FALSE,4
BW502524,BR-24,M,61,transport,10,5.4,yes,2
BW502525,BR-14,F,58,farming,10,3.0,1,4
BW502526,BR-01,M,48,food vending,11,3.7,False,4
BW502527,BR-01,M,19,food vending,3,4.8,yes,9
BW502528,BR-23,F,24,hairdressing,10,10.8,1,2
BW502529,BR-22,M,49,poultry,10,1.0,False,9
BW502530,BR-05,M,38,poultry,3,1.3,FALSE,1
BW502531,BR-07,F,58,transport,8,5.5,yes,6
BW502532,BR-09,F,40,hairdressing,6,6.7,FALSE,0
BW502533,BR-23,F,48,poultry,10,5.2,1,2
BW502534,BR-09,F,19,transport,3,5.4,0,1
BW502535,BR-23,F,29,teaching,9,6.3,yes,0
BW502536,BR-04,F,23,hairdressing,8,7.6,True,1
BW502537,BR-18,M,34,poultry,2,5.5,False,9
BW502538,BR-09,M,46,food vending,9,8.9,0,1
BW502539,BR-08,F,33,masonry,1,8.1,FALSE,0
BW502540,BR-01,M,31,poultry,6,3.8,FALSE,4
BW502541,BR-20,M,23,carpentry,8,0.3,no,9
BW502542,BR-09,F,23,teaching,1,7.4,False,3
BW502543,BR-22,M,37,poultry,4,3.6,1,1
BW502544,BR-13,F,51,farming,4,4.9,yes,2
BW502545,BR-09,M,32,hairdressing,11,1.7,FALSE,3
BW502546,BR-18,F,36,food vending,3,1.6,yes,3
BW502547,BR-03,F,42,phone repair,2,4.7,TRUE,0
BW502548,BR-16,M,47,teaching,12,7.8,0,3
BW502549,BR-15,M,26,transport,10,2.1,False,0
BW502550,BR-09,F,27,hairdressing,1,3.2,1,2
BW502551,BR-21,F,28,masonry,6,2.4,no,2
BW502552,BR-09,F,28,poultry,3,3.5,1,0
BW502553,BR-16,F,62,retail shop,9,0.6,True,2
BW502554,BR-03,M,42,farming,6,5.8,TRUE,6
BW502555,BR-04,F,42,farming,7,8.3,True,3
BW502556,BR-04,M,49,teaching,12,1.8,TRUE,6
BW502557,BR-15,F,44,hairdressing,2,1.0,True,6
BW502558,BR-04,F,60,food vending,11,11.6,FALSE,6
BW502559,BR-10,F,34,transport,2,2.4,0,0
BW502560,BR-13,F,36,petty trade,10,10.4,FALSE,6
BW502561,BR-06,F,53,tailoring,8,0.8,1,1
BW502562,BR-14,F,32,hairdressing,10,12.8,FALSE,0
BW502563,BR-06,F,27,carpentry,10,0.5,False,1
BW502564,BR-12,F,34,poultry,9,8.7,FALSE,1
BW502565,BR-14,M,19,carpentry,7,7.3,TRUE,3
BW502566,BR-17,F,50,hairdressing,5,8.1,1,2
BW502567,BR-21,F,43,food vending,11,10.9,yes,0
BW502568,BR-03,M,56,transport,10,3.0,0,0
BW502569,BR-03,F,48,retail shop,12,7.1,0,1
BW502570,BR-09,F,64,poultry,12,2.9,no,9
BW502571,BR-02,F,33,farming,11,7.9,True,3
BW502572,BR-19,M,38,hairdressing,10,0.8,False,6
BW502573,BR-19,M,45,tailoring,6,7.0,1,0
BW502574,BR-15,M,60,farming,4,4.7,yes,4
BW502575,BR-02,F,20,phone repair,7,4.3,FALSE,0
BW502576,BR-22,M,19,teaching,6,2.1,yes,9
BW502577,BR-20,F,35,masonry,4,5.6,no,4
BW502578,BR-15,F,41,petty trade,4,5.0,yes,0
BW502579,BR-10,M,59,transport,9,9.0,True,0
BW502580,BR-04,M,30,hairdressing,12,5.0,TRUE,9
BW502581,BR-17,F,62,food vending,7,5.0,True,4
BW502582,BR-22,F,57,phone repair,5,12.9,TRUE,0
BW502583,BR-09,M,28,petty trade,5,9.3,0,0
BW502584,BR-09,F,57,teaching,9,4.1,False,0
BW502585,BR-15,F,60,carpentry,1,8.3,yes,6
BW502586,BR-21,F,42,phone repair,4,9.1,yes,1
BW502587,BR-24,F,29,farming,7,9.4,FALSE,0
BW502588,BR-03,M,38,food vending,2,4.1,TRUE,3
BW502589,BR-15,F,47,petty trade,9,2.9,0,4
BW502590,BR-01,F,61,poultry,7,12.4,1,3
BW502591,BR-06,F,26,hairdressing,5,3.2,1,3
BW502592,BR-08,M,31,farming,3,6.3,True,6
BW502593,BR-24,F,31,tailoring,12,1.7,1,0
BW502594,BR-02,F,31,teaching,1,2.3,False,4
BW502595,BR-22,F,63,farming,9,7.2,FALSE,1
BW502596,BR-23,F,44,masonry,1,3.8,TRUE,1
BW502597,BR-23,M,56,retail shop,2,7.1,True,0
BW502598,BR-09,M,31,farming,12,4.5,yes,1
BW502599,BR-20,F,51,retail shop,12,8.6,no,9
BW502600,BR-21,M,41,farming,12,2.5,True,0
BW502601,BR-22,M,44,teaching,9,2.3,TRUE,9
BW502602,BR-19,M,62,farming,2,2.9,False,6
BW502603,BR-17,M,47,masonry,5,6.8,no,3
BW502604,BR-16,F,31,retail shop,6,1.5,False,6
BW502605,BR-05,F,55,petty trade,10,3.9,1,4
BW502606,BR-16,M,43,teaching,12,13.6,FALSE,1
BW502607,BR-12,M,19,hairdressing,5,1.3,0,4
BW502608,BR-09,F,54,tailoring,5,8.8,0,9
BW502609,BR-19,F,29,carpentry,1,10.4,no,6
BW502610,BR-05,F,40,teaching,2,6.2,1,6
BW502611,BR-08,F,43,petty trade,8,9.7,FALSE,4
BW502612,BR-11,M,25,retail shop,4,10.6,FALSE,3
BW502613,BR-05,F,24,poultry,11,1.6,TRUE,0
BW502614,BR-24,F,52,phone repair,8,7.1,yes,3
BW502615,BR-07,M,52,retail shop,8,9.7,False,4
BW502616,BR-20,F,58,poultry,11,17.9,False,1
BW502617,BR-16,F,44,farming,3,1.5,False,1
BW502618,BR-20,F,54,carpentry,2,2.4,TRUE,0
BW502619,BR-23,F,37,farming,7,3.9,FALSE,3
BW502620,BR-17,M,32,food vending,11,11.6,True,9
BW502621,BR-21,M,48,masonry,8,8.7,FALSE,1
BW502622,BR-19,M,49,food vending,1,7.8,1,9
BW502623,BR-19,F,38,retail shop,11,6.3,1,1
BW502624,BR-17,M,22,poultry,9,3.5,1,0
BW502625,BR-23,M,24,petty trade,9,1.2,FALSE,9
BW502626,BR-19,F,37,farming,11,5.1,FALSE,3
BW502627,BR-07,F,51,food vending,4,5.0,yes,0
BW502628,BR-14,M,33,phone repair,12,3.3,True,1
BW502629,BR-01,F,31,masonry,2,9.0,no,4
BW502630,BR-24,M,38,poultry,6,7.8,yes,9
BW502631,BR-11,F,28,transport,1,3.3,no,0
BW502632,BR-24,M,54,teaching,4,8.1,False,4
BW502633,BR-04,M,60,transport,4,1.8,True,9
BW502634,BR-12,M,60,teaching,2,4.8,True,9
BW502635,BR-05,F,63,hairdressing,5,7.3,1,0
BW502636,BR-01,F,39,teaching,11,11.3,yes,9
BW502637,BR-12,F,26,petty trade,7,1.5,0,4
BW502638,BR-24,M,36,carpentry,6,0.8,1,4
BW502639,BR-13,F,21,farming,1,2.8,1,9
BW502640,BR-17,M,23,phone repair,4,9.4,False,9
BW502641,BR-24,M,42,farming,12,11.8,False,1
BW502642,BR-16,M,58,hairdressing,5,1.9,False,2
BW502643,BR-23,M,36,transport,8,6.9,no,1
BW502644,BR-01,M,56,tailoring,10,5.2,True,6
BW502645,BR-04,M,43,hairdressing,3,4.1,yes,0
BW502646,BR-23,M,24,food vending,1,1.3,1,6
BW502647,BR-01,F,42,hairdressing,8,2.3,1,9
BW502648,BR-07,M,56,retail shop,5,4.0,no,6
BW502649,BR-04,F,19,retail shop,9,6.3,True,6
BW502650,BR-24,F,56,masonry,9,4.8,yes,1
BW502651,BR-22,F,63,masonry,1,7.5,yes,0
BW502652,BR-22,M,23,petty trade,7,2.4,yes,0
BW502653,BR-02,M,56,phone repair,8,1.2,TRUE,4
BW502654,BR-02,F,32,poultry,12,1.0,0,1
BW502655,BR-22,F,42,tailoring,12,5.4,True,0
BW502656,BR-24,F,36,tailoring,1,5.3,0,6
BW502657,BR-23,M,38,food vending,9,5.1,TRUE,1
BW502658,BR-16,F,25,transport,7,3.5,FALSE,2
BW502659,BR-09,F,43,masonry,3,3.9,1,0
BW502660,BR-02,F,64,teaching,4,14.6,TRUE,0
BW502661,BR-01,F,20,poultry,6,4.8,1,0
BW502662,BR-15,F,20,poultry,10,5.6,1,1
BW502663,BR-06,M,61,retail shop,7,3.3,False,9
BW502664,BR-01,F,49,farming,1,12.9,no,4
BW502665,BR-24,F,30,carpentry,5,4.9,1,4
BW502666,BR-03,M,43,transport,1,10.4,True,0
BW502667,BR-20,F,40,food vending,1,1.0,True,6
BW502668,BR-17,M,56,food vending,2,3.1,1,1
BW502669,BR-14,M,63,petty trade,10,5.1,FALSE,6
BW502670,BR-15,F,42,teaching,3,1.0,False,9
BW502671,BR-21,F,59,poultry,8,4.1,yes,1
BW502672,BR-10,M,63,hairdressing,12,10.4,False,4
BW502673,BR-04,M,40,retail shop,5,3.3,yes,6
BW502674,BR-01,M,47,masonry,7,4.8,TRUE,6
BW502675,BR-01,F,27,carpentry,4,0.6,1,2
BW502676,BR-08,F,64,retail shop,3,11.3,False,2
BW502677,BR-11,M,55,transport,10,12.3,yes,6
BW502678,BR-04,F,23,tailoring,6,6.1,0,9
BW502679,BR-04,F,19,carpentry,1,3.1,FALSE,1
BW502680,BR-06,F,51,transport,2,9.8,True,9
BW502681,BR-08,M,28,phone repair,3,4.5,0,9
BW502682,BR-03,F,64,hairdressing,3,6.0,1,2
BW502683,BR-22,M,47,transport,1,2.0,FALSE,6
BW502684,BR-01,M,23,phone repair,2,1.4,yes,4
BW502685,BR-23,M,19,teaching,4,5.7,0,0
BW502686,BR-02,F,38,hairdressing,8,3.4,1,0
BW502687,BR-20,F,39,food vending,7,6.7,TRUE,9
BW502688,BR-14,M,44,food vending,1,4.2,True,9
BW502689,BR-07,F,43,farming,9,11.3,yes,1
BW502690,BR-09,F,46,hairdressing,12,10.0,TRUE,9
BW502691,BR-07,F,57,food vending,6,3.5,FALSE,0
BW502692,BR-14,M,53,tailoring,4,2.0,1,1
BW502693,BR-11,M,45,teaching,11,2.5,FALSE,6
BW502694,BR-06,F,37,carpentry,2,1.7,FALSE,6
BW502695,BR-14,F,49,carpentry,12,4.2,True,6
BW502696,BR-10,F,59,tailoring,8,1.8,yes,1
BW502697,BR-23,M,23,teaching,4,2.7,False,1
BW502698,BR-01,M,51,food vending,6,2.0,1,4
BW502699,BR-20,F,25,poultry,4,5.1,0,3
BW502700,BR-03,F,48,petty trade,3,1.2,1,6
BW502701,BR-08,F,20,farming,3,3.7,True,4
BW502702,BR-24,F,49,poultry,11,4.8,TRUE,2
BW502703,BR-02,F,45,transport,12,7.8,yes,1
BW502704,BR-10,M,57,teaching,10,11.7,yes,3
BW502705,BR-04,F,22,farming,7,10.8,no,2
BW502706,BR-17,M,42,masonry,8,8.8,TRUE,1
BW502707,BR-10,F,51,food vending,10,10.4,True,4
BW502708,BR-21,F,25,phone repair,6,1.6,TRUE,0
BW502709,BR-19,F,54,masonry,6,4.4,TRUE,4
BW502710,BR-03,F,35,poultry,2,2.6,no,9
BW502711,BR-19,M,64,transport,12,6.7,no,3
BW502712,BR-07,M,59,farming,7,5.2,0,9
BW502713,BR-09,F,22,teaching,7,6.4,TRUE,2
BW502714,BR-11,F,54,tailoring,11,3.5,no,0
BW502715,BR-08,M,49,masonry,11,6.3,1,9
BW502716,BR-19,M,62,transport,9,9.4,True,6
BW502717,BR-18,F,47,poultry,6,1.1,yes,3
BW502718,BR-18,M,43,farming,5,1.7,no,9
BW502719,BR-21,F,59,retail shop,10,6.9,False,0
BW502720,BR-13,M,56,masonry,10,1.4,TRUE,2
BW502721,BR-12,F,33,retail shop,5,4.1,1,1
BW502722,BR-05,F,33,poultry,4,5.5,True,0
BW502723,BR-05,F,57,petty trade,6,7.1,no,6
BW502724,BR-10,M,48,farming,12,5.9,no,3
BW502725,BR-24,F,42,retail shop,10,6.4,0,0
BW502726,BR-02,F,37,teaching,10,3.1,FALSE,1
BW502727,BR-20,M,35,transport,1,2.8,no,3
BW502728,BR-06,M,54,transport,2,3.3,no,1
BW502729,BR-15,M,22,food vending,12,12.5,TRUE,3
BW502730,BR-24,M,31,tailoring,1,5.9,1,1
BW502731,BR-11,F,58,farming,11,1.8,True,2
BW502732,BR-18,F,49,poultry,10,1.1,TRUE,0
BW502733,BR-15,F,23,hairdressing,8,5.5,FALSE,4
BW502734,BR-08,F,61,masonry,5,9.6,yes,4
BW502735,BR-01,F,64,teaching,8,4.3,yes,3
BW502736,BR-07,F,21,farming,12,3.7,no,3
BW502737,BR-20,F,26,transport,11,3.4,FALSE,0
BW502738,BR-22,M,42,transport,7,4.5,False,4
BW502739,BR-21,M,44,petty trade,10,6.1,yes,9
BW502740,BR-21,F,39,food vending,7,5.8,False,9
BW502741,BR-02,M,54,food vending,4,2.4,FALSE,1
BW502742,BR-01,F,58,petty trade,8,0.7,True,3
BW502743,BR-08,F,32,hairdressing,12,4.7,TRUE,2
BW502744,BR-19,F,58,food vending,8,3.1,False,4
BW502745,BR-20,F,53,tailoring,11,6.6,yes,3
BW502746,BR-03,F,29,tailoring,10,9.5,0,1
BW502747,BR-04,F,24,hairdressing,2,6.6,FALSE,0
BW502748,BR-23,F,58,farming,10,1.0,FALSE,6
BW502749,BR-10,F,59,poultry,8,7.1,True,0
BW502750,BR-13,M,36,hairdressing,3,5.4,True,9
BW502751,BR-01,M,61,petty trade,1,2.3,FALSE,0
BW502752,BR-05,M,33,masonry,7,0.5,1,3
BW502753,BR-14,F,38,tailoring,11,6.3,no,3
BW502754,BR-08,M,58,transport,2,1.6,no,3
BW502755,BR-18,M,62,transport,8,2.5,0,2
BW502756,BR-23,M,30,tailoring,10,0.4,TRUE,0
BW502757,BR-14,M,52,farming,2,12.1,no,2
BW502758,BR-01,F,23,petty trade,4,0.4,no,0
BW502759,BR-05,F,30,retail shop,4,5.4,0,1
BW502760,BR-11,F,46,carpentry,1,10.4,no,3
BW502761,BR-05,M,46,food vending,7,7.4,yes,0
BW502762,BR-04,F,42,tailoring,6,9.5,1,1
BW502763,BR-17,M,40,transport,7,5.9,yes,0
BW502764,BR-16,F,59,carpentry,1,9.0,False,0
BW502765,BR-10,F,46,masonry,7,1.8,no,0
BW502766,BR-12,F,38,petty trade,9,5.3,False,6
BW502767,BR-08,F,53,retail shop,3,7.4,no,0
BW502768,BR-19,F,58,petty trade,4,1.7,no,1
BW502769,BR-21,F,48,phone repair,2,4.6,False,3
BW502770,BR-17,F,38,farming,8,2.9,FALSE,4
BW502771,BR-08,F,63,food vending,1,7.1,FALSE,4
BW502772,BR-14,F,43,carpentry,11,2.3,0,1
BW502773,BR-19,F,31,teaching,5,2.0,0,0
BW502774,BR-11,M,33,carpentry,4,9.8,False,1
BW502775,BR-20,F,28,masonry,7,1.1,False,1
BW502776,BR-09,F,48,retail shop,2,6.5,TRUE,9
BW502777,BR-03,M,36,transport,11,2.1,True,3
BW502778,BR-21,F,62,phone repair,11,5.3,1,0
BW502779,BR-12,M,29,poultry,1,11.0,True,6
BW502780,BR-08,F,46,petty trade,10,3.4,True,3
BW502781,BR-10,M,45,carpentry,2,7.0,True,4
BW502782,BR-07,F,39,hairdressing,6,0.6,False,9
BW502783,BR-14,F,33,tailoring,3,11.1,yes,9
BW502784,BR-04,M,30,tailoring,2,1.6,yes,4
BW502785,BR-07,F,39,masonry,2,3.5,0,9
BW502786,BR-07,F,34,phone repair,9,2.7,True,0
BW502787,BR-14,F,62,farming,8,0.6,TRUE,2
BW502788,BR-18,F,47,petty trade,9,11.2,1,4
BW502789,BR-13,F,30,farming,7,8.7,yes,3
BW502790,BR-14,M,36,poultry,9,5.2,1,2
BW502791,BR-11,F,28,hairdressing,4,3.2,True,2
BW502792,BR-13,F,61,food vending,2,3.5,no,9
BW502793,BR-20,M,32,poultry,1,1.3,0,1
BW502794,BR-16,M,45,phone repair,7,12.5,yes,2
BW502795,BR-23,M,35,teaching,1,1.7,no,3
BW502796,BR-11,F,45,masonry,11,3.2,True,6
BW502797,BR-14,F,46,farming,9,6.5,no,4
BW502798,BR-11,M,54,masonry,1,10.2,False,0
BW502799,BR-23,F,49,masonry,12,5.0,1,1
BW502800,BR-21,M,27,masonry,5,4.2,False,1
BW502801,BR-09,F,27,transport,5,6.1,False,3
BW502802,BR-02,F,26,carpentry,12,6.5,FALSE,1
BW502803,BR-22,F,45,phone repair,8,1.1,1,2
BW502804,BR-23,F,30,transport,2,10.1,yes,3
BW502805,BR-23,F,30,teaching,6,7.6,1,6
BW502806,BR-16,M,55,retail shop,8,12.1,1,3
BW502807,BR-16,F,20,carpentry,7,2.9,yes,4
BW502808,BR-14,M,58,transport,10,6.0,yes,2
BW502809,BR-04,F,61,petty trade,11,8.4,no,9
BW502810,BR-01,F,49,petty trade,7,4.7,1,0
BW502811,BR-18,M,38,transport,5,7.6,0,0
BW502812,BR-12,F,42,hairdressing,8,1.1,TRUE,1
BW502813,BR-01,F,37,tailoring,4,4.6,FALSE,9
BW502814,BR-17,M,44,phone repair,11,4.5,no,2
BW502815,BR-18,F,62,food vending,10,5.6,False,0
BW502816,BR-16,F,32,retail shop,1,13.7,0,6
BW502817,BR-10,F,44,phone repair,3,3.1,no,4
BW502818,BR-11,M,21,tailoring,8,7.0,False,2
BW502819,BR-08,F,56,food vending,12,5.5,yes,6
BW502820,BR-20,F,38,tailoring,6,8.5,no,0
BW502821,BR-05,M,33,phone repair,2,16.4,TRUE,6
BW502822,BR-20,F,53,hairdressing,12,11.1,yes,3
BW502823,BR-18,M,42,retail shop,2,6.5,0,4
BW502824,BR-18,M,56,hairdressing,1,1.6,False,2
BW502825,BR-14,F,57,phone repair,2,14.9,0,1
BW502826,BR-20,F,34,farming,3,5.7,1,2
BW502827,BR-14,M,58,phone repair,12,7.9,False,0
BW502828,BR-02,M,41,poultry,6,2.6,1,0
BW502829,BR-19,M,36,poultry,7,9.8,False,0
BW502830,BR-16,F,60,retail shop,3,1.3,TRUE,9
BW502831,BR-11,F,53,petty trade,10,5.4,1,1
BW502832,BR-12,M,59,farming,11,11.4,no,1
BW502833,BR-15,F,19,tailoring,12,4.4,yes,0
BW502834,BR-10,F,22,food vending,10,6.8,FALSE,2
BW502835,BR-01,F,24,petty trade,10,8.6,no,0
BW502836,BR-06,F,38,transport,8,5.1,no,3
BW502837,BR-12,F,19,transport,5,9.7,False,3
BW502838,BR-07,M,63,petty trade,5,6.6,1,2
BW502839,BR-16,F,28,food vending,5,4.9,0,1
BW502840,BR-03,M,37,petty trade,9,8.2,yes,6
BW502841,BR-16,F,54,teaching,3,1.0,FALSE,0
BW502842,BR-13,F,26,phone repair,5,4.0,no,0
BW502843,BR-23,F,19,transport,10,10.9,FALSE,1
BW502844,BR-09,F,26,transport,2,1.4,1,1
BW502845,BR-10,F,61,petty trade,7,1.5,False,3
BW502846,BR-10,M,44,phone repair,2,3.4,0,1
BW502847,BR-15,F,62,hairdressing,9,1.1,1,0
BW502848,BR-19,F,53,food vending,7,5.8,yes,3
BW502849,BR-01,F,24,transport,9,1.2,no,2
BW502850,BR-15,M,47,carpentry,4,7.9,TRUE,9
BW502851,BR-03,M,57,farming,2,6.5,FALSE,0
BW502852,BR-09,F,55,phone repair,11,5.6,FALSE,0
BW502853,BR-23,F,58,transport,11,8.6,no,2
BW502854,BR-10,F,49,retail shop,6,5.3,True,2
BW502855,BR-19,M,49,poultry,1,7.1,True,0
BW502856,BR-08,F,60,phone repair,4,0.5,TRUE,6
BW502857,BR-16,F,59,teaching,6,9.6,TRUE,6
BW502858,BR-04,F,21,carpentry,6,5.2,1,0
BW502859,BR-03,M,62,teaching,8,3.6,no,2
BW502860,BR-07,F,31,teaching,12,0.7,FALSE,1
BW502861,BR-17,M,51,poultry,9,5.2,0,6
BW502862,BR-14,F,44,tailoring,2,5.1,TRUE,1
BW502863,BR-19,F,60,teaching,2,2.2,FALSE,1
BW502864,BR-05,M,26,hairdressing,5,2.1,yes,0
BW502865,BR-08,F,42,food vending,9,1.8,1,0
BW502866,BR-14,F,53,phone repair,12,8.9,yes,4
BW502867,BR-12,M,64,phone repair,10,7.6,FALSE,2
BW502868,BR-10,M,30,farming,3,1.3,1,0
BW502869,BR-11,M,36,petty trade,10,4.0,1,6
BW502870,BR-02,F,26,phone repair,1,2.9,0,6
BW502871,BR-07,M,47,transport,11,7.5,FALSE,4
BW502872,BR-13,M,56,phone repair,7,13.1,TRUE,1
BW502873,BR-07,M,45,masonry,4,3.8,True,0
BW502874,BR-01,M,55,hairdressing,8,3.0,1,4
BW502875,BR-13,M,37,phone repair,9,4.2,no,1
BW502876,BR-17,F,57,phone repair,2,6.3,yes,0
BW502877,BR-03,F,19,farming,12,6.2,0,0
BW502878,BR-13,M,19,tailoring,9,4.1,1,2
BW502879,BR-03,M,32,tailoring,12,10.1,1,0
BW502880,BR-21,F,35,tailoring,4,7.4,FALSE,0
BW502881,BR-13,M,27,phone repair,2,1.3,False,9
BW502882,BR-02,M,22,phone repair,9,8.7,0,3
BW502883,BR-23,F,39,petty trade,12,3.7,1,3
BW502884,BR-09,M,27,transport,6,9.7,FALSE,0
BW502885,BR-07,F,41,masonry,12,7.3,FALSE,3
BW502886,BR-12,F,64,retail shop,10,3.7,True,0
BW502887,BR-04,F,59,petty trade,3,6.3,0,1
BW502888,BR-16,F,29,hairdressing,10,6.9,1,0
BW502889,BR-21,F,20,hairdressing,11,3.9,FALSE,4
BW502890,BR-18,F,62,food vending,5,4.5,False,4
BW502891,BR-07,F,51,carpentry,12,7.7,yes,0
BW502892,BR-20,F,38,tailoring,4,1.0,yes,1
BW502893,BR-06,M,43,farming,10,3.2,False,6
BW502894,BR-15,F,56,poultry,12,14.5,yes,0
BW502895,BR-10,M,29,transport,10,2.6,0,1
BW502896,BR-24,F,34,phone repair,10,7.0,no,2
BW502897,BR-06,F,51,transport,1,5.2,True,9
BW502898,BR-10,F,55,tailoring,11,7.6,1,1
BW502899,BR-16,M,63,tailoring,2,6.2,FALSE,0
BW502900,BR-09,F,45,teaching,11,6.4,yes,6
BW502901,BR-15,F,63,phone repair,11,11.5,1,1
BW502902,BR-13,F,29,hairdressing,3,0.5,False,0
BW502903,BR-06,F,49,farming,4,2.4,TRUE,1
BW502904,BR-01,M,39,tailoring,7,6.3,1,3
BW502905,BR-21,M,46,petty trade,1,7.3,no,1
BW502906,BR-01,F,42,petty trade,7,10.4,True,1
BW502907,BR-03,F,60,phone repair,7,0.4,yes,9
BW502908,BR-08,F,47,retail shop,1,1.8,True,6
BW502909,BR-08,F,26,petty trade,10,9.0,0,0
BW502910,BR-08,F,19,food vending,4,10.5,False,0
BW502911,BR-17,F,25,phone repair,1,1.5,False,0
BW502912,BR-15,F,43,teaching,5,4.5,no,1
BW502913,BR-12,M,31,masonry,3,6.3,1,1
BW502914,BR-14,F,57,poultry,9,2.8,TRUE,4
BW502915,BR-09,F,41,food vending,9,2.2,FALSE,9
BW502916,BR-15,F,28,hairdressing,7,9.3,yes,3
BW502917,BR-01,M,45,farming,7,10.2,0,1
BW502918,BR-19,F,38,phone repair,4,7.5,yes,1
BW502919,BR-16,M,34,hairdressing,3,2.3,1,2
BW502920,BR-20,F,60,masonry,6,0.3,0,6
BW502921,BR-09,M,43,teaching,6,3.3,no,1
BW502922,BR-12,F,20,carpentry,2,3.0,no,6
BW502923,BR-05,F,25,petty trade,2,14.7,True,3
BW502924,BR-12,F,48,transport,1,3.5,yes,1
BW502925,BR-24,F,48,tailoring,1,5.6,0,6
BW502926,BR-06,M,22,tailoring,1,2.7,yes,0
BW502927,BR-18,F,26,transport,5,3.3,1,2
BW502928,BR-12,F,48,farming,11,2.6,False,4
BW502929,BR-11,F,35,tailoring,7,10.0,no,1
BW502930,BR-03,F,64,retail shop,10,6.2,yes,4
BW502931,BR-20,F,30,food vending,2,4.5,yes,2
BW502932,BR-05,M,54,retail shop,9,2.6,False,2
BW502933,BR-04,M,22,phone repair,11,2.8,0,1
BW502934,BR-18,F,33,teaching,2,0.6,yes,2
BW502935,BR-03,M,48,hairdressing,7,4.7,True,1
BW502936,BR-14,F,28,tailoring,7,4.0,FALSE,0
BW502937,BR-21,F,31,petty trade,12,7.9,0,4
BW502938,BR-13,F,47,petty trade,6,6.8,True,0
BW502939,BR-11,F,59,teaching,3,6.1,1,1
BW502940,BR-19,M,57,teaching,1,7.8,True,1
BW502941,BR-08,M,51,hairdressing,3,1.9,no,0
BW502942,BR-21,F,34,carpentry,1,4.1,False,2
BW502943,BR-03,M,63,teaching,5,1.6,True,3
BW502944,BR-09,F,26,carpentry,11,6.9,False,3
BW502945,BR-21,M,24,farming,4,1.4,True,2
BW502946,BR-07,F,47,masonry,1,5.3,0,9
BW502947,BR-22,F,26,farming,4,3.9,False,3
BW502948,BR-09,F,48,phone repair,12,3.0,FALSE,0
BW502949,BR-04,M,61,farming,5,0.6,TRUE,1
BW502950,BR-14,F,29,farming,9,2.0,TRUE,0
BW502951,BR-12,M,40,tailoring,2,1.8,no,2
BW502952,BR-22,M,46,transport,3,3.3,True,0
BW502953,BR-06,F,42,carpentry,5,0.7,TRUE,1
BW502954,BR-11,M,31,carpentry,3,4.0,1,9
BW502955,BR-24,M,55,farming,1,1.7,FALSE,4
BW502956,BR-15,M,25,farming,12,10.4,yes,1
BW502957,BR-01,F,54,transport,3,0.9,TRUE,0
BW502958,BR-17,M,55,transport,9,7.8,0,3
BW502959,BR-13,F,30,food vending,3,12.4,True,9
BW502960,BR-07,M,56,phone repair,11,6.2,0,3
BW502961,BR-03,M,57,phone repair,9,6.6,True,4
BW502962,BR-22,F,44,carpentry,5,0.7,no,2
BW502963,BR-21,F,47,transport,1,1.4,TRUE,2
BW502964,BR-22,F,31,food vending,3,5.5,1,3
BW502965,BR-23,F,19,poultry,7,2.1,TRUE,6
BW502966,BR-24,F,59,farming,8,0.8,yes,0
BW502967,BR-23,F,56,petty trade,5,4.6,yes,6
BW502968,BR-14,F,64,petty trade,2,6.4,1,1
BW502969,BR-09,M,33,farming,9,5.2,TRUE,1
BW502970,BR-24,M,23,farming,12,11.7,yes,9
BW502971,BR-07,M,46,phone repair,9,9.2,FALSE,1
BW502972,BR-10,F,52,teaching,5,9.0,0,4
BW502973,BR-21,M,64,tailoring,10,4.2,0,2
BW502974,BR-22,M,21,phone repair,7,12.0,1,2
BW502975,BR-05,M,47,masonry,6,7.0,no,3
BW502976,BR-08,F,39,farming,4,9.2,FALSE,1
BW502977,BR-15,F,35,poultry,2,4.8,no,0
BW502978,BR-05,F,44,hairdressing,7,7.7,False,6
BW502979,BR-16,M,42,farming,5,6.7,yes,2
BW502980,BR-13,F,43,carpentry,4,0.7,0,2
BW502981,BR-21,F,54,food vending,5,4.6,TRUE,1
BW502982,BR-16,F,58,hairdressing,1,0.5,TRUE,0
BW502983,BR-01,M,49,petty trade,2,2.2,0,0
BW502984,BR-20,F,29,petty trade,6,6.1,0,6
BW502985,BR-19,M,38,carpentry,5,8.2,TRUE,9
BW502986,BR-22,M,53,retail shop,4,5.0,False,0
BW502987,BR-19,M,47,poultry,4,15.5,True,1
BW502988,BR-06,M,52,food vending,10,15.2,no,3
BW502989,BR-06,M,44,retail shop,6,5.6,1,9
BW502990,BR-21,M,37,carpentry,10,2.9,True,4
BW502991,BR-16,F,49,farming,7,13.2,1,1
BW502992,BR-05,F,45,food vending,1,2.7,TRUE,6
BW502993,BR-17,M,37,teaching,5,0.9,FALSE,0
BW502994,BR-19,F,38,teaching,5,3.1,yes,0
BW502995,BR-04,F,36,petty trade,7,11.5,TRUE,1
BW502996,BR-21,F,23,food vending,6,2.3,FALSE,3
BW502997,BR-05,F,24,carpentry,3,4.4,TRUE,6
BW502998,BR-15,F,54,food vending,12,8.6,1,0
BW502999,BR-01,F,28,petty trade,3,5.0,no,1
BW503000,BR-19,F,34,food vending,11,12.2,1,6
BW503001,BR-19,F,37,phone repair,12,4.9,1,1
BW503002,BR-01,M,48,poultry,5,2.0,1,2
BW503003,BR-03,M,51,poultry,10,0.7,no,3
BW503004,BR-06,M,48,tailoring,10,1.2,FALSE,6
BW503005,BR-14,F,52,phone repair,8,5.1,TRUE,1
BW503006,BR-14,F,42,hairdressing,2,5.0,no,1
BW503007,BR-09,F,38,food vending,11,17.4,FALSE,1
BW503008,BR-09,F,34,petty trade,9,8.0,FALSE,0
BW503009,BR-19,M,41,teaching,12,3.4,no,0
BW503010,BR-17,F,22,phone repair,11,4.1,TRUE,3
BW503011,BR-24,F,58,transport,4,8.7,yes,1
BW503012,BR-17,M,23,farming,6,3.2,1,1
BW503013,BR-12,M,27,petty trade,10,3.5,False,0
BW503014,BR-01,F,50,transport,6,15.1,FALSE,1
BW503015,BR-02,F,27,teaching,10,8.7,False,2
BW503016,BR-13,M,40,masonry,8,4.9,FALSE,1
BW503017,BR-05,F,37,teaching,12,3.8,1,0
BW503018,BR-21,F,25,retail shop,7,3.9,0,9
BW503019,BR-07,F,26,masonry,5,8.6,TRUE,3
BW503020,BR-05,F,35,tailoring,6,5.6,0,6
BW503021,BR-10,F,48,hairdressing,6,6.1,1,4
BW503022,BR-20,M,38,phone repair,12,4.8,1,2
BW503023,BR-04,F,24,carpentry,5,12.0,False,1
BW503024,BR-12,F,26,tailoring,9,5.1,FALSE,1
BW503025,BR-20,F,30,petty trade,4,0.6,0,0
BW503026,BR-23,F,42,carpentry,11,4.3,False,1
BW503027,BR-15,M,25,petty trade,8,9.4,True,4
BW503028,BR-12,M,40,poultry,6,7.1,True,4
BW503029,BR-12,F,58,food vending,5,12.6,1,1
BW503030,BR-24,F,52,petty trade,3,9.4,1,0
BW503031,BR-19,M,23,carpentry,12,0.7,False,1
BW503032,BR-03,F,31,retail shop,6,8.2,yes,6
BW503033,BR-21,M,40,phone repair,9,2.1,no,4
BW503034,BR-19,F,58,hairdressing,9,5.1,True,0
BW503035,BR-08,F,27,phone repair,7,7.0,False,0
BW503036,BR-05,M,60,farming,2,9.9,no,1
BW503037,BR-16,F,58,phone repair,9,6.6,True,1
BW503038,BR-20,M,29,poultry,5,2.8,True,0
BW503039,BR-11,F,27,tailoring,7,3.4,0,2
BW503040,BR-11,F,44,poultry,10,2.3,0,0
BW503041,BR-12,M,43,poultry,11,9.3,True,9
BW503042,BR-16,F,25,phone repair,10,3.9,FALSE,0
BW503043,BR-04,F,26,hairdressing,6,9.4,TRUE,1
BW503044,BR-12,M,35,retail shop,7,3.4,1,3
BW503045,BR-20,F,51,teaching,5,1.6,False,6
BW503046,BR-06,F,45,petty trade,6,1.2,TRUE,4
BW503047,BR-15,M,45,farming,5,6.5,yes,0
BW503048,BR-04,F,40,masonry,4,8.7,FALSE,0
BW503049,BR-07,M,20,farming,10,2.8,False,6
BW503050,BR-24,F,40,teaching,5,5.0,FALSE,2
BW503051,BR-17,F,35,retail shop,3,5.8,0,1
BW503052,BR-18,F,50,transport,6,11.4,yes,4
BW503053,BR-13,M,45,retail shop,3,3.9,0,0
BW503054,BR-19,F,29,food vending,7,6.2,yes,0
BW503055,BR-03,F,44,farming,11,9.7,yes,4
BW503056,BR-02,F,46,retail shop,11,8.0,0,9
BW503057,BR-13,M,52,carpentry,2,5.0,True,2
BW503058,BR-20,F,27,transport,4,10.7,True,0
BW503059,BR-14,M,40,hairdressing,6,6.4,no,0
BW503060,BR-22,F,59,tailoring,10,5.2,True,0
BW503061,BR-20,M,61,petty trade,4,7.9,TRUE,0
BW503062,BR-08,M,35,carpentry,4,5.1,no,0
BW503063,BR-14,F,33,tailoring,12,7.1,TRUE,1
BW503064,BR-08,F,46,teaching,9,7.1,FALSE,1
BW503065,BR-20,F,25,farming,11,6.2,TRUE,4
BW503066,BR-14,F,41,masonry,12,2.4,False,6
BW503067,BR-22,M,34,carpentry,10,3.3,1,1
BW503068,BR-22,F,37,retail shop,7,8.4,FALSE,2
BW503069,BR-16,F,21,food vending,8,5.2,yes,1
BW503070,BR-24,M,45,poultry,8,0.8,no,9
BW503071,BR-10,F,35,phone repair,3,5.7,yes,2
BW503072,BR-12,M,47,teaching,8,3.6,0,0
BW503073,BR-16,F,19,hairdressing,3,11.0,True,1
BW503074,BR-04,M,43,teaching,6,7.9,no,6
BW503075,BR-08,F,23,tailoring,7,8.3,yes,6
BW503076,BR-09,F,38,transport,2,0.9,0,3
BW503077,BR-11,M,31,masonry,8,4.9,True,4
BW503078,BR-14,F,36,petty trade,2,7.0,TRUE,0
BW503079,BR-22,M,45,food vending,9,0.6,TRUE,0
BW503080,BR-10,F,61,retail shop,1,7.7,no,2
BW503081,BR-10,F,40,carpentry,10,7.7,1,1
BW503082,BR-14,M,24,food vending,10,8.3,FALSE,1
BW503083,BR-11,M,23,petty trade,7,8.3,False,2
BW503084,BR-24,M,28,petty trade,9,0.4,no,6
BW503085,BR-13,F,25,transport,1,5.5,TRUE,4
BW503086,BR-07,F,52,phone repair,7,3.1,yes,9
BW503087,BR-06,M,37,petty trade,4,4.7,no,9
BW503088,BR-03,M,20,carpentry,2,11.1,True,1
BW503089,BR-24,F,62,phone repair,9,9.5,no,1
BW503090,BR-10,F,42,carpentry,2,0.2,no,6
BW503091,BR-01,F,51,farming,1,7.3,no,0
BW503092,BR-19,F,38,tailoring,1,5.2,yes,2
BW503093,BR-21,F,53,teaching,3,0.3,yes,1
BW503094,BR-03,F,40,masonry,7,6.0,0,9
BW503095,BR-21,F,64,hairdressing,3,5.7,True,3
BW503096,BR-13,F,38,food vending,11,2.1,1,9
BW503097,BR-03,M,52,masonry,11,1.7,1,6
BW503098,BR-06,F,52,tailoring,3,7.3,TRUE,3
BW503099,BR-03,M,61,hairdressing,3,2.0,TRUE,3
BW503100,BR-19,F,43,masonry,12,3.1,FALSE,0
BW503101,BR-14,M,28,teaching,7,0.3,FALSE,6
BW503102,BR-22,F,50,petty trade,3,1.2,1,9
BW503103,BR-24,M,63,carpentry,2,2.9,1,6
BW503104,BR-03,F,56,tailoring,8,2.2,False,1
BW503105,BR-20,F,24,hairdressing,8,3.1,yes,0
BW503106,BR-23,F,54,retail shop,5,5.4,yes,1
BW503107,BR-05,F,37,retail shop,9,5.9,yes,6
BW503108,BR-06,F,42,teaching,8,2.0,0,4
BW503109,BR-17,M,32,tailoring,12,7.8,yes,0
BW503110,BR-05,F,46,carpentry,10,8.0,1,9
BW503111,BR-02,M,26,transport,9,6.3,TRUE,0
BW503112,BR-12,F,50,petty trade,5,12.7,FALSE,1
BW503113,BR-21,M,25,petty trade,6,1.6,yes,1
BW503114,BR-20,F,56,petty trade,12,10.4,yes,1
BW503115,BR-24,F,37,farming,7,8.2,0,6
BW503116,BR-08,M,63,poultry,6,2.2,no,1
BW503117,BR-24,M,38,hairdressing,11,6.7,TRUE,0
BW503118,BR-03,F,56,food vending,10,2.5,FALSE,4
BW503119,BR-05,F,37,tailoring,5,10.2,no,1
BW503120,BR-13,F,24,carpentry,3,0.6,no,3
BW503121,BR-21,M,37,hairdressing,6,13.0,False,0
BW503122,BR-10,M,40,poultry,5,4.6,0,3
BW503123,BR-04,F,57,petty trade,3,4.3,FALSE,3
BW503124,BR-22,F,54,farming,11,6.3,1,6
BW503125,BR-04,M,29,teaching,7,0.5,0,2
BW503126,BR-07,F,46,hairdressing,12,3.9,0,2
BW503127,BR-07,F,64,teaching,3,3.3,FALSE,0
BW503128,BR-04,F,34,retail shop,4,7.9,TRUE,6
BW503129,BR-18,F,54,teaching,12,8.0,FALSE,4
BW503130,BR-23,F,30,hairdressing,10,7.4,0,1
BW503131,BR-21,F,51,tailoring,2,5.1,0,9
BW503132,BR-19,F,46,poultry,4,5.5,True,1
BW503133,BR-05,M,41,food vending,12,9.9,1,1
BW503134,BR-10,F,22,petty trade,6,6.1,0,0
BW503135,BR-18,M,57,tailoring,10,1.0,yes,3
BW503136,BR-02,F,56,teaching,5,1.0,no,3
BW503137,BR-21,F,45,farming,2,2.8,yes,4
BW503138,BR-16,F,42,poultry,5,12.2,1,0
BW503139,BR-18,M,52,farming,11,3.0,FALSE,1
BW503140,BR-14,M,50,phone repair,6,8.8,TRUE,2
BW503141,BR-06,M,60,tailoring,12,7.6,no,4
BW503142,BR-22,M,45,retail shop,8,10.0,False,4
BW503143,BR-08,M,44,petty trade,6,1.1,0,1
BW503144,BR-06,F,56,masonry,11,3.2,no,1
BW503145,BR-19,F,23,masonry,4,0.6,yes,0
BW503146,BR-01,F,27,phone repair,8,9.7,yes,6
BW503147,BR-23,F,57,poultry,12,1.4,FALSE,0
BW503148,BR-21,F,45,hairdressing,2,1.0,no,0
BW503149,BR-14,F,30,teaching,6,0.8,yes,0
BW503150,BR-16,F,56,carpentry,3,10.3,TRUE,9
BW503151,BR-17,F,19,food vending,5,0.7,FALSE,0
BW503152,BR-16,F,38,transport,7,1.9,0,2
BW503153,BR-06,M,37,teaching,12,2.4,no,9
BW503154,BR-16,M,24,farming,6,4.2,1,0
BW503155,BR-19,M,24,phone repair,11,0.6,1,3
BW503156,BR-13,F,64,teaching,11,5.5,FALSE,0
BW503157,BR-04,F,64,food vending,12,2.5,TRUE,9
BW503158,BR-20,F,56,masonry,9,5.6,0,6
BW503159,BR-17,F,50,carpentry,1,6.0,True,1
BW503160,BR-02,M,51,petty trade,5,5.3,False,1
BW503161,BR-11,F,23,transport,2,12.2,no,3
BW503162,BR-17,F,38,transport,3,9.4,yes,2
BW503163,BR-10,M,19,teaching,11,3.8,False,4
BW503164,BR-18,M,27,carpentry,12,8.3,1,1
BW503165,BR-15,M,25,transport,8,7.1,no,0
BW503166,BR-18,F,53,retail shop,9,4.2,no,6
BW503167,BR-09,F,32,phone repair,5,5.2,1,0
BW503168,BR-17,F,60,masonry,12,7.0,0,2
BW503169,BR-11,M,52,petty trade,9,8.8,no,9
BW503170,BR-03,M,26,poultry,11,2.7,1,6
BW503171,BR-20,M,62,teaching,9,5.1,True,1
BW503172,BR-12,F,58,carpentry,11,4.9,FALSE,1
BW503173,BR-24,F,30,food vending,1,5.0,no,6
BW503174,BR-13,M,26,food vending,7,7.4,True,1
BW503175,BR-17,F,53,tailoring,1,12.2,0,0
BW503176,BR-09,F,29,phone repair,12,1.7,no,3
BW503177,BR-24,M,63,teaching,1,9.0,no,9
BW503178,BR-18,M,34,farming,1,2.0,False,1
BW503179,BR-23,F,32,hairdressing,4,8.6,yes,4
BW503180,BR-01,M,33,masonry,2,9.2,0,0
BW503181,BR-17,F,57,phone repair,12,8.6,False,6
BW503182,BR-07,M,22,transport,3,2.5,1,0
BW503183,BR-24,F,50,transport,4,4.3,no,1
BW503184,BR-14,F,38,petty trade,12,2.7,yes,3
BW503185,BR-24,M,27,phone repair,12,7.3,0,4
BW503186,BR-11,M,23,carpentry,7,1.6,False,2
BW503187,BR-02,M,61,retail shop,12,5.4,0,2
BW503188,BR-16,M,20,masonry,9,4.8,True,2
BW503189,BR-19,F,57,masonry,5,2.6,TRUE,9
BW503190,BR-11,M,35,poultry,4,9.7,no,6
BW503191,BR-20,F,46,teaching,12,11.8,yes,0
BW503192,BR-24,M,63,petty trade,12,14.9,no,0
BW503193,BR-16,F,20,transport,11,1.7,1,0
BW503194,BR-14,M,33,poultry,12,1.8,1,1
BW503195,BR-03,M,19,transport,8,4.7,no,0
BW503196,BR-06,F,34,farming,12,0.6,1,2
BW503197,BR-06,F,46,retail shop,4,1.3,True,9
BW503198,BR-05,M,21,petty trade,9,3.5,True,2
BW503199,BR-10,M,50,retail shop,10,7.5,1,4
BW503200,BR-10,M,50,teaching,6,7.3,TRUE,2
BW503201,BR-15,F,35,carpentry,10,0.6,TRUE,0
BW503202,BR-10,F,28,petty trade,7,5.7,FALSE,2
BW503203,BR-13,M,40,masonry,7,2.4,False,2
BW503204,BR-18,F,42,teaching,3,5.4,1,9
BW503205,BR-11,M,43,poultry,11,10.2,no,2
BW503206,BR-21,M,46,retail shop,4,1.4,True,3
BW503207,BR-23,F,24,transport,8,8.4,1,0
BW503208,BR-15,F,36,teaching,1,2.7,False,0
BW503209,BR-06,F,39,tailoring,10,7.9,no,0
BW503210,BR-07,F,56,masonry,4,1.3,1,0
BW503211,BR-11,F,45,food vending,1,1.9,False,3
BW503212,BR-13,M,32,poultry,8,1.4,1,3
BW503213,BR-08,F,64,retail shop,2,3.2,TRUE,0
BW503214,BR-15,F,22,tailoring,10,8.6,FALSE,9
BW503215,BR-24,M,20,farming,3,11.8,True,0
BW503216,BR-07,F,59,hairdressing,11,1.1,FALSE,2
BW503217,BR-07,F,53,carpentry,5,2.8,FALSE,4
BW503218,BR-18,M,62,transport,7,4.2,0,0
BW503219,BR-03,F,51,hairdressing,4,8.4,False,6
BW503220,BR-18,F,44,retail shop,5,4.3,False,0
BW503221,BR-05,F,58,petty trade,8,6.8,True,0
BW503222,BR-13,F,46,farming,7,2.8,0,2
BW503223,BR-18,M,46,petty trade,1,14.3,FALSE,2
BW503224,BR-08,F,32,masonry,9,4.5,no,1
BW503225,BR-18,M,42,retail shop,2,6.1,True,2
BW503226,BR-01,F,28,poultry,6,6.2,yes,3
BW503227,BR-20,F,58,carpentry,6,10.6,no,1
BW503228,BR-23,M,38,petty trade,4,4.8,1,0
BW503229,BR-06,M,26,hairdressing,8,8.7,True,0
BW503230,BR-19,F,31,poultry,4,5.1,1,2
BW503231,BR-14,M,52,hairdressing,1,9.9,False,4
BW503232,BR-10,M,21,carpentry,10,5.2,1,2
BW503233,BR-09,M,31,carpentry,5,7.5,no,2
BW503234,BR-18,F,31,farming,3,6.9,no,0
BW503235,BR-13,F,42,retail shop,2,6.8,1,3
BW503236,BR-12,F,38,farming,10,4.4,True,9
BW503237,BR-07,F,34,poultry,10,5.3,True,1
BW503238,BR-07,F,27,teaching,8,2.4,yes,0
BW503239,BR-15,F,59,teaching,4,0.5,1,2
BW503240,BR-05,M,41,hairdressing,6,5.4,True,0
BW503241,BR-16,F,53,farming,8,5.1,False,0
BW503242,BR-05,M,54,retail shop,5,4.5,yes,2
BW503243,BR-22,M,34,hairdressing,6,1.5,0,0
BW503244,BR-23,M,28,hairdressing,5,3.6,FALSE,6
BW503245,BR-02,F,52,carpentry,4,6.7,1,9
BW503246,BR-24,F,48,hairdressing,7,11.2,yes,1
BW503247,BR-23,M,54,petty trade,8,4.3,TRUE,3
BW503248,BR-04,M,22,farming,1,7.7,FALSE,0
BW503249,BR-09,F,27,phone repair,8,7.9,0,9
BW503250,BR-07,F,36,food vending,6,3.0,FALSE,2
BW503251,BR-18,F,33,transport,1,5.4,yes,6
BW503252,BR-06,M,30,tailoring,6,9.2,no,0
BW503253,BR-15,F,36,masonry,5,9.9,True,1
BW503254,BR-08,M,60,carpentry,4,9.5,0,4
BW503255,BR-01,F,38,tailoring,6,4.8,True,1
BW503256,BR-23,F,42,retail shop,12,1.2,FALSE,0
BW503257,BR-20,F,34,petty trade,5,4.8,TRUE,4
BW503258,BR-19,F,38,tailoring,1,6.2,FALSE,1
BW503259,BR-23,M,53,food vending,7,5.6,TRUE,1
BW503260,BR-09,F,39,tailoring,8,1.9,False,1
BW503261,BR-21,M,54,phone repair,1,4.0,1,0
BW503262,BR-21,F,20,transport,7,13.4,no,9
BW503263,BR-10,M,28,teaching,8,1.8,FALSE,6
BW503264,BR-16,M,62,poultry,1,7.8,1,4
BW503265,BR-09,F,52,petty trade,7,0.3,1,0
BW503266,BR-09,M,25,masonry,4,13.5,1,9
BW503267,BR-03,F,45,masonry,8,2.3,True,1
BW503268,BR-19,F,48,carpentry,5,6.9,False,0
BW503269,BR-14,F,49,retail shop,8,2.0,False,6
BW503270,BR-04,M,37,farming,3,2.6,no,9
BW503271,BR-04,M,37,phone repair,9,2.3,no,3
BW503272,BR-23,M,59,phone repair,11,12.9,True,9
BW503273,BR-01,F,24,carpentry,12,9.4,yes,1
BW503274,BR-21,F,62,retail shop,5,4.8,yes,9
BW503275,BR-23,F,54,food vending,6,7.9,yes,1
BW503276,BR-17,M,33,retail shop,11,11.7,0,0
BW503277,BR-13,F,41,phone repair,3,7.1,0,4
BW503278,BR-09,M,27,hairdressing,6,1.6,True,0
BW503279,BR-06,M,54,poultry,8,8.1,False,6
BW503280,BR-12,F,50,food vending,8,10.3,no,2
BW503281,BR-08,F,59,phone repair,5,1.5,0,0
BW503282,BR-13,M,36,poultry,10,7.3,TRUE,6
BW503283,BR-10,M,23,poultry,12,5.4,no,9
BW503284,BR-08,F,44,teaching,7,6.2,TRUE,1
BW503285,BR-06,F,43,poultry,11,6.7,True,1
BW503286,BR-01,F,26,hairdressing,2,5.2,yes,1
BW503287,BR-06,F,38,retail shop,3,7.0,True,1
BW503288,BR-13,F,36,hairdressing,4,5.6,TRUE,4
BW503289,BR-23,M,44,teaching,4,6.1,False,4
BW503290,BR-09,F,51,retail shop,10,4.9,True,0
BW503291,BR-05,F,28,petty trade,12,16.3,FALSE,1
BW503292,BR-13,M,32,teaching,8,3.5,yes,4
BW503293,BR-10,F,25,hairdressing,6,6.3,0,1
BW503294,BR-05,F,33,hairdressing,3,4.2,FALSE,9
BW503295,BR-23,F,58,hairdressing,9,7.4,FALSE,9
BW503296,BR-06,F,45,food vending,4,4.4,False,1
BW503297,BR-09,F,44,poultry,2,8.2,no,2
BW503298,BR-20,F,23,masonry,4,7.2,False,2
BW503299,BR-13,M,54,poultry,8,1.1,yes,2
BW503300,BR-21,F,47,retail shop,5,1.0,FALSE,0
BW503301,BR-15,F,26,transport,7,8.0,1,6
BW503302,BR-05,M,20,hairdressing,6,11.4,no,1
BW503303,BR-18,F,60,carpentry,5,10.3,yes,0
BW503304,BR-18,F,55,petty trade,1,0.3,no,3
BW503305,BR-18,F,41,farming,11,5.1,False,1
BW503306,BR-22,F,28,carpentry,9,5.4,TRUE,1
BW503307,BR-24,F,62,teaching,5,10.9,yes,3
BW503308,BR-20,M,36,phone repair,4,2.5,TRUE,2
BW503309,BR-11,M,27,hairdressing,2,15.8,0,0
BW503310,BR-01,F,52,hairdressing,1,7.5,no,3
BW503311,BR-02,F,31,farming,10,8.5,TRUE,6
BW503312,BR-22,F,25,carpentry,6,1.3,False,1
BW503313,BR-20,F,27,teaching,5,8.6,no,1
BW503314,BR-18,F,29,transport,12,1.9,True,9
BW503315,BR-14,F,59,phone repair,12,5.7,FALSE,3
BW503316,BR-18,M,36,transport,3,9.7,0,6
BW503317,BR-02,F,55,poultry,5,0.5,1,1
BW503318,BR-23,F,56,retail shop,6,4.5,TRUE,3
BW503319,BR-03,F,33,tailoring,2,9.3,0,0
BW503320,BR-14,F,40,hairdressing,2,2.1,True,3
BW503321,BR-03,F,20,transport,12,3.5,False,1
BW503322,BR-12,M,31,food vending,11,1.8,True,6
BW503323,BR-22,F,63,phone repair,3,1.3,False,9
BW503324,BR-18,M,27,farming,8,3.2,no,3
BW503325,BR-18,M,36,phone repair,10,2.8,no,0
BW503326,BR-05,F,40,masonry,12,4.8,no,0
BW503327,BR-19,F,30,phone repair,12,9.3,yes,1
BW503328,BR-17,M,38,tailoring,12,4.4,TRUE,0
BW503329,BR-02,F,27,transport,8,12.4,False,0
BW503330,BR-11,M,34,food vending,3,0.6,1,0
BW503331,BR-14,M,44,carpentry,3,10.4,FALSE,1
BW503332,BR-05,M,34,farming,3,4.8,TRUE,6
BW503333,BR-16,M,22,teaching,4,6.7,yes,1
BW503334,BR-05,M,32,farming,12,3.9,True,3
BW503335,BR-17,M,36,food vending,7,3.0,1,1
BW503336,BR-18,M,43,carpentry,11,0.4,FALSE,3
BW503337,BR-09,F,26,retail shop,5,4.4,0,3
BW503338,BR-21,F,39,retail shop,8,4.5,True,1
BW503339,BR-09,M,48,transport,9,4.4,no,0
BW503340,BR-04,F,63,masonry,8,3.8,TRUE,6
BW503341,BR-20,M,33,farming,10,4.7,TRUE,2
BW503342,BR-01,F,37,food vending,4,1.8,True,4
BW503343,BR-20,F,21,masonry,7,4.9,no,4
BW503344,BR-10,F,33,phone repair,9,1.3,0,9
BW503345,BR-19,F,31,tailoring,9,8.6,no,1
BW503346,BR-13,F,47,tailoring,5,2.8,True,4
BW503347,BR-08,F,50,farming,4,3.0,True,0
BW503348,BR-07,M,43,carpentry,11,1.9,1,1
BW503349,BR-12,M,43,retail shop,5,6.8,FALSE,0
BW503350,BR-13,F,42,teaching,8,3.0,0,4
BW503351,BR-11,F,57,transport,2,0.3,1,4
BW503352,BR-03,M,37,teaching,7,10.9,1,2
BW503353,BR-17,F,57,carpentry,5,3.7,FALSE,2
BW503354,BR-17,F,53,tailoring,2,3.0,0,1
BW503355,BR-16,F,21,teaching,1,0.8,FALSE,6
BW503356,BR-13,M,43,hairdressing,10,9.0,0,1
BW503357,BR-23,F,60,farming,7,3.0,1,0
BW503358,BR-22,M,54,teaching,1,0.9,1,0
BW503359,BR-05,M,35,phone repair,4,4.3,TRUE,1
BW503360,BR-09,F,29,carpentry,10,3.5,0,3
BW503361,BR-13,F,64,teaching,2,7.0,True,4
BW503362,BR-16,M,51,poultry,10,6.1,1,3
BW503363,BR-20,M,26,hairdressing,1,8.3,False,1
BW503364,BR-08,M,50,food vending,10,7.0,FALSE,1
BW503365,BR-24,M,43,retail shop,6,0.5,TRUE,0
BW503366,BR-08,M,26,phone repair,9,9.9,no,1
BW503367,BR-17,M,46,petty trade,2,1.8,yes,1
BW503368,BR-13,F,43,masonry,5,5.8,no,1
BW503369,BR-21,F,57,tailoring,3,7.2,1,2
BW503370,BR-23,F,54,phone repair,9,7.3,0,4
BW503371,BR-15,F,46,poultry,9,4.4,0,1
BW503372,BR-22,M,55,petty trade,8,7.8,FALSE,1
BW503373,BR-24,M,53,masonry,8,10.3,0,4
BW503374,BR-07,F,57,phone repair,1,7.3,0,3
BW503375,BR-06,F,29,poultry,6,0.7,False,4
BW503376,BR-20,M,63,hairdressing,7,3.7,False,0
BW503377,BR-08,M,44,hairdressing,3,4.3,no,1
BW503378,BR-24,M,58,transport,9,1.9,0,3
BW503379,BR-16,M,60,petty trade,1,6.3,TRUE,4
BW503380,BR-02,M,64,masonry,10,6.4,False,9
BW503381,BR-05,M,31,phone repair,12,3.4,yes,1
BW503382,BR-16,M,61,tailoring,5,8.4,no,3
BW503383,BR-06,F,39,retail shop,10,3.3,True,9
BW503384,BR-03,M,27,petty trade,7,4.6,TRUE,2
BW503385,BR-10,F,56,phone repair,8,14.8,no,0
BW503386,BR-16,M,36,masonry,10,11.6,0,6
BW503387,BR-21,M,55,masonry,8,1.5,True,0
BW503388,BR-07,F,45,petty trade,10,8.1,1,1
BW503389,BR-21,F,63,farming,9,5.4,FALSE,0
BW503390,BR-15,F,50,farming,5,2.2,False,2
BW503391,BR-02,M,51,petty trade,11,5.4,True,0
BW503392,BR-18,M,57,hairdressing,11,4.9,False,3
BW503393,BR-17,M,55,farming,8,8.4,False,9
BW503394,BR-16,M,28,petty trade,2,1.6,0,9
BW503395,BR-19,M,38,transport,1,1.6,no,4
BW503396,BR-24,F,33,retail shop,2,9.5,0,9
BW503397,BR-15,M,25,tailoring,7,1.8,False,0
BW503398,BR-01,F,30,hairdressing,6,9.6,1,2
BW503399,BR-01,M,60,transport,5,2.8,TRUE,4
BW503400,BR-09,F,20,hairdressing,5,4.6,1,9
BW503401,BR-08,F,23,food vending,8,4.2,0,1
BW503402,BR-19,F,36,carpentry,3,8.9,no,4
BW503403,BR-10,F,44,poultry,4,7.7,False,0
BW503404,BR-04,F,36,hairdressing,12,9.1,0,0
BW503405,BR-13,F,43,farming,3,5.6,no,9
BW503406,BR-22,F,35,hairdressing,5,9.5,TRUE,1
BW503407,BR-13,F,31,masonry,5,8.7,True,1
BW503408,BR-01,M,22,masonry,6,2.7,False,4
BW503409,BR-01,F,20,food vending,12,4.1,TRUE,6
BW503410,BR-13,F,33,transport,9,10.4,1,1
BW503411,BR-07,F,29,masonry,6,2.6,False,1
BW503412,BR-10,F,40,poultry,9,3.3,no,3
BW503413,BR-13,F,59,hairdressing,8,5.0,yes,3
BW503414,BR-13,F,40,hairdressing,11,7.2,no,4
BW503415,BR-16,F,47,petty trade,9,1.1,0,9
BW503416,BR-10,F,29,transport,2,8.8,False,0
BW503417,BR-15,F,28,tailoring,9,8.1,no,9
BW503418,BR-01,F,23,transport,11,1.5,False,1
BW503419,BR-10,F,53,hairdressing,7,10.7,no,4
BW503420,BR-11,F,25,hairdressing,3,10.3,0,4
BW503421,BR-13,M,60,retail shop,8,13.1,no,4
BW503422,BR-07,M,31,farming,4,2.5,1,3
BW503423,BR-14,M,43,carpentry,3,8.6,0,2
BW503424,BR-14,M,63,hairdressing,1,4.1,no,1
BW503425,BR-10,F,27,transport,1,7.3,1,6
BW503426,BR-14,M,31,farming,11,1.3,yes,0
BW503427,BR-16,F,39,tailoring,8,6.9,False,3
BW503428,BR-20,F,40,farming,12,0.9,FALSE,3
BW503429,BR-15,F,54,retail shop,3,2.2,1,4
BW503430,BR-08,M,40,poultry,1,1.2,TRUE,9
BW503431,BR-22,M,32,masonry,5,6.2,1,3
BW503432,BR-12,M,59,retail shop,7,1.3,0,1
BW503433,BR-09,M,53,food vending,6,3.5,True,4
BW503434,BR-22,M,23,poultry,3,11.8,yes,9
BW503435,BR-23,F,52,poultry,7,11.3,False,0
BW503436,BR-07,F,31,transport,10,8.1,TRUE,0
BW503437,BR-17,F,41,teaching,1,1.9,no,0
BW503438,BR-09,F,56,petty trade,2,6.4,TRUE,9
BW503439,BR-13,F,46,phone repair,10,1.1,1,1
BW503440,BR-14,M,47,food vending,5,15.9,no,3
BW503441,BR-12,F,51,hairdressing,6,9.0,0,3
BW503442,BR-24,F,29,retail shop,1,10.0,no,0
BW503443,BR-19,M,57,carpentry,1,8.7,no,0
BW503444,BR-01,F,60,retail shop,12,0.4,True,0
BW503445,BR-17,F,41,poultry,7,6.3,no,0
BW503446,BR-23,F,47,transport,7,3.4,yes,9
BW503447,BR-17,F,49,hairdressing,10,6.9,FALSE,9
BW503448,BR-13,M,45,food vending,8,5.4,FALSE,3
BW503449,BR-02,M,36,retail shop,4,2.6,0,3
BW503450,BR-06,F,58,masonry,11,2.9,TRUE,0
BW503451,BR-03,M,40,retail shop,2,9.5,FALSE,1
BW503452,BR-17,F,41,teaching,5,7.1,FALSE,6
BW503453,BR-04,M,63,transport,3,4.9,no,4
BW503454,BR-08,F,58,carpentry,7,3.6,yes,9
BW503455,BR-23,F,50,petty trade,9,5.9,False,9
BW503456,BR-20,M,27,poultry,9,11.8,TRUE,4
BW503457,BR-06,F,45,teaching,2,10.0,1,1
BW503458,BR-20,F,62,hairdressing,5,3.3,no,0
BW503459,BR-24,F,32,teaching,5,6.8,1,1
BW503460,BR-02,F,28,poultry,4,4.3,yes,4
BW503461,BR-09,F,28,masonry,8,3.6,1,0
BW503462,BR-07,M,21,retail shop,4,3.8,yes,3
BW503463,BR-01,M,37,petty trade,1,7.6,0,9
BW503464,BR-12,M,43,retail shop,9,9.9,1,1
BW503465,BR-15,M,34,carpentry,9,2.8,TRUE,4
BW503466,BR-04,M,38,carpentry,1,2.9,False,9
BW503467,BR-18,F,35,masonry,3,4.7,False,6
BW503468,BR-12,F,58,food vending,4,8.8,yes,2
BW503469,BR-18,M,62,retail shop,12,3.1,yes,2
BW503470,BR-05,F,48,petty trade,3,13.1,yes,6
BW503471,BR-19,F,41,poultry,6,5.1,1,2
BW503472,BR-19,M,32,phone repair,11,1.0,0,3
BW503473,BR-05,M,49,farming,4,2.7,False,0
BW503474,BR-15,F,46,hairdressing,3,8.1,TRUE,9
BW503475,BR-13,F,53,carpentry,6,6.4,no,4
BW503476,BR-10,M,29,poultry,11,9.9,no,9
BW503477,BR-24,M,61,hairdressing,4,7.3,TRUE,2
BW503478,BR-06,F,51,hairdressing,11,5.4,TRUE,1
BW503479,BR-22,M,19,teaching,4,1.3,no,0
BW503480,BR-08,M,22,masonry,4,3.0,TRUE,0
BW503481,BR-11,F,33,petty trade,7,8.1,TRUE,9
BW503482,BR-23,F,29,tailoring,10,1.7,0,4
BW503483,BR-11,F,32,food vending,2,9.7,no,6
BW503484,BR-06,F,64,petty trade,5,7.4,True,6
BW503485,BR-15,F,25,retail shop,5,5.8,1,0
BW503486,BR-21,F,50,farming,5,4.0,0,0
BW503487,BR-01,F,19,hairdressing,11,5.7,no,1
BW503488,BR-14,M,24,phone repair,4,10.4,no,0
BW503489,BR-12,F,61,poultry,7,3.0,True,0
BW503490,BR-12,F,20,transport,12,12.2,1,9
BW503491,BR-08,F,44,masonry,11,3.4,0,1
BW503492,BR-03,F,33,masonry,4,14.0,True,1
BW503493,BR-12,M,29,tailoring,9,6.8,False,9
BW503494,BR-09,M,29,transport,9,3.1,yes,6
BW503495,BR-04,F,38,farming,3,6.6,1,9
BW503496,BR-21,M,53,transport,2,7.1,TRUE,0
BW503497,BR-15,M,61,poultry,3,2.3,no,6
BW503498,BR-20,F,38,farming,3,8.5,1,6
BW503499,BR-20,M,33,farming,4,1.9,1,3
BW503500,BR-17,M,43,farming,3,6.2,FALSE,2
BW503501,BR-07,M,35,carpentry,10,4.9,0,3
BW503502,BR-03,F,54,poultry,2,13.0,TRUE,4
BW503503,BR-18,M,48,transport,4,9.4,True,2
BW503504,BR-07,M,62,transport,11,9.6,0,9
BW503505,BR-18,F,29,petty trade,3,4.1,yes,1
BW503506,BR-07,F,58,retail shop,5,5.3,FALSE,1
BW503507,BR-13,M,62,hairdressing,5,11.9,0,0
BW503508,BR-09,M,53,farming,12,6.9,False,0
BW503509,BR-20,F,46,food vending,2,6.0,True,0
BW503510,BR-06,F,34,carpentry,7,8.0,TRUE,0
BW503511,BR-12,F,20,hairdressing,1,3.8,no,1
BW503512,BR-06,F,54,teaching,12,5.2,FALSE,0
BW503513,BR-14,M,47,carpentry,9,2.5,False,1
BW503514,BR-23,M,51,food vending,5,3.3,TRUE,0
BW503515,BR-17,F,34,phone repair,11,8.0,yes,2
BW503516,BR-15,M,25,teaching,10,9.3,0,9
BW503517,BR-17,M,34,retail shop,12,5.6,FALSE,2
BW503518,BR-13,M,60,carpentry,4,4.8,TRUE,2
BW503519,BR-21,F,27,phone repair,9,4.0,yes,9
BW503520,BR-12,M,35,retail shop,3,8.6,no,4
BW503521,BR-02,M,22,hairdressing,1,7.5,yes,3
BW503522,BR-05,M,26,hairdressing,10,4.5,False,2
BW503523,BR-08,F,56,teaching,9,8.6,no,9
BW503524,BR-18,M,27,tailoring,5,5.4,yes,0
BW503525,BR-11,F,19,tailoring,11,5.9,TRUE,3
BW503526,BR-09,F,21,petty trade,3,5.9,no,3
BW503527,BR-01,M,36,farming,8,7.4,yes,0
BW503528,BR-15,M,58,poultry,6,3.8,FALSE,0
BW503529,BR-24,F,37,masonry,9,0.8,FALSE,1
BW503530,BR-02,F,34,farming,8,5.5,0,3
BW503531,BR-23,M,63,farming,4,1.7,yes,3
BW503532,BR-01,F,39,teaching,11,4.8,False,9
BW503533,BR-07,M,30,phone repair,1,9.2,no,4
BW503534,BR-16,M,22,teaching,4,4.9,yes,2
BW503535,BR-19,M,25,phone repair,12,18.2,yes,1
BW503536,BR-03,F,48,carpentry,7,1.1,0,6
BW503537,BR-22,M,36,carpentry,7,7.8,TRUE,1
BW503538,BR-22,M,24,phone repair,9,4.7,False,2
BW503539,BR-18,F,51,farming,10,9.7,True,1
BW503540,BR-17,M,57,transport,1,5.8,no,9
BW503541,BR-22,F,29,phone repair,3,5.8,0,1
BW503542,BR-04,F,28,transport,10,3.2,1,1
BW503543,BR-03,F,48,food vending,1,0.6,True,0
BW503544,BR-20,F,64,phone repair,12,6.1,FALSE,0
BW503545,BR-02,F,54,tailoring,7,0.7,FALSE,3
BW503546,BR-14,F,30,poultry,2,7.2,yes,4
BW503547,BR-10,F,59,retail shop,9,5.2,True,1
BW503548,BR-22,M,21,food vending,8,8.6,FALSE,3
BW503549,BR-01,M,25,food vending,5,2.0,False,3
BW503550,BR-08,M,21,tailoring,12,0.3,1,1
BW503551,BR-06,F,51,hairdressing,11,1.5,TRUE,4
BW503552,BR-20,F,40,retail shop,9,8.8,False,4
BW503553,BR-19,M,62,retail shop,3,5.2,TRUE,0
BW503554,BR-24,F,58,teaching,4,9.0,FALSE,2
BW503555,BR-02,M,31,phone repair,5,6.6,FALSE,4
BW503556,BR-13,M,34,transport,4,4.8,True,0
BW503557,BR-07,M,42,phone repair,7,4.8,False,3
BW503558,BR-21,F,25,transport,2,1.4,FALSE,9
BW503559,BR-21,F,49,tailoring,2,2.1,True,4
BW503560,BR-16,M,63,retail shop,3,6.5,False,1
BW503561,BR-03,M,49,masonry,6,8.0,FALSE,6
BW503562,BR-24,M,22,transport,10,12.2,no,6
BW503563,BR-24,M,32,farming,10,15.7,no,6
BW503564,BR-16,M,63,poultry,6,2.8,0,1
BW503565,BR-15,M,22,retail shop,11,4.6,True,1
BW503566,BR-18,M,26,poultry,3,2.5,False,9
BW503567,BR-21,F,59,hairdressing,7,6.3,True,0
BW503568,BR-16,F,59,farming,9,6.4,TRUE,1
BW503569,BR-18,M,24,tailoring,2,2.9,FALSE,1
BW503570,BR-05,F,62,food vending,9,7.0,yes,3
BW503571,BR-19,F,33,poultry,7,12.0,False,9
BW503572,BR-04,M,60,hairdressing,11,7.8,TRUE,1
BW503573,BR-02,F,48,phone repair,1,12.4,yes,2
BW503574,BR-04,F,48,food vending,12,1.7,True,4
BW503575,BR-10,F,56,transport,1,2.2,TRUE,4
BW503576,BR-09,F,31,masonry,11,7.4,TRUE,6
BW503577,BR-04,F,55,teaching,11,7.9,1,2
BW503578,BR-19,M,30,carpentry,3,0.2,0,3
BW503579,BR-06,F,58,hairdressing,8,2.2,True,0
BW503580,BR-13,M,34,teaching,6,3.2,FALSE,1
BW503581,BR-13,F,49,retail shop,1,10.1,True,3
BW503582,BR-11,F,26,hairdressing,11,7.7,True,3
BW503583,BR-22,M,37,retail shop,9,2.7,FALSE,9
BW503584,BR-07,M,62,food vending,7,3.9,1,4
BW503585,BR-16,M,51,tailoring,11,10.1,False,0
BW503586,BR-02,M,37,poultry,12,7.8,1,1
BW503587,BR-21,F,38,food vending,5,4.9,no,2
BW503588,BR-03,F,27,food vending,1,1.8,TRUE,9
BW503589,BR-23,F,26,tailoring,11,8.8,0,1
BW503590,BR-18,M,22,transport,4,7.2,FALSE,1
BW503591,BR-02,F,42,retail shop,1,7.5,FALSE,2
BW503592,BR-04,F,54,food vending,4,6.1,yes,1
BW503593,BR-02,F,47,poultry,6,15.0,TRUE,2
BW503594,BR-05,F,43,masonry,2,2.1,TRUE,6
BW503595,BR-14,M,31,transport,7,1.7,TRUE,3
BW503596,BR-07,F,39,farming,3,0.2,True,9
BW503597,BR-01,F,60,farming,10,0.9,TRUE,6
BW503598,BR-19,F,63,transport,3,4.1,False,6
BW503599,BR-11,F,21,teaching,6,5.1,TRUE,9
BW503600,BR-02,M,25,retail shop,9,6.3,0,0
BW503601,BR-17,M,31,hairdressing,12,2.4,TRUE,6
BW503602,BR-14,F,37,poultry,9,6.0,True,2
BW503603,BR-03,F,64,poultry,1,10.8,no,3
BW503604,BR-18,F,30,tailoring,7,1.2,0,1
BW503605,BR-03,M,19,petty trade,5,1.8,TRUE,6
BW503606,BR-19,F,56,masonry,6,3.7,yes,4
BW503607,BR-02,F,46,carpentry,10,3.1,False,6
BW503608,BR-06,F,61,tailoring,9,6.5,1,0
BW503609,BR-09,M,31,carpentry,11,0.5,yes,1
BW503610,BR-21,F,33,transport,9,0.2,FALSE,9
BW503611,BR-21,F,35,transport,9,7.0,yes,0
BW503612,BR-13,F,55,transport,9,2.4,0,1
BW503613,BR-18,F,29,poultry,9,6.4,TRUE,9
BW503614,BR-09,F,53,tailoring,11,3.4,0,1
BW503615,BR-05,M,63,carpentry,1,7.1,0,3
BW503616,BR-12,F,52,carpentry,10,10.6,yes,0
BW503617,BR-06,F,54,teaching,2,6.8,False,3
BW503618,BR-10,M,34,petty trade,7,3.6,0,4
BW503619,BR-07,M,58,poultry,12,3.8,0,3
BW503620,BR-22,M,26,hairdressing,1,3.3,TRUE,1
BW503621,BR-11,F,20,petty trade,5,4.2,0,0
BW503622,BR-17,F,20,masonry,7,6.2,1,1
BW503623,BR-07,M,32,retail shop,4,4.8,TRUE,4
BW503624,BR-22,F,20,farming,7,0.9,0,1
BW503625,BR-10,M,24,carpentry,9,8.7,1,6
BW503626,BR-19,M,29,poultry,8,5.3,1,0
BW503627,BR-24,M,61,farming,12,7.3,FALSE,4
BW503628,BR-06,M,45,petty trade,6,3.7,0,1
BW503629,BR-18,M,62,farming,4,0.9,no,0
BW503630,BR-07,F,22,transport,6,2.4,yes,3
BW503631,BR-15,F,38,tailoring,9,7.7,False,2
BW503632,BR-09,M,30,transport,7,5.8,FALSE,2
BW503633,BR-14,M,56,transport,6,11.4,FALSE,4
BW503634,BR-15,F,34,teaching,8,0.5,1,2
BW503635,BR-12,F,44,poultry,3,3.2,FALSE,9
BW503636,BR-20,F,57,farming,6,4.0,0,0
BW503637,BR-16,F,20,teaching,11,10.4,False,6
BW503638,BR-09,F,25,hairdressing,5,3.0,no,1
BW503639,BR-08,F,58,carpentry,6,3.5,0,6
BW503640,BR-11,F,47,retail shop,1,2.9,True,1
BW503641,BR-04,F,39,tailoring,9,4.3,no,4
BW503642,BR-08,M,41,retail shop,4,8.9,yes,1
BW503643,BR-24,F,53,masonry,12,7.3,yes,0
BW503644,BR-20,F,24,teaching,5,8.3,TRUE,0
BW503645,BR-02,F,43,masonry,6,7.1,True,2
BW503646,BR-06,M,45,hairdressing,12,11.8,False,4
BW503647,BR-02,M,50,petty trade,5,4.1,True,9
BW503648,BR-02,F,40,teaching,9,8.4,False,1
BW503649,BR-10,M,59,hairdressing,3,4.6,no,4
BW503650,BR-02,F,41,tailoring,2,4.7,FALSE,3
BW503651,BR-12,F,31,poultry,6,1.5,True,1
BW503652,BR-12,M,50,petty trade,11,4.7,0,6
BW503653,BR-14,F,31,petty trade,11,0.2,FALSE,4
BW503654,BR-18,M,43,food vending,10,6.7,no,9
BW503655,BR-13,F,39,poultry,3,5.6,0,2
BW503656,BR-18,F,39,farming,3,9.1,False,4
BW503657,BR-08,M,51,tailoring,4,2.7,1,3
BW503658,BR-19,F,22,teaching,4,11.6,False,1
BW503659,BR-16,M,46,tailoring,5,1.1,no,4
BW503660,BR-08,M,61,teaching,5,11.4,True,4
BW503661,BR-18,M,35,tailoring,1,6.6,yes,1
BW503662,BR-15,F,36,farming,9,6.6,FALSE,1
BW503663,BR-16,M,53,retail shop,11,5.4,1,0
BW503664,BR-11,F,26,poultry,5,4.0,FALSE,0
BW503665,BR-08,F,21,masonry,7,6.9,True,0
BW503666,BR-09,F,57,retail shop,10,0.5,TRUE,2
BW503667,BR-10,F,21,farming,5,4.0,no,1
BW503668,BR-21,F,54,teaching,8,0.5,yes,1
BW503669,BR-08,F,63,teaching,1,10.5,0,4
BW503670,BR-22,M,22,poultry,2,8.1,FALSE,2
BW503671,BR-03,F,21,masonry,9,7.7,FALSE,9
BW503672,BR-08,F,52,transport,7,5.1,0,1
BW503673,BR-19,F,21,masonry,10,8.1,0,0
BW503674,BR-10,F,48,retail shop,9,0.8,1,6
BW503675,BR-19,M,25,petty trade,1,3.0,False,0
BW503676,BR-06,F,19,masonry,1,2.3,FALSE,1
BW503677,BR-16,M,47,carpentry,7,6.0,True,0
BW503678,BR-09,F,19,masonry,8,1.0,FALSE,3
BW503679,BR-10,M,56,poultry,4,10.2,no,3
BW503680,BR-22,M,56,farming,10,2.4,0,0
BW503681,BR-05,F,42,petty trade,6,6.8,0,4
BW503682,BR-11,F,27,hairdressing,9,3.3,no,2
BW503683,BR-02,M,64,hairdressing,10,6.2,1,1
BW503684,BR-24,F,37,petty trade,8,5.5,FALSE,0
BW503685,BR-24,F,42,transport,9,7.9,True,0
BW503686,BR-06,F,40,retail shop,5,3.1,yes,0
BW503687,BR-19,F,44,farming,2,7.0,0,6
BW503688,BR-21,F,48,hairdressing,8,6.2,yes,9
BW503689,BR-11,F,56,hairdressing,6,6.2,FALSE,4
BW503690,BR-06,M,30,phone repair,6,5.4,TRUE,4
BW503691,BR-10,M,24,petty trade,3,5.6,TRUE,1
BW503692,BR-07,F,26,hairdressing,10,3.2,FALSE,2
BW503693,BR-12,F,35,farming,12,4.2,1,1
BW503694,BR-10,F,33,petty trade,3,7.7,yes,6
BW503695,BR-23,M,24,teaching,1,4.0,yes,1
BW503696,BR-03,F,46,farming,8,9.7,1,3
BW503697,BR-11,M,24,petty trade,9,0.2,no,3
BW503698,BR-22,F,58,hairdressing,2,2.8,TRUE,4
BW503699,BR-11,F,57,phone repair,1,6.5,yes,3
BW503700,BR-22,F,40,phone repair,12,10.8,TRUE,6
BW503701,BR-07,M,47,retail shop,2,6.4,0,6
BW503702,BR-15,M,44,tailoring,6,8.5,FALSE,6
BW503703,BR-11,F,60,carpentry,5,3.8,yes,2
BW503704,BR-14,M,53,petty trade,7,9.0,False,0
BW503705,BR-07,F,37,transport,2,12.7,False,1
BW503706,BR-03,M,40,farming,6,3.7,0,9
BW503707,BR-17,F,64,food vending,3,2.0,True,1
BW503708,BR-03,F,50,masonry,12,6.8,True,0
BW503709,BR-01,F,51,tailoring,9,2.7,0,1
BW503710,BR-06,M,36,hairdressing,12,8.6,True,1
BW503711,BR-13,M,37,tailoring,4,10.8,TRUE,1
BW503712,BR-24,F,22,poultry,4,3.3,0,2
BW503713,BR-20,F,37,teaching,8,1.7,yes,9
BW503714,BR-08,M,33,phone repair,4,6.7,yes,9
BW503715,BR-01,F,45,phone repair,7,1.8,TRUE,0
BW503716,BR-20,M,60,phone repair,3,9.7,no,1
BW503717,BR-09,F,48,teaching,9,4.7,no,6
BW503718,BR-06,M,24,petty trade,7,12.9,0,6
BW503719,BR-16,M,54,teaching,3,4.0,no,1
BW503720,BR-05,F,28,petty trade,2,3.7,FALSE,3
BW503721,BR-05,M,48,poultry,12,4.0,1,9
BW503722,BR-22,F,22,retail shop,2,6.2,yes,6
BW503723,BR-14,M,59,poultry,12,3.2,FALSE,9
BW503724,BR-09,F,39,phone repair,12,6.7,0,1
BW503725,BR-19,F,49,teaching,3,7.8,1,4
BW503726,BR-21,F,19,poultry,12,4.1,TRUE,0
BW503727,BR-18,F,34,farming,8,8.6,TRUE,1
BW503728,BR-20,M,39,poultry,9,7.7,0,4
BW503729,BR-06,M,31,petty trade,8,5.9,no,6
BW503730,BR-11,F,56,phone repair,11,6.3,FALSE,6
BW503731,BR-09,M,51,petty trade,10,5.2,TRUE,9
BW503732,BR-19,F,42,tailoring,11,1.1,1,9
BW503733,BR-23,F,21,retail shop,11,8.7,yes,3
BW503734,BR-11,M,33,transport,10,2.8,True,4
BW503735,BR-12,F,60,masonry,4,6.2,TRUE,3
BW503736,BR-20,F,20,transport,4,11.2,FALSE,2
BW503737,BR-18,M,23,retail shop,2,3.1,False,1
BW503738,BR-02,F,48,carpentry,3,9.8,1,0
BW503739,BR-15,F,41,masonry,11,7.6,no,1
BW503740,BR-03,F,28,food vending,7,6.6,yes,9
BW503741,BR-21,M,64,phone repair,10,4.6,no,1
BW503742,BR-08,F,40,transport,2,2.7,True,6
BW503743,BR-13,F,59,teaching,7,8.2,False,2
BW503744,BR-09,F,42,retail shop,8,0.7,True,0
BW503745,BR-20,F,32,retail shop,7,4.4,no,4
BW503746,BR-11,F,60,carpentry,3,0.5,False,3
BW503747,BR-24,F,60,hairdressing,7,12.6,1,0
BW503748,BR-20,F,30,retail shop,10,2.1,FALSE,9
BW503749,BR-11,F,24,teaching,8,2.8,1,4
BW503750,BR-14,M,45,carpentry,10,8.8,True,0
BW503751,BR-01,M,28,food vending,9,7.7,TRUE,9
BW503752,BR-07,F,50,phone repair,7,10.0,TRUE,9
BW503753,BR-16,F,36,food vending,5,0.8,0,0
BW503754,BR-03,M,29,carpentry,12,6.0,FALSE,3
BW503755,BR-17,M,27,retail shop,1,8.2,True,1
BW503756,BR-24,M,43,phone repair,7,3.2,no,0
BW503757,BR-21,M,58,teaching,9,5.4,TRUE,6
BW503758,BR-05,F,30,food vending,4,6.4,no,4
BW503759,BR-08,F,25,transport,4,6.2,TRUE,9
BW503760,BR-07,M,45,petty trade,6,7.2,FALSE,3
BW503761,BR-22,F,57,tailoring,12,8.8,1,3
BW503762,BR-04,F,44,retail shop,8,6.9,True,4
BW503763,BR-12,F,46,tailoring,12,5.4,False,0
BW503764,BR-13,M,40,phone repair,4,6.2,0,3
BW503765,BR-02,F,47,retail shop,8,5.8,FALSE,9
BW503766,BR-19,F,28,transport,11,2.1,1,9
BW503767,BR-12,M,55,farming,1,0.2,FALSE,6
BW503768,BR-24,M,24,food vending,9,8.5,yes,4
BW503769,BR-15,F,36,tailoring,10,0.2,True,1
BW503770,BR-07,F,59,petty trade,11,6.7,FALSE,0
BW503771,BR-07,F,53,masonry,4,4.3,yes,6
BW503772,BR-12,M,56,phone repair,11,13.1,1,4
BW503773,BR-16,M,60,poultry,11,1.0,TRUE,2
BW503774,BR-01,F,21,retail shop,10,1.6,False,0
BW503775,BR-07,M,36,transport,9,2.1,1,1
BW503776,BR-05,M,42,hairdressing,1,6.1,False,0
BW503777,BR-07,F,25,hairdressing,2,1.3,no,9
BW503778,BR-24,M,30,petty trade,2,3.7,TRUE,2
BW503779,BR-21,F,38,masonry,5,2.9,no,9
BW503780,BR-01,M,47,retail shop,11,8.0,False,9
BW503781,BR-03,F,57,retail shop,10,4.0,False,1
BW503782,BR-20,F,40,teaching,9,5.6,yes,3
BW503783,BR-24,F,25,hairdressing,8,7.3,no,6
BW503784,BR-24,M,59,food vending,4,9.5,TRUE,0
BW503785,BR-19,F,31,tailoring,10,3.3,True,4
BW503786,BR-04,M,41,phone repair,3,1.5,yes,6
BW503787,BR-24,F,53,hairdressing,9,2.4,no,2
BW503788,BR-08,F,43,petty trade,3,0.4,yes,0
BW503789,BR-24,M,43,phone repair,2,7.2,no,9
BW503790,BR-09,M,44,hairdressing,9,4.5,yes,4
BW503791,BR-02,M,40,food vending,1,3.9,0,2
BW503792,BR-23,M,51,tailoring,8,6.8,TRUE,1
BW503793,BR-23,M,60,teaching,9,8.2,yes,2
BW503794,BR-22,F,36,farming,9,6.2,yes,6
BW503795,BR-02,M,53,tailoring,8,6.1,no,0
BW503796,BR-16,F,44,phone repair,4,6.7,FALSE,6
BW503797,BR-08,F,62,masonry,4,9.5,TRUE,9
BW503798,BR-17,F,31,petty trade,3,3.2,yes,9
BW503799,BR-13,F,64,masonry,5,3.5,1,2
BW503800,BR-05,M,39,phone repair,11,3.3,False,9
BW503801,BR-22,M,26,phone repair,2,0.7,yes,2
BW503802,BR-09,M,55,hairdressing,11,2.8,False,4
BW503803,BR-22,M,35,poultry,9,3.7,yes,2
BW503804,BR-04,M,59,carpentry,4,8.3,0,2
BW503805,BR-24,F,19,carpentry,4,0.3,False,0
BW503806,BR-06,M,39,tailoring,5,6.2,True,3
BW503807,BR-12,M,63,food vending,11,5.3,no,2
BW503808,BR-14,M,25,masonry,4,10.1,no,2
BW503809,BR-14,F,47,carpentry,1,12.9,True,1
BW503810,BR-21,F,22,teaching,7,6.5,1,0
BW503811,BR-11,M,23,tailoring,4,7.5,True,6
BW503812,BR-18,F,54,food vending,2,3.9,TRUE,2
BW503813,BR-05,M,48,teaching,1,8.5,False,3
BW503814,BR-05,M,51,phone repair,7,4.8,False,6
BW503815,BR-11,F,54,farming,4,4.1,False,3
BW503816,BR-12,F,30,farming,12,2.0,False,3
BW503817,BR-23,M,24,phone repair,12,10.5,False,3
BW503818,BR-22,M,55,carpentry,1,5.9,False,9
BW503819,BR-11,F,26,transport,5,2.6,yes,1
BW503820,BR-11,M,56,phone repair,10,1.1,False,1
BW503821,BR-05,M,48,teaching,5,2.6,no,6
BW503822,BR-01,M,50,teaching,6,6.7,0,1
BW503823,BR-09,F,60,phone repair,12,4.7,True,0
BW503824,BR-19,M,59,phone repair,8,0.5,yes,4
BW503825,BR-15,F,60,tailoring,1,11.6,False,1
BW503826,BR-15,M,24,poultry,10,3.7,1,4
BW503827,BR-17,F,56,food vending,6,9.2,0,2
BW503828,BR-01,M,47,petty trade,2,5.2,False,1
BW503829,BR-05,M,41,transport,1,4.8,True,0
BW503830,BR-09,F,55,petty trade,10,3.7,0,9
BW503831,BR-16,F,33,retail shop,12,2.3,FALSE,6
BW503832,BR-24,F,20,farming,9,3.1,1,4
BW503833,BR-10,M,29,food vending,7,9.3,True,0
BW503834,BR-12,F,34,retail shop,8,3.5,FALSE,0
BW503835,BR-02,F,39,teaching,3,6.5,True,9
BW503836,BR-15,M,50,phone repair,10,10.1,0,1
BW503837,BR-15,F,57,food vending,8,5.0,False,4
BW503838,BR-07,F,52,retail shop,5,2.2,False,9
BW503839,BR-13,M,22,teaching,4,5.2,TRUE,0
BW503840,BR-12,F,55,teaching,9,5.6,0,3
BW503841,BR-16,F,58,hairdressing,11,7.5,no,6
BW503842,BR-05,F,62,masonry,2,1.1,FALSE,4
BW503843,BR-13,M,27,transport,5,3.9,True,9
BW503844,BR-16,F,38,poultry,3,1.0,False,0
BW503845,BR-12,F,29,masonry,6,7.5,no,0
BW503846,BR-22,F,34,retail shop,4,8.5,1,2
BW503847,BR-09,F,43,poultry,9,9.7,0,2
BW503848,BR-20,F,64,carpentry,10,4.2,1,6
BW503849,BR-02,F,46,poultry,2,7.7,0,3
BW503850,BR-09,M,63,tailoring,12,2.2,yes,0
BW503851,BR-21,F,63,farming,6,6.5,0,6
BW503852,BR-20,M,59,farming,8,0.6,0,1
BW503853,BR-22,M,35,masonry,5,4.8,yes,6
BW503854,BR-22,F,59,masonry,5,3.4,1,4
BW503855,BR-04,M,42,food vending,12,7.3,FALSE,0
BW503856,BR-06,M,45,tailoring,10,9.8,FALSE,4
BW503857,BR-04,M,60,petty trade,6,8.4,False,4
BW503858,BR-02,M,23,hairdressing,3,7.9,no,1
BW503859,BR-05,F,35,retail shop,2,8.0,False,3
BW503860,BR-14,F,35,phone repair,8,10.0,FALSE,9
BW503861,BR-06,F,20,masonry,10,1.9,no,2
BW503862,BR-10,F,46,teaching,4,6.8,TRUE,6
BW503863,BR-20,F,52,carpentry,10,9.9,1,1
BW503864,BR-02,M,27,poultry,10,6.3,yes,6
BW503865,BR-12,F,61,hairdressing,5,4.0,FALSE,4
BW503866,BR-04,F,28,farming,10,1.3,no,9
BW503867,BR-01,M,64,food vending,12,10.3,no,6
BW503868,BR-10,F,35,transport,4,7.2,yes,4
BW503869,BR-03,F,40,retail shop,6,7.5,yes,0
BW503870,BR-12,M,22,farming,8,0.5,0,4
BW503871,BR-17,M,27,hairdressing,9,3.4,yes,4
BW503872,BR-14,F,22,transport,12,0.3,1,0
BW503873,BR-20,F,49,farming,11,7.1,no,1
BW503874,BR-17,M,53,hairdressing,9,3.1,FALSE,3
BW503875,BR-23,F,64,hairdressing,1,1.5,TRUE,3
BW503876,BR-18,M,29,hairdressing,8,3.4,True,4
BW503877,BR-12,M,27,phone repair,11,5.7,True,1
BW503878,BR-02,M,43,farming,5,12.0,no,4
BW503879,BR-18,F,37,farming,3,3.1,False,0
BW503880,BR-15,F,26,tailoring,10,8.8,yes,1
BW503881,BR-04,F,48,carpentry,2,6.7,FALSE,0
BW503882,BR-12,F,53,carpentry,3,4.1,TRUE,2
BW503883,BR-18,M,37,teaching,2,5.6,0,1
BW503884,BR-22,M,50,phone repair,6,10.7,TRUE,1
BW503885,BR-22,M,42,retail shop,9,6.4,True,9
BW503886,BR-12,F,33,masonry,3,5.6,no,2
BW503887,BR-18,F,29,masonry,11,6.0,1,6
BW503888,BR-07,M,31,farming,6,3.4,FALSE,1
BW503889,BR-22,F,52,poultry,2,6.9,0,0
BW503890,BR-07,M,40,tailoring,3,5.6,TRUE,4
BW503891,BR-22,M,57,phone repair,4,8.9,FALSE,0
BW503892,BR-15,F,45,poultry,1,6.8,yes,2
BW503893,BR-04,F,35,poultry,4,5.1,yes,0
BW503894,BR-14,F,63,carpentry,5,8.9,yes,4
BW503895,BR-22,F,49,food vending,12,0.4,TRUE,1
BW503896,BR-13,M,47,masonry,9,8.6,yes,6
BW503897,BR-17,F,37,tailoring,11,3.2,TRUE,4
BW503898,BR-09,F,47,hairdressing,11,7.2,True,0
BW503899,BR-19,F,19,hairdressing,7,9.8,yes,9
BW503900,BR-04,F,23,transport,8,2.7,TRUE,0
BW503901,BR-15,M,50,teaching,9,0.8,False,1
BW503902,BR-11,F,53,masonry,6,5.0,0,0
BW503903,BR-16,M,48,food vending,9,6.3,1,2
BW503904,BR-06,F,41,masonry,4,5.8,TRUE,9
BW503905,BR-21,F,49,phone repair,2,5.8,False,9
BW503906,BR-12,F,61,retail shop,3,4.0,yes,4
BW503907,BR-10,F,51,carpentry,7,3.3,TRUE,3
BW503908,BR-20,F,28,food vending,2,9.7,no,1
BW503909,BR-16,F,19,farming,10,2.3,1,0
BW503910,BR-06,F,34,carpentry,11,9.8,FALSE,1
BW503911,BR-03,M,21,food vending,8,3.1,0,9
BW503912,BR-09,F,57,hairdressing,1,1.7,True,0
BW503913,BR-24,F,60,farming,10,6.3,0,0
BW503914,BR-21,F,51,hairdressing,11,5.0,1,0
BW503915,BR-04,F,35,retail shop,10,6.9,0,4
BW503916,BR-09,F,29,poultry,9,4.1,FALSE,0
BW503917,BR-20,M,36,petty trade,10,8.4,no,0
BW503918,BR-14,M,22,carpentry,1,0.6,True,6
BW503919,BR-16,F,32,petty trade,11,3.5,yes,0
BW503920,BR-15,F,27,petty trade,4,0.5,TRUE,6
BW503921,BR-20,M,36,hairdressing,12,1.5,no,6
BW503922,BR-10,M,23,transport,10,6.7,TRUE,3
BW503923,BR-05,F,56,masonry,5,9.1,FALSE,1
BW503924,BR-01,M,30,masonry,3,2.7,no,0
BW503925,BR-05,M,38,hairdressing,1,11.2,0,2
BW503926,BR-06,F,27,tailoring,8,8.6,False,0
BW503927,BR-13,M,41,retail shop,11,3.2,yes,6
BW503928,BR-13,F,50,transport,3,4.2,0,9
BW503929,BR-18,F,28,retail shop,10,11.2,yes,3
BW503930,BR-02,F,38,hairdressing,9,7.2,True,1
BW503931,BR-10,M,56,food vending,5,7.1,True,0
BW503932,BR-16,F,56,poultry,6,2.3,yes,6
BW503933,BR-11,F,29,farming,9,2.1,1,1
BW503934,BR-01,F,45,transport,1,9.8,1,9
BW503935,BR-14,F,43,phone repair,3,5.9,0,4
BW503936,BR-03,F,60,carpentry,8,6.1,False,3
BW503937,BR-21,F,53,masonry,3,8.4,TRUE,1
BW503938,BR-24,M,30,tailoring,7,4.7,TRUE,4
BW503939,BR-12,M,20,food vending,7,3.2,0,1
BW503940,BR-13,F,20,food vending,7,2.4,0,1
BW503941,BR-24,M,34,phone repair,10,1.6,no,3
BW503942,BR-23,F,25,petty trade,8,1.8,True,1
BW503943,BR-03,M,37,retail shop,4,9.3,1,0
BW503944,BR-07,M,63,hairdressing,10,1.4,yes,1
BW503945,BR-02,F,32,farming,8,3.4,yes,2
BW503946,BR-19,F,59,teaching,7,8.9,FALSE,2
BW503947,BR-07,F,53,carpentry,11,6.0,TRUE,3
BW503948,BR-08,F,27,poultry,3,2.5,TRUE,3
BW503949,BR-22,M,27,tailoring,8,3.2,FALSE,2
BW503950,BR-12,F,64,poultry,3,10.4,TRUE,1
BW503951,BR-04,F,33,teaching,10,11.3,True,0
BW503952,BR-08,F,45,petty trade,7,14.3,1,4
BW503953,BR-16,F,59,transport,9,7.3,1,2
BW503954,BR-08,F,21,tailoring,10,6.5,1,1
BW503955,BR-12,M,22,food vending,6,0.9,True,3
BW503956,BR-21,F,48,farming,3,0.3,no,9
BW503957,BR-05,M,47,petty trade,10,10.5,0,2
BW503958,BR-02,M,49,hairdressing,9,7.1,1,4
BW503959,BR-04,M,27,poultry,1,9.0,FALSE,1
BW503960,BR-06,F,26,phone repair,4,4.1,yes,2
BW503961,BR-08,M,55,hairdressing,9,3.2,False,1
BW503962,BR-16,M,36,poultry,5,4.8,FALSE,6
BW503963,BR-10,F,31,tailoring,12,2.7,0,9
BW503964,BR-04,F,22,food vending,6,3.9,False,6
BW503965,BR-02,F,46,teaching,6,7.5,1,2
BW503966,BR-14,M,64,farming,2,14.6,FALSE,3
BW503967,BR-23,F,54,hairdressing,8,7.3,0,3
BW503968,BR-09,M,33,transport,6,3.0,1,0
BW503969,BR-15,F,22,carpentry,4,0.9,FALSE,1
BW503970,BR-22,F,33,poultry,10,5.7,FALSE,9
BW503971,BR-06,M,32,food vending,10,3.2,False,0
BW503972,BR-19,F,54,teaching,2,4.8,FALSE,0
BW503973,BR-06,F,56,teaching,6,4.1,FALSE,1
BW503974,BR-02,F,56,phone repair,2,1.3,no,3
BW503975,BR-10,F,62,hairdressing,3,10.2,yes,9
BW503976,BR-08,M,28,teaching,9,0.4,True,6
BW503977,BR-14,M,41,poultry,10,3.4,False,2
BW503978,BR-02,M,27,tailoring,2,11.4,TRUE,0
BW503979,BR-13,F,45,carpentry,5,4.8,no,4
BW503980,BR-23,M,63,farming,2,12.2,no,1
BW503981,BR-20,F,56,masonry,7,5.2,yes,1
BW503982,BR-11,F,47,teaching,12,16.1,0,3
BW503983,BR-05,M,23,food vending,9,7.1,no,0
BW503984,BR-02,F,37,transport,3,7.1,False,1
BW503985,BR-11,F,41,transport,7,9.0,False,1
BW503986,BR-22,F,56,phone repair,7,0.9,TRUE,1
BW503987,BR-10,M,28,poultry,9,7.8,no,1
BW503988,BR-16,F,28,food vending,11,6.0,1,1
BW503989,BR-14,F,24,hairdressing,8,7.3,yes,1
BW503990,BR-06,F,56,tailoring,2,8.1,TRUE,1
BW503991,BR-23,F,35,phone repair,11,1.5,1,0
BW503992,BR-11,M,49,phone repair,12,8.5,0,9
BW503993,BR-13,M,50,teaching,4,5.6,FALSE,9
BW503994,BR-09,M,54,hairdressing,1,2.5,yes,1
BW503995,BR-11,F,31,masonry,8,5.6,yes,9
BW503996,BR-18,M,34,transport,2,4.6,no,9
BW503997,BR-18,F,19,tailoring,3,4.7,True,4
BW503998,BR-09,F,62,carpentry,9,5.2,1,3
BW503999,BR-11,F,25,masonry,1,4.4,FALSE,9
BW504000,BR-11,F,34,hairdressing,2,10.6,TRUE,3
BW504001,BR-01,F,46,teaching,8,0.6,no,3
BW504002,BR-02,F,22,hairdressing,7,4.0,yes,2
BW504003,BR-08,F,32,poultry,4,1.4,yes,9
BW504004,BR-19,M,61,hairdressing,2,12.8,1,9
BW504005,BR-20,F,59,retail shop,10,2.2,True,2
BW504006,BR-14,F,19,phone repair,8,9.8,no,0
BW504007,BR-09,M,37,phone repair,7,0.8,no,4
BW504008,BR-01,M,45,carpentry,6,6.2,False,1
BW504009,BR-19,F,57,poultry,2,7.8,1,0
BW504010,BR-16,M,43,poultry,12,1.0,0,0
BW504011,BR-03,M,35,retail shop,12,1.3,True,0
BW504012,BR-16,M,52,masonry,5,12.7,1,3
BW504013,BR-23,M,34,phone repair,6,3.6,FALSE,1
BW504014,BR-03,F,21,petty trade,7,2.0,False,0
BW504015,BR-04,F,51,petty trade,7,15.1,False,4
BW504016,BR-04,F,19,farming,1,5.1,0,4
BW504017,BR-09,M,60,poultry,6,11.2,no,0
BW504018,BR-01,F,50,transport,4,0.2,yes,4
BW504019,BR-19,F,33,farming,4,5.9,1,6
BW504020,BR-07,F,36,masonry,1,0.6,TRUE,0
BW504021,BR-14,F,32,hairdressing,9,9.0,no,2
BW504022,BR-21,F,31,tailoring,11,3.3,1,9
BW504023,BR-04,F,49,masonry,8,7.0,TRUE,1
BW504024,BR-22,F,44,petty trade,2,0.5,False,4
BW504025,BR-08,F,57,food vending,2,6.0,0,3
BW504026,BR-23,F,37,phone repair,2,6.3,FALSE,0
BW504027,BR-24,F,30,retail shop,7,6.1,True,3
BW504028,BR-03,M,36,masonry,5,0.9,True,1
BW504029,BR-10,M,40,teaching,3,8.7,FALSE,2
BW504030,BR-20,F,57,farming,1,1.8,no,0
BW504031,BR-16,M,21,poultry,2,5.6,0,6
BW504032,BR-04,F,37,carpentry,12,7.8,yes,2
BW504033,BR-10,M,51,food vending,3,4.7,True,9
BW504034,BR-07,F,45,food vending,10,8.2,1,6
BW504035,BR-22,M,26,food vending,5,4.6,TRUE,1
BW504036,BR-14,M,47,farming,10,4.7,0,1
BW504037,BR-13,F,25,retail shop,6,2.0,False,6
BW504038,BR-13,M,45,food vending,7,7.3,no,6
BW504039,BR-18,M,38,transport,8,1.6,1,1
BW504040,BR-02,M,61,food vending,4,1.1,TRUE,2
BW504041,BR-07,F,30,hairdressing,2,5.4,FALSE,0
BW504042,BR-21,M,49,masonry,10,7.5,yes,4
BW504043,BR-16,F,31,food vending,2,4.8,1,4
BW504044,BR-16,F,31,retail shop,6,10.1,no,6
BW504045,BR-17,F,30,phone repair,10,5.1,False,2
BW504046,BR-07,M,36,phone repair,1,8.5,False,4
BW504047,BR-09,F,34,teaching,4,0.6,FALSE,3
BW504048,BR-03,M,42,carpentry,12,10.2,1,2
BW504049,BR-09,F,53,carpentry,11,4.0,no,3
BW504050,BR-14,M,59,retail shop,2,0.7,True,2
BW504051,BR-01,M,26,poultry,7,5.4,1,1
BW504052,BR-08,M,25,poultry,9,5.7,1,6
BW504053,BR-22,M,61,retail shop,5,4.2,FALSE,3
BW504054,BR-09,M,49,tailoring,2,3.6,TRUE,0
BW504055,BR-21,M,49,phone repair,11,4.7,FALSE,1
BW504056,BR-13,F,48,teaching,9,3.3,False,2
BW504057,BR-22,M,58,food vending,5,1.4,False,1
BW504058,BR-16,M,50,teaching,10,5.5,1,6
BW504059,BR-18,F,52,food vending,4,3.2,False,3
BW504060,BR-04,F,30,farming,8,2.3,True,9
BW504061,BR-19,M,31,transport,5,4.8,no,3
BW504062,BR-08,F,28,farming,2,4.5,1,1
BW504063,BR-09,M,21,carpentry,9,4.6,1,2
BW504064,BR-24,M,33,carpentry,12,6.2,True,2
BW504065,BR-06,M,42,retail shop,9,2.3,True,0
BW504066,BR-24,M,45,teaching,12,5.2,yes,3
BW504067,BR-24,F,28,farming,2,3.9,no,1
BW504068,BR-08,M,48,food vending,2,6.4,no,3
BW504069,BR-05,M,39,retail shop,10,10.5,FALSE,0
BW504070,BR-12,F,64,food vending,7,2.0,True,0
BW504071,BR-07,M,37,phone repair,7,8.3,TRUE,2
BW504072,BR-16,M,47,petty trade,12,6.0,1,3
BW504073,BR-22,M,31,transport,7,9.8,1,6
BW504074,BR-12,F,38,carpentry,3,2.0,False,0
BW504075,BR-23,M,34,tailoring,7,6.8,0,3
BW504076,BR-15,M,57,food vending,2,6.0,TRUE,6
BW504077,BR-19,F,50,hairdressing,10,10.2,no,3
BW504078,BR-24,M,55,transport,10,1.8,FALSE,1
BW504079,BR-14,F,35,food vending,12,5.6,False,1
BW504080,BR-22,F,59,tailoring,10,2.7,1,1
BW504081,BR-06,F,42,hairdressing,4,0.6,FALSE,1
BW504082,BR-22,F,59,retail shop,4,0.7,False,4
BW504083,BR-04,F,33,phone repair,11,11.1,FALSE,4
BW504084,BR-13,F,36,phone repair,7,0.8,FALSE,0
BW504085,BR-07,M,27,phone repair,3,10.0,1,6
BW504086,BR-12,F,54,hairdressing,2,3.0,FALSE,2
BW504087,BR-24,F,57,teaching,2,10.5,no,0
BW504088,BR-04,F,41,tailoring,5,8.4,no,3
BW504089,BR-15,M,56,farming,6,0.5,1,0
BW504090,BR-05,M,64,retail shop,12,9.0,FALSE,6
BW504091,BR-03,F,46,poultry,2,2.3,yes,3
BW504092,BR-03,M,37,tailoring,1,1.6,yes,1
BW504093,BR-05,F,61,retail shop,8,5.1,no,0
BW504094,BR-01,M,55,poultry,7,8.2,TRUE,9
BW504095,BR-18,F,55,food vending,3,8.1,TRUE,6
BW504096,BR-17,M,57,phone repair,3,6.8,TRUE,0
BW504097,BR-23,F,58,hairdressing,9,9.1,1,1
BW504098,BR-22,M,45,poultry,8,2.9,FALSE,1
BW504099,BR-09,F,46,food vending,6,11.7,TRUE,0
BW504100,BR-18,F,30,phone repair,6,10.9,0,2
BW504101,BR-24,F,24,poultry,8,3.5,FALSE,3
BW504102,BR-04,F,35,teaching,9,6.3,no,4
BW504103,BR-03,F,28,poultry,5,0.7,0,0
BW504104,BR-21,F,46,transport,10,4.1,FALSE,9
BW504105,BR-02,F,52,hairdressing,7,0.8,no,9
BW504106,BR-07,F,64,petty trade,5,6.6,TRUE,2
BW504107,BR-20,F,57,poultry,5,6.5,FALSE,9
BW504108,BR-13,M,29,food vending,12,4.1,0,0
BW504109,BR-15,F,62,farming,1,3.9,True,4
BW504110,BR-04,F,34,tailoring,2,7.3,TRUE,9
BW504111,BR-16,M,62,petty trade,8,1.0,0,1
BW504112,BR-02,M,48,hairdressing,7,5.5,FALSE,3
BW504113,BR-22,F,32,retail shop,12,7.1,0,0
BW504114,BR-06,F,20,food vending,7,2.1,1,2
BW504115,BR-17,M,48,petty trade,1,11.4,FALSE,3
BW504116,BR-05,M,34,masonry,5,2.5,no,6
BW504117,BR-06,M,63,carpentry,9,12.4,1,0
BW504118,BR-11,F,62,hairdressing,8,5.1,True,9
BW504119,BR-07,F,44,tailoring,8,10.2,False,9
BW504120,BR-07,F,51,carpentry,2,11.3,0,2
BW504121,BR-12,F,64,transport,12,7.2,TRUE,2
BW504122,BR-10,M,64,poultry,3,8.1,True,2
BW504123,BR-05,M,51,phone repair,11,2.8,no,1
BW504124,BR-12,F,20,petty trade,4,5.5,FALSE,3
BW504125,BR-01,M,26,petty trade,4,4.5,False,6
BW504126,BR-19,F,62,masonry,10,5.2,True,1
BW504127,BR-06,F,31,petty trade,2,11.1,FALSE,0
BW504128,BR-11,F,21,farming,5,4.5,1,2
BW504129,BR-07,M,35,phone repair,2,5.0,0,6
BW504130,BR-03,M,22,carpentry,3,1.9,0,0
BW504131,BR-19,F,33,hairdressing,6,4.4,1,4
BW504132,BR-09,F,47,teaching,12,9.4,0,3
BW504133,BR-07,F,58,retail shop,11,3.7,False,1
BW504134,BR-19,F,49,masonry,12,8.2,False,6
BW504135,BR-17,M,32,transport,9,10.5,False,6
BW504136,BR-06,F,64,teaching,4,6.1,False,9
BW504137,BR-22,F,23,phone repair,11,7.7,0,2
BW504138,BR-04,F,31,farming,1,3.0,no,1
BW504139,BR-12,F,62,masonry,7,1.7,yes,0
BW504140,BR-18,M,33,masonry,5,1.1,True,4
BW504141,BR-02,F,30,poultry,8,2.7,False,1
BW504142,BR-15,F,41,retail shop,8,0.8,FALSE,0
BW504143,BR-02,M,52,retail shop,11,11.5,1,4
BW504144,BR-18,M,41,retail shop,12,11.8,TRUE,2
BW504145,BR-13,F,49,retail shop,6,7.1,True,0
BW504146,BR-04,F,22,food vending,3,2.3,yes,1
BW504147,BR-08,M,63,food vending,9,6.0,False,2
BW504148,BR-23,M,52,phone repair,6,4.9,TRUE,1
BW504149,BR-12,M,42,food vending,7,6.4,False,4
BW504150,BR-06,F,48,masonry,6,7.0,0,4
BW504151,BR-03,F,47,farming,10,10.4,yes,0
BW504152,BR-03,M,39,phone repair,8,3.5,FALSE,4
BW504153,BR-06,M,53,farming,3,7.1,False,6
BW504154,BR-12,M,24,masonry,5,7.2,1,4
BW504155,BR-21,F,27,farming,6,2.4,1,1
BW504156,BR-09,F,45,petty trade,10,8.6,no,1
BW504157,BR-19,M,64,hairdressing,5,9.5,1,3
BW504158,BR-13,M,57,teaching,10,8.4,1,2
BW504159,BR-04,M,39,hairdressing,6,5.1,0,4
BW504160,BR-10,F,27,farming,6,0.6,yes,9
BW504161,BR-09,M,49,tailoring,2,9.8,FALSE,6
BW504162,BR-24,F,29,hairdressing,12,17.7,yes,4
BW504163,BR-12,F,34,tailoring,4,2.3,TRUE,1
BW504164,BR-14,F,55,petty trade,11,2.2,False,2
BW504165,BR-04,F,20,masonry,10,11.0,FALSE,1
BW504166,BR-06,M,62,teaching,11,4.3,True,4
BW504167,BR-08,M,31,farming,9,4.0,TRUE,3
BW504168,BR-02,M,30,retail shop,10,2.7,0,3
BW504169,BR-06,F,32,phone repair,3,0.9,TRUE,0
BW504170,BR-18,M,47,farming,7,2.6,yes,3
BW504171,BR-06,F,40,poultry,11,1.7,yes,6
BW504172,BR-13,M,59,food vending,9,8.1,True,0
BW504173,BR-12,F,22,farming,1,9.3,1,2
BW504174,BR-11,F,56,petty trade,4,8.0,no,1
BW504175,BR-05,F,36,hairdressing,12,2.6,0,9
BW504176,BR-06,F,27,farming,4,3.0,0,1
BW504177,BR-19,F,39,transport,1,2.2,False,3
BW504178,BR-13,F,51,poultry,3,12.8,1,0
BW504179,BR-11,M,32,hairdressing,7,3.5,False,0
BW504180,BR-07,M,33,hairdressing,2,2.8,FALSE,1
BW504181,BR-24,F,57,retail shop,8,7.0,TRUE,0
BW504182,BR-14,F,56,food vending,12,9.4,False,0
BW504183,BR-22,F,29,retail shop,12,8.4,True,0
BW504184,BR-03,F,36,hairdressing,12,8.0,1,1
BW504185,BR-23,M,54,teaching,12,1.4,True,1
BW504186,BR-13,F,21,phone repair,9,9.3,0,0
BW504187,BR-09,F,29,carpentry,9,7.2,False,4
BW504188,BR-03,F,19,retail shop,1,5.4,yes,3
BW504189,BR-16,M,28,farming,6,12.6,no,0
BW504190,BR-03,F,38,petty trade,9,2.1,True,9
BW504191,BR-20,F,24,tailoring,1,4.5,TRUE,4
BW504192,BR-07,M,60,petty trade,11,5.9,True,0
BW504193,BR-20,F,51,transport,5,6.8,1,2
BW504194,BR-05,M,40,farming,4,3.5,False,0
BW504195,BR-18,F,25,petty trade,8,0.9,1,9
BW504196,BR-12,F,30,teaching,12,6.1,TRUE,1
BW504197,BR-05,F,63,tailoring,4,3.0,True,1
BW504198,BR-09,M,21,poultry,9,9.3,True,2
BW504199,BR-09,F,21,tailoring,11,7.3,0,3
BW504200,BR-14,F,55,phone repair,6,0.4,0,9
BW504201,BR-15,F,25,hairdressing,3,2.9,1,6
BW504202,BR-02,F,60,petty trade,5,4.7,no,6
BW504203,BR-03,M,48,hairdressing,2,3.6,TRUE,9
BW504204,BR-10,M,21,petty trade,8,5.3,FALSE,6
BW504205,BR-22,M,21,hairdressing,10,1.5,no,2
BW504206,BR-13,F,37,masonry,3,2.0,True,9
BW504207,BR-15,F,40,carpentry,4,5.2,0,1
BW504208,BR-17,F,54,food vending,11,4.5,no,6
BW504209,BR-16,F,38,phone repair,1,7.2,yes,1
BW504210,BR-10,F,60,food vending,1,2.0,yes,4
BW504211,BR-20,F,25,hairdressing,10,9.3,True,0
BW504212,BR-13,F,42,phone repair,5,13.3,1,9
BW504213,BR-10,F,64,hairdressing,10,1.8,yes,2
BW504214,BR-23,F,23,carpentry,4,2.0,yes,2
BW504215,BR-02,F,55,transport,9,4.9,no,2
BW504216,BR-15,F,54,transport,6,3.1,1,1
BW504217,BR-13,F,26,transport,6,4.4,no,4
BW504218,BR-19,F,59,petty trade,10,6.1,no,1
BW504219,BR-12,M,34,petty trade,2,0.7,no,0
BW504220,BR-02,F,53,transport,11,9.6,False,1
BW504221,BR-23,M,60,retail shop,12,0.3,0,0
BW504222,BR-12,F,32,teaching,5,7.0,0,4
BW504223,BR-06,F,28,retail shop,1,11.2,1,0
BW504224,BR-12,F,42,phone repair,8,6.2,0,1
BW504225,BR-23,F,24,hairdressing,8,4.8,1,3
BW504226,BR-17,F,52,petty trade,5,0.6,0,1
BW504227,BR-22,M,22,hairdressing,10,6.7,FALSE,0
BW504228,BR-06,F,46,tailoring,12,4.1,no,1
BW504229,BR-13,F,25,teaching,8,3.5,1,1
BW504230,BR-18,F,56,food vending,10,5.2,0,6
BW504231,BR-14,M,35,tailoring,4,1.8,TRUE,0
BW504232,BR-15,M,63,poultry,4,10.6,1,2
BW504233,BR-09,M,25,hairdressing,9,6.5,yes,1
BW504234,BR-19,M,55,petty trade,2,1.0,0,6
BW504235,BR-24,F,59,poultry,10,0.3,0,9
BW504236,BR-24,F,42,phone repair,3,3.2,TRUE,2
BW504237,BR-06,F,43,transport,2,13.7,1,4
BW504238,BR-07,F,64,transport,11,6.7,0,1
BW504239,BR-21,M,34,retail shop,6,1.2,False,6
BW504240,BR-06,F,44,teaching,1,2.0,FALSE,1
BW504241,BR-11,M,32,teaching,12,3.8,0,3
BW504242,BR-23,F,24,food vending,12,0.6,True,1
BW504243,BR-04,F,30,poultry,10,3.1,False,4
BW504244,BR-15,M,63,carpentry,12,2.5,FALSE,1
BW504245,BR-08,M,55,transport,6,7.0,FALSE,1
BW504246,BR-18,M,50,retail shop,7,3.7,yes,6
BW504247,BR-23,F,20,food vending,5,6.8,no,4
BW504248,BR-16,F,64,retail shop,6,9.1,FALSE,0
BW504249,BR-16,M,44,petty trade,7,0.7,no,1
BW504250,BR-16,M,52,retail shop,12,3.8,yes,3
BW504251,BR-07,M,29,farming,4,7.9,False,9
BW504252,BR-07,M,32,poultry,3,4.5,TRUE,6
BW504253,BR-19,F,29,retail shop,4,8.1,FALSE,6
BW504254,BR-19,M,21,phone repair,10,8.6,yes,2
BW504255,BR-18,M,28,tailoring,2,3.1,0,4
BW504256,BR-04,M,47,food vending,5,7.2,no,1
BW504257,BR-06,F,53,food vending,7,4.6,TRUE,1
BW504258,BR-18,F,31,poultry,5,2.3,yes,0
BW504259,BR-06,M,34,petty trade,4,5.7,True,0
BW504260,BR-03,M,59,poultry,5,12.3,TRUE,0
BW504261,BR-22,F,63,retail shop,11,10.9,1,0
BW504262,BR-10,F,47,poultry,7,4.8,0,1
BW504263,BR-11,F,46,teaching,9,3.8,True,0
BW504264,BR-10,F,51,hairdressing,2,5.8,False,3
BW504265,BR-14,M,20,phone repair,6,10.2,FALSE,9
BW504266,BR-16,F,30,farming,4,0.9,0,3
BW504267,BR-18,F,62,tailoring,5,0.4,FALSE,6
BW504268,BR-23,M,40,carpentry,2,13.8,FALSE,4
BW504269,BR-15,M,19,food vending,3,5.1,True,3
BW504270,BR-11,F,61,hairdressing,1,7.5,1,0
BW504271,BR-09,F,22,poultry,1,6.0,0,4
BW504272,BR-17,F,51,teaching,6,5.8,False,2
BW504273,BR-08,F,34,masonry,2,7.5,no,1
BW504274,BR-03,F,55,petty trade,7,16.6,no,0
BW504275,BR-01,F,28,carpentry,8,6.0,0,2
BW504276,BR-20,M,59,phone repair,8,2.3,1,6
BW504277,BR-09,M,46,food vending,7,6.5,False,3
BW504278,BR-13,F,40,poultry,10,1.1,TRUE,0
BW504279,BR-05,F,39,phone repair,1,7.0,True,0
BW504280,BR-04,M,53,petty trade,12,5.4,yes,1
BW504281,BR-24,M,37,retail shop,10,3.9,True,2
BW504282,BR-24,M,31,poultry,7,2.8,0,3
BW504283,BR-06,F,56,teaching,3,10.7,TRUE,1
BW504284,BR-07,M,27,hairdressing,2,11.9,yes,2
BW504285,BR-08,F,35,farming,7,5.9,True,2
BW504286,BR-14,F,44,food vending,2,0.3,0,2
BW504287,BR-03,M,59,transport,3,10.7,FALSE,1
BW504288,BR-01,F,54,poultry,1,1.1,TRUE,0
BW504289,BR-09,F,55,hairdressing,10,0.8,1,6
BW504290,BR-17,F,39,food vending,6,12.1,False,2
BW504291,BR-19,F,47,retail shop,11,4.4,yes,0
BW504292,BR-05,F,44,teaching,10,2.9,0,6
BW504293,BR-23,F,42,hairdressing,11,3.8,1,2
BW504294,BR-05,M,20,carpentry,10,0.4,no,6
BW504295,BR-19,F,45,farming,4,17.6,1,9
BW504296,BR-09,M,34,carpentry,1,3.4,0,0
BW504297,BR-17,F,43,petty trade,4,9.8,yes,2
BW504298,BR-02,M,29,hairdressing,10,9.8,no,0
BW504299,BR-07,M,35,farming,3,2.3,no,2
BW504300,BR-15,M,38,petty trade,12,2.2,1,6
BW504301,BR-03,M,58,phone repair,6,6.9,yes,0
BW504302,BR-13,F,42,phone repair,7,5.9,1,6
BW504303,BR-14,F,21,teaching,8,4.9,True,4
BW504304,BR-16,F,61,transport,8,3.1,False,0
BW504305,BR-05,M,42,petty trade,11,3.0,1,6
BW504306,BR-22,F,33,carpentry,3,3.1,no,9
BW504307,BR-19,F,49,masonry,10,8.5,FALSE,0
BW504308,BR-04,F,35,food vending,4,7.6,FALSE,9
BW504309,BR-02,M,35,hairdressing,3,3.4,TRUE,3
BW504310,BR-14,F,39,transport,9,12.5,True,4
BW504311,BR-05,M,22,phone repair,1,2.8,False,1
BW504312,BR-14,F,21,tailoring,2,5.4,TRUE,1
BW504313,BR-08,M,22,food vending,2,5.1,False,2
BW504314,BR-18,M,44,hairdressing,5,12.4,FALSE,1
BW504315,BR-13,M,47,retail shop,4,2.2,no,3
BW504316,BR-13,M,25,hairdressing,10,2.1,FALSE,1
BW504317,BR-14,M,28,hairdressing,7,9.1,yes,1
BW504318,BR-16,F,39,tailoring,11,1.7,yes,2
BW504319,BR-20,F,46,poultry,9,1.3,FALSE,1
BW504320,BR-14,M,48,masonry,11,1.1,1,6
BW504321,BR-15,F,36,masonry,9,1.8,yes,3
BW504322,BR-04,F,49,food vending,3,9.6,FALSE,4
BW504323,BR-13,M,44,phone repair,9,7.1,TRUE,3
BW504324,BR-07,F,63,masonry,10,4.6,0,1
BW504325,BR-17,M,48,food vending,11,10.5,FALSE,0
BW504326,BR-15,F,53,hairdressing,1,4.0,1,0
BW504327,BR-10,M,44,hairdressing,8,1.6,0,1
BW504328,BR-24,M,38,tailoring,3,1.8,yes,0
BW504329,BR-22,F,40,retail shop,11,5.1,FALSE,6
BW504330,BR-19,M,48,food vending,12,10.7,False,2
BW504331,BR-06,F,44,petty trade,4,3.5,yes,9
BW504332,BR-17,F,60,transport,11,6.2,0,4
BW504333,BR-13,F,22,teaching,9,7.3,0,6
BW504334,BR-24,M,53,masonry,9,8.5,False,2
BW504335,BR-03,F,64,transport,12,7.6,0,1
BW504336,BR-15,M,22,poultry,6,11.0,False,3
BW504337,BR-13,M,37,retail shop,9,9.0,0,4
BW504338,BR-13,F,40,hairdressing,9,7.9,TRUE,6
BW504339,BR-09,F,56,food vending,7,1.4,FALSE,0
BW504340,BR-10,M,53,tailoring,6,9.3,yes,4
BW504341,BR-14,M,27,hairdressing,5,1.8,FALSE,9
BW504342,BR-15,F,53,hairdressing,1,1.6,no,6
BW504343,BR-15,F,45,food vending,12,11.6,FALSE,3
BW504344,BR-10,F,40,farming,5,4.9,no,0
BW504345,BR-07,M,40,masonry,6,7.5,FALSE,4
BW504346,BR-17,M,49,teaching,8,16.2,True,4
BW504347,BR-12,M,62,transport,4,0.3,False,6
BW504348,BR-08,M,38,transport,8,5.4,TRUE,0
BW504349,BR-24,F,64,teaching,11,3.1,False,1
BW504350,BR-15,F,54,farming,2,2.0,1,1
BW504351,BR-22,M,46,masonry,9,10.4,False,4
BW504352,BR-21,F,35,carpentry,7,5.2,TRUE,6
BW504353,BR-11,F,47,transport,4,9.5,yes,1
BW504354,BR-08,F,49,hairdressing,7,1.2,True,9
BW504355,BR-19,F,41,farming,11,5.9,FALSE,9
BW504356,BR-09,M,23,petty trade,7,1.0,True,0
BW504357,BR-21,M,43,retail shop,5,10.5,yes,0
BW504358,BR-06,M,52,hairdressing,10,4.4,False,4
BW504359,BR-17,F,64,phone repair,8,1.7,0,1
BW504360,BR-19,F,60,retail shop,12,3.9,FALSE,3
BW504361,BR-05,M,42,carpentry,3,14.5,FALSE,0
BW504362,BR-21,F,58,tailoring,2,8.7,no,6
BW504363,BR-02,M,32,transport,1,1.5,0,2
BW504364,BR-02,F,37,farming,1,2.7,0,1
BW504365,BR-15,F,25,food vending,4,0.8,TRUE,4
BW504366,BR-19,F,56,farming,8,9.5,False,0
BW504367,BR-23,F,43,phone repair,9,3.1,TRUE,6
BW504368,BR-16,M,41,transport,1,4.6,yes,2
BW504369,BR-06,M,21,farming,11,6.5,yes,1
BW504370,BR-14,F,52,food vending,11,9.9,0,0
BW504371,BR-14,M,35,petty trade,1,2.8,yes,9
BW504372,BR-18,F,60,food vending,5,8.1,True,1
BW504373,BR-20,M,37,farming,6,4.2,False,1
BW504374,BR-17,F,48,retail shop,5,4.4,1,1
BW504375,BR-18,M,38,hairdressing,10,4.9,0,6
BW504376,BR-17,F,50,retail shop,2,0.2,yes,9
BW504377,BR-22,M,64,poultry,9,8.3,True,0
BW504378,BR-23,M,44,poultry,5,6.7,yes,2
BW504379,BR-20,M,50,hairdressing,12,1.9,FALSE,0
BW504380,BR-02,M,27,food vending,3,6.3,True,1
BW504381,BR-18,F,45,phone repair,6,6.3,1,3
BW504382,BR-05,M,51,carpentry,2,4.2,FALSE,0
BW504383,BR-09,M,38,farming,10,2.3,0,3
BW504384,BR-19,F,41,hairdressing,4,7.4,yes,1
BW504385,BR-04,F,39,carpentry,12,0.4,1,0
BW504386,BR-11,M,34,transport,11,7.1,1,3
BW504387,BR-09,F,55,teaching,6,5.9,1,3
BW504388,BR-22,F,51,hairdressing,3,1.7,False,6
BW504389,BR-08,F,29,transport,6,4.5,0,1
BW504390,BR-10,F,58,farming,7,8.3,0,2
BW504391,BR-14,F,25,transport,9,0.4,TRUE,6
BW504392,BR-10,F,59,food vending,4,5.3,TRUE,6
BW504393,BR-02,F,23,poultry,12,7.8,TRUE,0
BW504394,BR-19,F,35,hairdressing,1,1.3,no,9
BW504395,BR-04,M,43,masonry,10,2.2,TRUE,3
BW504396,BR-12,M,39,retail shop,6,6.3,1,3
BW504397,BR-06,M,48,farming,9,0.5,True,1
BW504398,BR-18,F,53,petty trade,2,12.9,TRUE,0
BW504399,BR-02,M,58,tailoring,9,7.2,no,0
BW504400,BR-11,F,54,phone repair,3,1.8,0,1
BW504401,BR-16,M,48,phone repair,4,0.6,FALSE,4
BW504402,BR-02,F,32,hairdressing,3,10.0,FALSE,0
BW504403,BR-21,M,56,transport,12,6.6,TRUE,1
BW504404,BR-24,M,22,retail shop,7,3.6,0,1
BW504405,BR-04,F,32,phone repair,9,4.7,no,2
BW504406,BR-12,M,54,farming,10,3.6,True,4
BW504407,BR-22,F,43,farming,2,6.5,True,6
BW504408,BR-19,F,57,tailoring,5,4.4,no,3
BW504409,BR-23,F,40,tailoring,9,15.5,1,4
BW504410,BR-12,F,61,farming,1,2.9,no,9
BW504411,BR-01,F,61,petty trade,3,2.6,no,6
BW504412,BR-12,M,63,hairdressing,12,12.0,no,6
BW504413,BR-09,F,47,poultry,9,10.0,FALSE,1
BW504414,BR-03,F,30,poultry,7,2.1,FALSE,6
BW504415,BR-10,F,54,poultry,5,6.9,1,0
BW504416,BR-14,F,53,hairdressing,9,12.1,True,3
BW504417,BR-19,F,26,masonry,7,8.5,FALSE,2
BW504418,BR-08,M,50,transport,12,9.4,0,0
BW504419,BR-08,F,53,phone repair,7,9.2,no,6
BW504420,BR-21,F,47,phone repair,8,7.8,FALSE,0
BW504421,BR-20,M,63,hairdressing,1,8.5,yes,3
BW504422,BR-06,M,38,hairdressing,1,1.1,0,1
BW504423,BR-22,F,27,farming,12,9.1,FALSE,9
BW504424,BR-22,F,52,poultry,6,12.1,FALSE,9
BW504425,BR-05,F,40,carpentry,12,9.8,1,1
BW504426,BR-17,M,29,poultry,1,4.5,False,4
BW504427,BR-08,M,31,hairdressing,3,8.5,TRUE,9
BW504428,BR-07,F,46,transport,3,2.3,False,3
BW504429,BR-20,F,22,teaching,10,2.9,TRUE,1
BW504430,BR-10,M,59,food vending,9,4.6,no,4
BW504431,BR-01,F,27,petty trade,10,1.5,no,4
BW504432,BR-05,M,47,tailoring,7,6.3,yes,1
BW504433,BR-05,M,52,food vending,4,6.2,0,6
BW504434,BR-03,F,28,petty trade,5,0.7,0,9
BW504435,BR-03,M,31,hairdressing,2,3.4,no,3
BW504436,BR-11,F,48,phone repair,6,8.4,FALSE,6
BW504437,BR-07,F,50,carpentry,8,2.9,yes,0
BW504438,BR-06,F,45,hairdressing,3,10.1,yes,0
BW504439,BR-19,M,30,petty trade,4,3.3,True,4
BW504440,BR-10,F,47,poultry,4,3.0,True,9
BW504441,BR-15,F,57,retail shop,3,7.9,TRUE,3
BW504442,BR-14,F,48,poultry,1,9.5,TRUE,2
BW504443,BR-12,F,22,masonry,4,2.8,1,0
BW504444,BR-14,F,20,poultry,2,10.4,0,1
BW504445,BR-06,F,49,farming,6,5.7,TRUE,0
BW504446,BR-15,F,51,carpentry,1,12.0,TRUE,6
BW504447,BR-13,F,42,poultry,6,3.9,TRUE,0
BW504448,BR-16,M,33,poultry,10,2.5,TRUE,3
BW504449,BR-12,F,26,retail shop,8,5.1,False,0
BW504450,BR-22,F,28,hairdressing,2,1.7,FALSE,1
BW504451,BR-05,F,34,food vending,5,1.1,yes,2
BW504452,BR-08,M,63,hairdressing,12,2.7,TRUE,9
BW504453,BR-20,F,35,retail shop,2,1.8,TRUE,2
BW504454,BR-03,M,57,poultry,12,4.3,no,1
BW504455,BR-12,M,46,farming,8,5.9,no,1
BW504456,BR-13,M,35,hairdressing,4,0.3,0,3
BW504457,BR-17,M,45,poultry,7,4.0,FALSE,9
BW504458,BR-03,F,39,teaching,2,1.7,1,1
BW504459,BR-20,F,45,transport,12,9.4,TRUE,1
BW504460,BR-22,M,44,food vending,7,1.4,True,0
BW504461,BR-12,M,19,food vending,8,13.2,TRUE,4
BW504462,BR-16,M,42,food vending,1,12.1,1,2
BW504463,BR-01,M,41,phone repair,8,9.7,True,1
BW504464,BR-19,M,45,teaching,2,1.1,yes,4
BW504465,BR-01,F,63,phone repair,9,3.6,1,1
BW504466,BR-24,F,63,poultry,1,1.7,True,1
BW504467,BR-18,M,22,farming,9,5.6,True,0
BW504468,BR-22,F,31,hairdressing,8,10.5,no,4
BW504469,BR-16,F,48,petty trade,12,6.3,yes,0
BW504470,BR-20,F,25,teaching,9,9.6,FALSE,2
BW504471,BR-07,F,22,farming,2,17.8,TRUE,2
BW504472,BR-05,M,26,teaching,11,6.2,0,2
BW504473,BR-04,F,53,masonry,2,11.6,TRUE,4
BW504474,BR-12,F,58,phone repair,12,10.5,True,1
BW504475,BR-24,F,27,masonry,7,1.0,0,6
BW504476,BR-22,F,44,masonry,1,12.8,FALSE,1
BW504477,BR-12,F,55,transport,4,4.6,yes,6
BW504478,BR-11,F,23,transport,10,2.3,0,4
BW504479,BR-14,F,51,petty trade,8,6.9,no,3
BW504480,BR-24,M,36,petty trade,3,2.5,yes,1
BW504481,BR-03,F,29,tailoring,9,1.8,FALSE,3
BW504482,BR-12,M,42,transport,10,5.9,False,2
BW504483,BR-17,M,38,farming,2,5.7,no,9
BW504484,BR-06,M,48,transport,6,1.8,TRUE,3
BW504485,BR-16,F,43,hairdressing,12,4.7,0,1
BW504486,BR-19,M,42,poultry,8,0.6,no,9
BW504487,BR-04,F,20,poultry,1,4.9,TRUE,4
BW504488,BR-18,F,61,food vending,6,14.7,True,3
BW504489,BR-24,M,42,hairdressing,4,3.2,True,6
BW504490,BR-02,M,41,food vending,11,10.1,False,1
BW504491,BR-03,F,47,farming,9,4.5,yes,0
BW504492,BR-04,M,60,carpentry,8,2.6,True,0
BW504493,BR-17,F,59,petty trade,11,8.1,False,1
BW504494,BR-22,F,29,masonry,2,5.8,False,1
BW504495,BR-12,F,21,carpentry,5,6.4,0,6
BW504496,BR-19,M,63,farming,10,8.9,0,9
BW504497,BR-13,F,38,phone repair,6,6.9,False,0
BW504498,BR-07,F,39,food vending,7,1.7,TRUE,2
BW504499,BR-05,F,25,transport,7,1.1,0,0
BW504500,BR-06,F,51,masonry,11,7.4,1,1
BW504501,BR-05,F,43,transport,4,1.6,TRUE,0
BW504502,BR-01,M,41,transport,8,1.2,True,2
BW504503,BR-16,F,54,food vending,12,2.9,no,4
BW504504,BR-02,M,36,petty trade,11,3.6,1,2
BW504505,BR-05,M,26,teaching,10,3.4,yes,9
BW504506,BR-08,F,56,transport,8,4.0,yes,9
BW504507,BR-09,M,43,phone repair,9,3.0,yes,0
BW504508,BR-04,F,21,phone repair,5,6.5,TRUE,0
BW504509,BR-07,F,28,tailoring,7,2.7,yes,0
BW504510,BR-05,F,48,transport,2,3.9,False,6
BW504511,BR-17,F,32,poultry,2,2.3,1,0
BW504512,BR-02,M,40,retail shop,5,2.6,1,9
BW504513,BR-23,M,23,farming,4,3.1,True,3
BW504514,BR-24,M,64,petty trade,8,9.8,1,2
BW504515,BR-14,F,53,poultry,4,6.7,no,0
BW504516,BR-03,F,26,carpentry,9,8.3,TRUE,0
BW504517,BR-03,F,34,teaching,8,5.6,0,2
BW504518,BR-01,F,48,hairdressing,4,6.7,False,0
BW504519,BR-06,M,31,teaching,5,4.4,yes,4
BW504520,BR-04,F,31,tailoring,12,4.0,1,0
BW504521,BR-10,F,28,poultry,11,0.8,yes,4
BW504522,BR-14,F,57,poultry,6,4.3,0,9
BW504523,BR-22,F,22,food vending,2,4.6,1,1
BW504524,BR-05,M,42,food vending,10,5.2,0,3
BW504525,BR-23,F,48,food vending,6,6.8,no,0
BW504526,BR-06,F,61,petty trade,11,1.3,1,2
BW504527,BR-06,F,64,hairdressing,9,3.6,True,9
BW504528,BR-24,F,35,phone repair,4,5.3,no,2
BW504529,BR-15,M,42,petty trade,6,5.0,FALSE,0
BW504530,BR-23,F,32,carpentry,6,11.2,FALSE,0
BW504531,BR-21,M,56,masonry,5,7.1,no,1
BW504532,BR-05,F,47,phone repair,3,1.1,1,1
BW504533,BR-24,M,24,carpentry,2,1.3,no,0
BW504534,BR-18,F,50,hairdressing,7,3.2,yes,6
BW504535,BR-06,F,38,hairdressing,8,7.1,True,1
BW504536,BR-05,F,62,phone repair,9,5.4,yes,1
BW504537,BR-20,F,60,carpentry,8,2.4,False,6
BW504538,BR-08,M,38,phone repair,11,6.0,0,2
BW504539,BR-22,F,48,phone repair,11,9.7,no,0
BW504540,BR-05,F,58,teaching,9,2.8,FALSE,0
BW504541,BR-21,F,38,farming,9,3.5,FALSE,9
BW504542,BR-24,F,53,petty trade,1,0.4,yes,4
BW504543,BR-09,M,33,poultry,8,3.5,FALSE,1
BW504544,BR-23,F,19,teaching,12,7.9,yes,1
BW504545,BR-15,F,51,masonry,6,8.1,TRUE,6
BW504546,BR-15,M,48,farming,6,1.3,0,2
BW504547,BR-10,M,41,phone repair,12,7.1,1,1
BW504548,BR-04,F,52,carpentry,4,5.9,TRUE,1
BW504549,BR-18,M,45,carpentry,6,11.8,no,6
BW504550,BR-05,M,38,food vending,4,6.7,TRUE,6
BW504551,BR-05,F,54,phone repair,6,5.1,TRUE,0
BW504552,BR-13,F,26,petty trade,4,9.8,FALSE,4
BW504553,BR-11,M,24,teaching,3,6.0,False,1
BW504554,BR-05,F,36,masonry,8,4.5,1,9
BW504555,BR-18,M,47,retail shop,4,2.9,True,0
BW504556,BR-20,F,53,transport,11,5.6,TRUE,4
BW504557,BR-15,M,47,tailoring,2,4.2,True,4
BW504558,BR-22,F,61,tailoring,12,5.9,yes,1
BW504559,BR-15,F,30,hairdressing,1,9.5,0,2
BW504560,BR-12,F,43,phone repair,12,4.1,1,9
BW504561,BR-05,M,20,poultry,6,1.9,1,6
BW504562,BR-02,M,27,food vending,4,10.1,FALSE,0
BW504563,BR-15,M,56,farming,12,1.9,FALSE,1
BW504564,BR-04,F,23,tailoring,4,9.9,FALSE,3
BW504565,BR-03,F,40,tailoring,3,4.1,FALSE,0
BW504566,BR-19,F,49,petty trade,11,6.3,TRUE,0
BW504567,BR-10,M,48,tailoring,7,0.5,FALSE,2
BW504568,BR-17,M,55,phone repair,3,6.0,True,0
BW504569,BR-04,M,63,poultry,7,5.2,False,4
BW504570,BR-24,F,39,farming,8,7.9,no,1
BW504571,BR-18,M,39,food vending,3,13.1,False,0
BW504572,BR-19,M,62,food vending,2,8.4,FALSE,6
BW504573,BR-12,F,47,teaching,11,9.0,no,6
BW504574,BR-16,F,36,retail shop,12,0.8,False,9
BW504575,BR-21,M,44,hairdressing,5,3.3,FALSE,1
BW504576,BR-04,M,50,retail shop,9,4.9,FALSE,6
BW504577,BR-08,M,37,transport,7,2.3,1,1
BW504578,BR-06,F,41,petty trade,3,1.5,no,0
BW504579,BR-16,F,58,masonry,2,4.0,FALSE,0
BW504580,BR-05,F,25,tailoring,6,5.9,yes,6
BW504581,BR-05,M,46,teaching,4,6.5,FALSE,0
BW504582,BR-10,M,58,teaching,9,7.2,FALSE,3
BW504583,BR-10,F,53,farming,11,1.7,0,9
BW504584,BR-19,F,59,masonry,11,11.6,TRUE,4
BW504585,BR-05,F,42,tailoring,3,13.7,yes,3
BW504586,BR-18,F,54,carpentry,1,6.5,0,4
BW504587,BR-08,F,60,carpentry,1,1.1,TRUE,1
BW504588,BR-19,F,40,phone repair,9,2.5,no,9
BW504589,BR-03,M,40,carpentry,1,3.2,1,0
BW504590,BR-23,M,39,retail shop,11,3.6,FALSE,1
BW504591,BR-24,F,43,teaching,4,3.5,TRUE,4
BW504592,BR-04,M,30,carpentry,3,3.3,yes,9
BW504593,BR-18,M,40,retail shop,5,6.2,FALSE,3
BW504594,BR-17,F,38,transport,3,5.7,1,0
BW504595,BR-07,M,24,retail shop,12,4.2,True,0
BW504596,BR-20,F,46,food vending,1,6.6,TRUE,0
BW504597,BR-16,F,44,teaching,5,6.3,True,2
BW504598,BR-06,M,30,food vending,5,9.6,TRUE,1
BW504599,BR-13,M,42,hairdressing,10,10.1,1,3
BW504600,BR-04,F,43,masonry,2,14.7,True,4
BW504601,BR-06,F,49,food vending,5,5.5,False,0
BW504602,BR-18,M,51,tailoring,4,3.6,FALSE,6
BW504603,BR-22,F,44,poultry,2,12.9,yes,9
BW504604,BR-19,M,34,poultry,9,7.9,False,9
BW504605,BR-05,M,24,petty trade,10,0.2,0,0
BW504606,BR-19,F,34,hairdressing,7,3.8,True,0
BW504607,BR-04,F,42,poultry,2,7.8,0,1
BW504608,BR-02,F,20,carpentry,2,5.5,1,2
BW504609,BR-06,F,31,retail shop,2,4.8,False,0
BW504610,BR-19,F,57,phone repair,12,2.3,no,0
BW504611,BR-09,F,24,phone repair,11,7.4,False,0
BW504612,BR-23,F,27,masonry,9,2.5,TRUE,6
BW504613,BR-21,M,21,poultry,1,8.0,1,1
BW504614,BR-10,F,25,petty trade,11,3.0,FALSE,9
BW504615,BR-20,F,30,petty trade,8,6.6,FALSE,3
BW504616,BR-09,F,28,masonry,11,1.3,no,2
BW504617,BR-18,F,58,food vending,12,8.4,1,6
BW504618,BR-16,F,64,petty trade,4,6.7,TRUE,3
BW504619,BR-10,F,24,carpentry,5,6.5,FALSE,0
BW504620,BR-17,F,61,hairdressing,8,13.5,0,6
BW504621,BR-16,M,22,phone repair,7,2.9,no,4
BW504622,BR-08,M,44,farming,6,5.5,False,3
BW504623,BR-16,F,64,phone repair,4,7.0,0,3
BW504624,BR-14,M,44,tailoring,10,4.7,yes,4
BW504625,BR-13,F,30,food vending,3,1.3,FALSE,6
BW504626,BR-10,F,43,phone repair,12,9.6,False,9
BW504627,BR-21,M,28,poultry,7,2.2,1,4
BW504628,BR-03,F,33,poultry,4,7.6,0,9
BW504629,BR-19,M,38,masonry,5,5.7,FALSE,2
BW504630,BR-22,M,50,food vending,2,3.7,FALSE,4
BW504631,BR-15,F,60,teaching,2,5.8,FALSE,1
BW504632,BR-08,F,43,phone repair,6,5.4,0,4
BW504633,BR-08,M,19,petty trade,3,2.0,yes,2
BW504634,BR-09,F,27,poultry,2,5.9,1,1
BW504635,BR-03,M,40,hairdressing,7,10.9,False,0
BW504636,BR-14,F,62,farming,3,9.8,False,1
BW504637,BR-24,F,22,poultry,4,7.3,False,1
BW504638,BR-16,F,58,food vending,1,7.4,0,0
BW504639,BR-05,F,58,food vending,2,9.4,TRUE,0
BW504640,BR-17,M,31,hairdressing,4,11.2,True,2
BW504641,BR-19,F,24,transport,7,10.2,False,9
BW504642,BR-01,F,27,carpentry,8,10.8,0,1
BW504643,BR-22,F,31,teaching,12,1.9,no,9
BW504644,BR-11,F,30,food vending,4,10.3,no,6
BW504645,BR-03,M,37,masonry,11,6.7,0,0
BW504646,BR-14,M,21,farming,4,4.5,TRUE,0
BW504647,BR-21,F,27,hairdressing,4,2.8,1,0
BW504648,BR-10,F,43,hairdressing,12,4.4,False,0
BW504649,BR-08,M,48,masonry,1,1.7,no,2
BW504650,BR-15,F,52,poultry,3,4.1,FALSE,9
BW504651,BR-20,M,27,retail shop,6,6.3,False,3
BW504652,BR-04,F,59,food vending,2,2.9,yes,9
BW504653,BR-12,F,28,food vending,2,5.3,no,1
BW504654,BR-20,F,38,farming,3,6.6,1,2
BW504655,BR-13,M,54,farming,10,0.7,TRUE,4
BW504656,BR-09,M,44,petty trade,7,2.6,yes,1
BW504657,BR-19,F,54,masonry,5,7.9,1,0
BW504658,BR-17,F,23,farming,12,4.7,False,1
BW504659,BR-14,F,50,phone repair,10,13.5,0,2
BW504660,BR-02,F,31,food vending,4,4.7,FALSE,9
BW504661,BR-08,F,33,phone repair,11,3.6,yes,9
BW504662,BR-16,M,31,petty trade,9,10.0,no,0
BW504663,BR-01,M,47,masonry,7,5.0,yes,4
BW504664,BR-10,M,32,masonry,3,4.6,TRUE,4
BW504665,BR-15,F,55,tailoring,10,3.2,yes,1
BW504666,BR-24,F,59,retail shop,2,3.5,0,3
BW504667,BR-05,M,57,retail shop,5,6.8,False,1
BW504668,BR-13,F,38,carpentry,5,1.1,True,0
BW504669,BR-08,F,20,masonry,6,3.5,False,1
BW504670,BR-21,F,60,carpentry,5,9.1,yes,6
BW504671,BR-17,M,25,hairdressing,10,4.1,False,1
BW504672,BR-13,F,56,carpentry,3,12.5,TRUE,0
BW504673,BR-01,F,29,transport,2,6.1,FALSE,9
BW504674,BR-13,M,59,petty trade,4,0.5,False,1
BW504675,BR-06,M,26,food vending,1,2.9,True,0
BW504676,BR-19,M,31,phone repair,2,5.3,1,4
BW504677,BR-22,F,25,masonry,7,8.4,no,4
BW504678,BR-20,M,55,food vending,3,5.3,False,2
BW504679,BR-16,M,20,phone repair,2,6.8,FALSE,2
BW504680,BR-08,F,37,food vending,7,13.2,False,1
BW504681,BR-19,F,37,phone repair,8,8.1,FALSE,0
BW504682,BR-02,M,54,retail shop,8,6.3,True,6
BW504683,BR-21,M,53,phone repair,4,10.5,False,1
BW504684,BR-18,F,45,masonry,9,8.3,no,1
BW504685,BR-13,F,19,phone repair,11,7.6,False,4
BW504686,BR-01,F,26,hairdressing,3,2.0,no,1
BW504687,BR-16,F,25,phone repair,1,8.2,1,1
BW504688,BR-13,F,50,poultry,7,4.2,FALSE,0
BW504689,BR-13,M,63,poultry,10,4.6,0,0
BW504690,BR-05,F,36,petty trade,11,13.1,True,4
BW504691,BR-02,F,58,phone repair,5,6.4,1,3
BW504692,BR-18,F,39,carpentry,10,3.8,1,6
BW504693,BR-21,F,47,poultry,10,1.3,1,3
BW504694,BR-24,F,55,phone repair,2,0.4,FALSE,0
BW504695,BR-07,M,20,poultry,7,7.0,1,3
BW504696,BR-20,F,26,masonry,4,0.7,0,3
BW504697,BR-16,F,27,tailoring,8,6.7,TRUE,2
BW504698,BR-14,M,21,tailoring,1,6.3,yes,6
BW504699,BR-13,F,53,food vending,1,8.1,yes,0
BW504700,BR-14,F,26,petty trade,10,5.4,yes,9
BW504701,BR-03,F,55,teaching,10,3.9,TRUE,0
BW504702,BR-04,F,25,transport,11,11.0,True,0
BW504703,BR-18,F,35,masonry,4,7.9,TRUE,0
BW504704,BR-08,F,35,petty trade,9,6.7,True,2
BW504705,BR-11,M,57,food vending,11,0.2,FALSE,6
BW504706,BR-18,F,28,phone repair,9,8.9,False,0
BW504707,BR-23,F,26,phone repair,4,4.3,1,0
BW504708,BR-04,F,64,carpentry,11,9.4,no,6
BW504709,BR-18,F,23,food vending,11,3.4,yes,2
BW504710,BR-08,F,41,poultry,2,7.8,1,2
BW504711,BR-02,F,33,hairdressing,11,7.9,no,2
BW504712,BR-01,F,42,hairdressing,2,3.9,yes,9
BW504713,BR-19,F,39,retail shop,11,5.2,yes,3
BW504714,BR-06,F,50,food vending,1,2.0,False,4
BW504715,BR-15,F,22,petty trade,5,6.8,True,0
BW504716,BR-06,M,21,poultry,3,4.0,True,9
BW504717,BR-14,M,19,phone repair,1,0.9,yes,3
BW504718,BR-13,F,23,teaching,6,4.9,True,0
BW504719,BR-02,F,39,transport,12,0.2,0,6
BW504720,BR-16,M,62,teaching,9,11.9,0,2
BW504721,BR-20,M,22,retail shop,1,13.7,yes,1
BW504722,BR-09,M,33,tailoring,10,4.4,FALSE,2
BW504723,BR-20,F,37,phone repair,12,9.7,no,6
BW504724,BR-14,F,40,retail shop,5,2.0,TRUE,3
BW504725,BR-14,M,31,poultry,1,5.5,TRUE,0
BW504726,BR-07,M,36,masonry,2,11.7,no,0
BW504727,BR-16,F,39,retail shop,10,1.3,FALSE,1
BW504728,BR-16,F,39,hairdressing,2,7.7,True,2
BW504729,BR-20,M,19,food vending,5,6.1,1,4
BW504730,BR-20,M,55,phone repair,12,5.5,no,1
BW504731,BR-11,F,34,retail shop,1,4.4,no,6
BW504732,BR-13,F,43,retail shop,4,1.6,FALSE,3
BW504733,BR-09,F,34,petty trade,4,5.2,1,0
BW504734,BR-10,F,60,teaching,4,5.8,no,4
BW504735,BR-16,F,48,food vending,8,3.2,0,1
BW504736,BR-22,M,49,tailoring,9,4.2,no,6
BW504737,BR-15,M,25,masonry,8,3.8,TRUE,2
BW504738,BR-22,M,53,food vending,12,5.8,FALSE,4
BW504739,BR-07,M,47,carpentry,1,6.6,0,2
BW504740,BR-03,M,24,phone repair,3,3.1,True,1
BW504741,BR-21,M,64,teaching,12,12.8,1,9
BW504742,BR-14,M,38,petty trade,11,8.7,yes,6
BW504743,BR-11,M,63,retail shop,5,0.7,yes,9
BW504744,BR-22,M,31,transport,11,3.8,FALSE,3
BW504745,BR-08,F,52,retail shop,11,10.7,0,4
BW504746,BR-11,M,39,masonry,10,8.2,False,1
BW504747,BR-15,F,37,hairdressing,2,2.6,TRUE,6
BW504748,BR-14,F,35,poultry,7,10.7,no,2
BW504749,BR-23,F,57,food vending,5,2.3,1,1
BW504750,BR-17,F,38,retail shop,12,0.5,0,9
BW504751,BR-11,F,25,hairdressing,9,4.4,no,9
BW504752,BR-04,F,19,transport,1,7.0,FALSE,0
BW504753,BR-15,F,63,food vending,3,9.3,False,2
BW504754,BR-23,M,21,hairdressing,5,5.7,TRUE,0
BW504755,BR-09,F,44,teaching,9,7.9,FALSE,0
BW504756,BR-24,F,22,food vending,3,7.7,no,3
BW504757,BR-02,F,19,farming,3,5.2,yes,1
BW504758,BR-20,M,27,tailoring,10,0.6,yes,0
BW504759,BR-01,M,39,masonry,9,5.3,0,3
BW504760,BR-05,M,33,petty trade,10,1.8,1,6
BW504761,BR-22,F,62,masonry,4,5.9,1,0
BW504762,BR-02,M,37,teaching,12,7.9,FALSE,1
BW504763,BR-22,F,23,teaching,7,0.9,0,3
BW504764,BR-24,F,20,teaching,5,6.1,yes,2
BW504765,BR-04,M,38,tailoring,12,3.1,True,1
BW504766,BR-08,M,44,teaching,12,5.2,yes,1
BW504767,BR-13,M,41,teaching,12,7.8,TRUE,1
BW504768,BR-21,M,29,phone repair,6,0.6,yes,0
BW504769,BR-17,F,23,poultry,3,3.6,0,2
BW504770,BR-13,F,52,teaching,11,5.0,1,0
BW504771,BR-08,M,19,poultry,1,4.5,0,6
BW504772,BR-17,M,20,petty trade,2,5.6,TRUE,6
BW504773,BR-14,M,44,hairdressing,5,4.0,True,1
BW504774,BR-02,F,23,poultry,5,3.0,TRUE,1
BW504775,BR-07,F,59,poultry,4,2.5,TRUE,0
BW504776,BR-14,M,19,retail shop,9,4.0,True,2
BW504777,BR-17,F,41,farming,10,1.2,1,0
BW504778,BR-20,F,19,teaching,1,9.3,True,1
BW504779,BR-23,F,41,hairdressing,3,7.0,TRUE,1
BW504780,BR-02,M,54,farming,5,5.2,False,0
BW504781,BR-15,M,51,poultry,5,9.3,1,4
BW504782,BR-13,F,20,poultry,8,2.8,False,4
BW504783,BR-19,F,26,carpentry,2,3.7,True,2
BW504784,BR-01,F,27,transport,1,0.4,True,2
BW504785,BR-23,M,56,teaching,6,9.7,1,4
BW504786,BR-18,M,44,farming,12,3.0,yes,2
BW504787,BR-18,M,26,poultry,10,9.2,False,2
BW504788,BR-10,M,56,retail shop,4,5.8,True,9
BW504789,BR-12,M,42,masonry,5,7.5,True,1
BW504790,BR-10,F,36,tailoring,5,15.4,FALSE,4
BW504791,BR-01,F,41,masonry,11,2.2,0,1
BW504792,BR-14,F,57,masonry,4,10.8,FALSE,9
BW504793,BR-19,F,33,phone repair,5,7.2,yes,3
BW504794,BR-22,F,39,retail shop,8,2.6,False,0
BW504795,BR-09,F,39,teaching,2,3.5,FALSE,3
BW504796,BR-06,F,42,phone repair,8,2.0,FALSE,4
BW504797,BR-13,M,48,masonry,6,0.6,True,3
BW504798,BR-22,F,38,poultry,7,9.2,yes,9
BW504799,BR-23,F,23,teaching,4,5.6,1,2
BW504800,BR-10,M,19,hairdressing,8,1.5,FALSE,1
BW504801,BR-24,F,61,farming,11,12.4,False,3
BW504802,BR-02,M,62,farming,10,2.1,True,0
BW504803,BR-21,F,41,carpentry,5,5.1,False,6
BW504804,BR-14,M,29,hairdressing,2,2.6,0,6
BW504805,BR-12,F,22,transport,3,17.2,TRUE,4
BW504806,BR-12,F,36,masonry,10,8.1,FALSE,0
BW504807,BR-13,M,51,masonry,1,2.9,0,3
BW504808,BR-05,M,20,phone repair,4,5.3,False,6
BW504809,BR-13,F,21,petty trade,7,8.7,yes,0
BW504810,BR-10,F,45,tailoring,1,7.5,1,2
BW504811,BR-10,F,40,carpentry,6,1.0,no,1
BW504812,BR-10,F,25,petty trade,6,4.4,FALSE,4
BW504813,BR-06,M,57,retail shop,7,11.2,FALSE,3
BW504814,BR-02,M,31,hairdressing,6,3.9,yes,6
BW504815,BR-21,M,60,tailoring,11,2.9,False,3
BW504816,BR-12,F,41,food vending,3,3.7,True,1
BW504817,BR-02,M,50,petty trade,12,2.4,True,1
BW504818,BR-20,F,24,poultry,6,4.9,TRUE,4
BW504819,BR-02,F,21,masonry,8,0.3,FALSE,1
BW504820,BR-13,M,64,retail shop,1,3.8,FALSE,6
BW504821,BR-03,F,19,transport,3,3.1,no,3
BW504822,BR-06,F,24,masonry,4,2.9,TRUE,6
BW504823,BR-10,M,49,tailoring,10,5.3,0,9
BW504824,BR-17,M,36,teaching,6,3.1,True,9
BW504825,BR-08,F,59,teaching,11,7.9,0,1
BW504826,BR-19,F,51,farming,6,9.4,no,1
BW504827,BR-10,M,33,farming,10,8.0,False,4
BW504828,BR-17,F,46,farming,12,6.2,yes,0
BW504829,BR-10,F,53,hairdressing,5,2.1,1,3
BW504830,BR-20,F,49,poultry,12,4.7,no,1
BW504831,BR-11,F,35,tailoring,12,10.7,True,0
BW504832,BR-16,F,20,poultry,8,2.3,FALSE,3
BW504833,BR-21,M,32,phone repair,8,2.8,FALSE,9
BW504834,BR-13,M,19,farming,5,5.3,no,0
BW504835,BR-14,M,19,poultry,11,5.1,yes,0
BW504836,BR-24,F,45,food vending,1,1.6,FALSE,3
BW504837,BR-24,F,64,hairdressing,4,9.7,False,6
BW504838,BR-19,M,20,tailoring,6,6.3,False,1
BW504839,BR-22,F,29,petty trade,2,7.5,FALSE,9
BW504840,BR-07,M,32,teaching,10,5.1,FALSE,1
BW504841,BR-10,F,46,carpentry,7,5.4,0,6
BW504842,BR-01,F,46,carpentry,9,11.1,0,9
BW504843,BR-07,F,56,food vending,7,13.3,1,3
BW504844,BR-06,M,47,carpentry,9,9.9,TRUE,6
BW504845,BR-13,M,49,farming,8,1.6,1,0
BW504846,BR-13,M,49,tailoring,9,2.2,FALSE,6
BW504847,BR-04,M,61,phone repair,7,2.9,yes,1
BW504848,BR-20,M,63,tailoring,11,4.0,True,6
BW504849,BR-15,F,38,masonry,5,2.1,FALSE,1
BW504850,BR-18,F,23,hairdressing,9,8.8,True,3
BW504851,BR-17,F,45,phone repair,6,7.8,False,4
BW504852,BR-03,M,28,transport,10,6.2,1,0
BW504853,BR-11,F,22,food vending,1,6.2,0,1
BW504854,BR-10,F,27,carpentry,3,11.6,True,6
BW504855,BR-14,F,36,carpentry,10,14.3,False,0
BW504856,BR-23,F,43,food vending,7,2.5,False,0
BW504857,BR-22,M,23,phone repair,9,6.7,1,0
BW504858,BR-09,M,42,petty trade,3,1.5,False,0
BW504859,BR-19,F,28,phone repair,8,7.4,yes,2
BW504860,BR-21,F,32,teaching,1,5.9,FALSE,1
BW504861,BR-09,M,24,carpentry,3,0.9,yes,9
BW504862,BR-16,F,35,phone repair,8,5.7,0,9
BW504863,BR-13,F,27,petty trade,6,6.7,FALSE,4
BW504864,BR-03,F,55,teaching,1,4.2,yes,6
BW504865,BR-19,F,28,farming,12,2.4,1,1
BW504866,BR-06,M,41,hairdressing,9,7.6,no,9
BW504867,BR-22,M,27,carpentry,12,2.3,TRUE,0
BW504868,BR-14,M,44,transport,3,2.9,1,3
BW504869,BR-24,M,53,tailoring,2,2.0,False,0
BW504870,BR-01,M,35,masonry,8,0.4,1,1
BW504871,BR-14,F,38,food vending,4,6.7,FALSE,1
BW504872,BR-18,F,55,farming,6,7.4,yes,9
BW504873,BR-13,F,52,food vending,9,0.8,0,1
BW504874,BR-15,M,63,poultry,9,6.5,0,2
BW504875,BR-14,M,43,transport,12,9.0,FALSE,1
BW504876,BR-13,F,43,retail shop,2,6.3,no,1
BW504877,BR-06,M,37,poultry,4,10.4,FALSE,0
BW504878,BR-01,F,19,phone repair,2,5.1,no,0
BW504879,BR-16,M,29,food vending,4,0.5,False,9
BW504880,BR-12,F,62,farming,7,3.1,no,9
BW504881,BR-02,F,51,food vending,3,7.8,no,1
BW504882,BR-14,F,52,food vending,11,3.0,FALSE,3
BW504883,BR-22,F,46,tailoring,3,6.6,False,9
BW504884,BR-04,M,30,phone repair,7,4.0,1,1
BW504885,BR-01,F,43,food vending,12,6.5,True,2
BW504886,BR-20,M,31,transport,10,11.3,True,3
BW504887,BR-05,F,52,poultry,10,8.8,no,4
BW504888,BR-15,F,51,poultry,3,9.6,True,6
BW504889,BR-09,F,50,phone repair,4,2.5,FALSE,9
BW504890,BR-12,F,48,hairdressing,4,6.1,no,4
BW504891,BR-18,F,38,tailoring,6,0.7,FALSE,0
BW504892,BR-02,F,20,poultry,2,5.5,1,1
BW504893,BR-06,F,27,retail shop,2,2.6,TRUE,1
BW504894,BR-22,F,20,teaching,11,1.9,False,1
BW504895,BR-21,F,23,teaching,3,2.3,1,6
BW504896,BR-05,F,28,masonry,6,5.7,False,0
BW504897,BR-08,F,55,teaching,8,2.7,yes,3
BW504898,BR-06,M,44,tailoring,4,7.4,1,1
BW504899,BR-24,F,19,poultry,1,2.9,1,1
BW504900,BR-07,F,45,retail shop,8,3.7,True,1
BW504901,BR-14,M,56,hairdressing,4,2.9,False,2
BW504902,BR-02,M,51,poultry,1,1.4,0,9
BW504903,BR-24,F,30,masonry,6,8.5,FALSE,3
BW504904,BR-07,F,23,petty trade,5,7.3,yes,2
BW504905,BR-15,F,59,teaching,12,2.5,yes,1
BW504906,BR-02,M,33,food vending,2,1.5,True,1
BW504907,BR-04,M,25,retail shop,6,5.2,True,0
BW504908,BR-18,F,54,phone repair,9,6.1,False,9
BW504909,BR-13,M,57,hairdressing,10,3.8,no,9
BW504910,BR-23,F,34,teaching,1,7.3,1,1
BW504911,BR-17,M,35,farming,10,1.6,TRUE,0
BW504912,BR-20,M,23,food vending,3,2.4,yes,4
BW504913,BR-10,M,55,poultry,1,4.0,True,6
BW504914,BR-07,F,21,farming,11,0.2,False,1
BW504915,BR-16,F,22,carpentry,6,11.5,yes,0
BW504916,BR-04,F,19,phone repair,2,2.0,1,9
BW504917,BR-11,F,22,poultry,11,5.6,FALSE,3
BW504918,BR-02,F,32,poultry,12,4.4,1,4
BW504919,BR-04,F,48,food vending,4,7.7,no,9
BW504920,BR-08,M,35,farming,4,7.4,yes,1
BW504921,BR-09,F,32,retail shop,8,4.2,TRUE,0
BW504922,BR-12,F,40,retail shop,4,2.4,True,9
BW504923,BR-09,F,36,carpentry,8,6.4,False,0
BW504924,BR-23,F,53,transport,8,5.6,TRUE,1
BW504925,BR-16,F,55,petty trade,6,7.3,0,6
BW504926,BR-15,F,27,food vending,10,7.6,False,9
BW504927,BR-19,M,43,masonry,11,2.2,FALSE,3
BW504928,BR-19,F,53,poultry,12,8.6,True,0
BW504929,BR-15,F,34,transport,7,3.8,0,2
BW504930,BR-12,M,42,hairdressing,9,0.3,False,6
BW504931,BR-20,F,41,carpentry,1,4.3,False,9
BW504932,BR-15,M,63,poultry,4,3.8,1,6
BW504933,BR-03,M,48,petty trade,5,3.5,1,1
BW504934,BR-18,M,47,food vending,7,4.9,0,0
BW504935,BR-21,M,37,tailoring,6,6.0,0,9
BW504936,BR-08,F,49,petty trade,10,5.4,1,1
BW504937,BR-03,M,34,farming,3,10.1,True,9
BW504938,BR-01,M,49,petty trade,2,4.1,no,1
BW504939,BR-04,F,63,petty trade,7,10.6,False,2
BW504940,BR-17,F,54,food vending,10,1.4,0,3
BW504941,BR-04,F,26,retail shop,7,10.2,TRUE,3
BW504942,BR-13,F,59,transport,6,8.8,FALSE,0
BW504943,BR-12,F,44,teaching,4,3.7,TRUE,2
BW504944,BR-13,M,62,masonry,3,6.0,TRUE,9
BW504945,BR-11,M,24,teaching,8,3.6,False,1
BW504946,BR-21,F,29,hairdressing,11,7.1,1,6
BW504947,BR-15,M,21,retail shop,11,5.2,1,4
BW504948,BR-03,F,45,hairdressing,1,6.0,FALSE,2
BW504949,BR-05,M,47,farming,6,3.1,no,1
BW504950,BR-17,M,63,retail shop,2,10.8,TRUE,1
BW504951,BR-09,M,49,tailoring,9,8.7,False,0
BW504952,BR-07,M,22,farming,7,10.1,no,1
BW504953,BR-16,F,50,tailoring,10,9.8,FALSE,0
BW504954,BR-03,M,63,transport,4,8.6,FALSE,0
BW504955,BR-03,F,20,teaching,2,1.6,no,9
BW504956,BR-11,F,57,petty trade,9,0.9,TRUE,4
BW504957,BR-22,F,25,petty trade,7,9.2,no,0
BW504958,BR-17,M,51,carpentry,6,2.2,yes,4
BW504959,BR-02,M,37,tailoring,5,4.7,TRUE,1
BW504960,BR-16,M,38,masonry,10,5.2,no,0
BW504961,BR-19,F,20,retail shop,5,7.8,TRUE,0
BW504962,BR-01,F,39,hairdressing,7,7.1,yes,0
BW504963,BR-15,F,22,tailoring,4,6.9,True,0
BW504964,BR-16,F,31,food vending,6,6.4,yes,6
BW504965,BR-08,M,38,teaching,3,2.5,False,3
BW504966,BR-04,M,55,teaching,7,8.5,TRUE,2
BW504967,BR-21,M,63,farming,3,6.2,no,3
BW504968,BR-01,F,52,food vending,4,10.3,0,0
BW504969,BR-02,F,22,tailoring,12,2.9,FALSE,1
BW504970,BR-05,F,55,poultry,11,9.1,True,4
BW504971,BR-08,M,26,transport,6,4.4,yes,0
BW504972,BR-22,F,26,farming,6,10.1,True,1
BW504973,BR-01,F,39,teaching,8,1.7,False,0
BW504974,BR-06,F,36,food vending,9,3.9,1,2
BW504975,BR-13,F,28,tailoring,12,2.7,no,3
BW504976,BR-12,M,28,petty trade,4,0.6,FALSE,3
BW504977,BR-08,F,44,phone repair,7,13.1,no,3
BW504978,BR-07,F,35,phone repair,5,3.2,True,6
BW504979,BR-24,F,35,masonry,2,16.5,True,3
BW504980,BR-03,F,50,teaching,8,4.6,1,0
BW504981,BR-10,M,29,food vending,1,7.3,TRUE,2
BW504982,BR-18,M,55,transport,10,5.9,False,1
BW504983,BR-15,M,29,phone repair,11,3.2,True,4
BW504984,BR-23,F,20,retail shop,11,3.9,0,2
BW504985,BR-14,F,21,food vending,2,2.5,True,9
BW504986,BR-06,F,42,hairdressing,11,6.6,TRUE,0
BW504987,BR-02,F,62,teaching,12,3.9,no,9
BW504988,BR-06,F,48,masonry,1,4.9,0,6
BW504989,BR-13,M,63,carpentry,12,11.4,yes,4
BW504990,BR-06,M,20,transport,2,3.5,FALSE,0
BW504991,BR-03,F,59,farming,3,9.8,0,1
BW504992,BR-22,F,23,retail shop,12,8.1,1,1
BW504993,BR-17,F,20,poultry,4,4.8,yes,9
BW504994,BR-23,F,26,poultry,10,3.9,0,9
BW504995,BR-17,M,31,petty trade,10,15.1,TRUE,1
BW504996,BR-24,F,28,tailoring,11,14.2,False,1
BW504997,BR-07,F,56,masonry,6,5.5,TRUE,0
BW504998,BR-06,M,64,hairdressing,12,9.2,False,6
BW504999,BR-11,F,32,retail shop,2,7.3,no,1
BW505000,BR-13,M,55,teaching,2,8.8,no,9
BW505001,BR-23,M,27,carpentry,9,8.6,FALSE,2
BW505002,BR-17,F,35,tailoring,1,4.1,1,3
BW505003,BR-21,M,48,phone repair,8,0.8,TRUE,0
BW505004,BR-05,F,52,food vending,6,4.0,1,6
BW505005,BR-23,M,47,transport,9,5.4,False,0
BW505006,BR-17,F,57,hairdressing,7,6.0,True,1
BW505007,BR-10,F,60,food vending,10,0.3,yes,3
BW505008,BR-23,F,27,tailoring,8,5.5,False,4
BW505009,BR-10,F,38,farming,5,10.9,yes,0
BW505010,BR-08,F,46,farming,7,5.1,1,0
BW505011,BR-10,F,33,poultry,10,12.6,TRUE,0
BW505012,BR-18,F,52,transport,6,5.1,True,3
BW505013,BR-19,F,30,farming,2,3.2,yes,9
BW505014,BR-22,F,57,farming,8,2.9,yes,4
BW505015,BR-17,F,38,retail shop,3,7.5,TRUE,1
BW505016,BR-07,M,26,transport,11,2.4,True,4
BW505017,BR-02,F,20,retail shop,12,1.0,yes,0
BW505018,BR-12,M,47,transport,6,4.6,TRUE,3
BW505019,BR-08,F,61,masonry,3,2.4,FALSE,4
BW505020,BR-04,F,34,retail shop,12,8.4,False,0
BW505021,BR-01,F,38,tailoring,4,7.2,no,1
BW505022,BR-04,M,28,transport,7,1.6,no,0
BW505023,BR-13,F,50,food vending,11,5.5,False,6
BW505024,BR-01,F,46,farming,6,10.2,0,0
BW505025,BR-22,M,29,retail shop,9,6.6,no,1
BW505026,BR-24,M,35,farming,7,9.9,1,2
BW505027,BR-05,F,54,petty trade,4,10.5,False,1
BW505028,BR-14,F,50,transport,2,3.5,FALSE,3
BW505029,BR-20,F,43,retail shop,1,6.6,0,1
BW505030,BR-05,M,39,teaching,3,4.6,True,6
BW505031,BR-15,M,64,tailoring,8,0.5,1,1
BW505032,BR-19,M,62,masonry,6,5.6,0,4
BW505033,BR-09,M,32,carpentry,12,4.0,no,6
BW505034,BR-11,F,19,teaching,4,2.3,FALSE,1
BW505035,BR-16,F,47,retail shop,12,10.3,no,0
BW505036,BR-16,M,59,hairdressing,5,5.3,False,4
BW505037,BR-04,F,54,farming,10,6.9,False,3
BW505038,BR-16,M,35,petty trade,7,11.3,yes,0
BW505039,BR-22,F,22,petty trade,11,4.2,0,9
BW505040,BR-10,M,29,teaching,9,0.2,TRUE,6
BW505041,BR-04,F,43,petty trade,1,9.6,0,1
BW505042,BR-14,M,62,tailoring,12,10.3,TRUE,2
BW505043,BR-01,F,52,retail shop,2,0.3,TRUE,0
BW505044,BR-22,F,54,petty trade,7,0.6,TRUE,4
BW505045,BR-05,F,49,teaching,4,12.4,1,0
BW505046,BR-18,F,58,tailoring,9,6.5,FALSE,9
BW505047,BR-07,M,30,poultry,10,2.0,FALSE,4
BW505048,BR-11,F,61,farming,3,1.5,yes,6
BW505049,BR-05,F,55,phone repair,1,8.6,FALSE,0
BW505050,BR-18,M,45,farming,3,2.6,FALSE,6
BW505051,BR-04,M,49,tailoring,10,13.4,True,1
BW505052,BR-13,F,26,transport,11,6.8,TRUE,0
BW505053,BR-12,F,40,retail shop,1,3.8,False,1
BW505054,BR-19,M,63,petty trade,2,5.0,yes,6
BW505055,BR-02,M,47,carpentry,12,0.3,TRUE,1
BW505056,BR-12,M,55,poultry,12,4.8,True,2
BW505057,BR-05,M,42,phone repair,2,5.1,0,9
BW505058,BR-04,M,46,poultry,2,8.0,TRUE,6
BW505059,BR-09,F,36,petty trade,4,11.0,False,2
BW505060,BR-11,M,29,teaching,7,4.9,yes,6
BW505061,BR-21,F,61,farming,5,9.3,True,0
BW505062,BR-09,F,28,carpentry,8,6.5,True,1
BW505063,BR-07,F,26,poultry,6,13.1,0,0
BW505064,BR-21,F,36,hairdressing,1,8.6,no,1
BW505065,BR-03,M,53,tailoring,9,5.9,TRUE,1
BW505066,BR-02,M,62,farming,3,0.4,FALSE,3
BW505067,BR-01,F,64,farming,2,3.1,FALSE,3
BW505068,BR-18,M,27,hairdressing,2,7.4,yes,9
BW505069,BR-13,M,27,carpentry,2,5.3,False,0
BW505070,BR-20,F,21,retail shop,10,3.8,yes,0
BW505071,BR-21,F,56,farming,10,8.9,1,3
BW505072,BR-24,F,24,farming,8,4.2,no,0
BW505073,BR-19,M,52,tailoring,1,11.7,FALSE,9
BW505074,BR-23,F,58,masonry,9,3.4,FALSE,4
BW505075,BR-16,M,62,poultry,10,8.5,True,1
BW505076,BR-24,F,47,teaching,4,8.2,0,0
BW505077,BR-22,M,41,transport,1,7.9,0,1
BW505078,BR-10,F,26,poultry,5,11.1,1,1
BW505079,BR-15,F,49,phone repair,9,0.5,0,1
BW505080,BR-24,F,20,hairdressing,11,6.7,no,9
BW505081,BR-12,F,26,carpentry,5,3.4,True,6
BW505082,BR-03,F,32,retail shop,5,8.7,0,3
BW505083,BR-05,M,19,petty trade,9,2.0,1,4
BW505084,BR-02,F,60,phone repair,10,10.7,yes,4
BW505085,BR-05,F,20,poultry,12,4.8,False,0
BW505086,BR-16,M,52,carpentry,7,5.0,no,3
BW505087,BR-24,F,61,hairdressing,6,6.7,yes,0
BW505088,BR-16,M,38,tailoring,12,0.6,no,2
BW505089,BR-13,M,63,retail shop,4,7.4,0,1
BW505090,BR-14,F,39,retail shop,4,5.2,TRUE,9
BW505091,BR-21,M,35,petty trade,5,13.3,True,3
BW505092,BR-22,F,26,tailoring,11,9.5,True,0
BW505093,BR-15,F,41,petty trade,1,3.8,True,1
BW505094,BR-03,M,20,retail shop,10,0.4,no,4
BW505095,BR-05,F,36,masonry,10,6.4,False,9
BW505096,BR-23,F,28,masonry,7,4.0,TRUE,9
BW505097,BR-22,F,52,retail shop,3,9.1,yes,0
BW505098,BR-12,F,59,hairdressing,11,8.5,False,2
BW505099,BR-02,M,57,poultry,7,6.3,FALSE,1
BW505100,BR-04,F,31,hairdressing,7,2.7,False,0
BW505101,BR-15,F,19,masonry,9,3.2,yes,0
BW505102,BR-24,F,59,farming,7,10.5,0,1
BW505103,BR-09,M,46,farming,11,6.9,0,1
BW505104,BR-21,F,37,poultry,4,6.1,yes,3
BW505105,BR-21,M,52,carpentry,6,12.1,FALSE,2
BW505106,BR-20,M,51,petty trade,12,2.8,TRUE,0
BW505107,BR-16,M,63,tailoring,8,0.7,no,0
BW505108,BR-12,F,60,poultry,8,2.5,yes,9
BW505109,BR-07,F,22,poultry,10,5.2,1,9
BW505110,BR-19,M,40,farming,4,6.6,0,1
BW505111,BR-14,F,51,transport,4,9.5,True,0
BW505112,BR-17,F,63,transport,12,0.6,TRUE,3
BW505113,BR-08,F,24,phone repair,7,3.8,True,1
BW505114,BR-23,F,36,carpentry,2,8.5,yes,1
BW505115,BR-15,F,62,farming,12,6.8,FALSE,2
BW505116,BR-13,F,26,food vending,1,9.1,0,0
BW505117,BR-15,F,39,food vending,3,0.3,False,4
BW505118,BR-02,F,63,petty trade,8,0.8,True,0
BW505119,BR-23,M,51,tailoring,3,8.1,True,1
BW505120,BR-19,M,58,carpentry,1,12.7,1,6
BW505121,BR-14,M,63,farming,3,1.9,True,0
BW505122,BR-02,F,21,hairdressing,3,5.0,FALSE,6
BW505123,BR-14,F,44,phone repair,6,4.5,no,0
BW505124,BR-22,M,48,retail shop,7,1.7,yes,4
BW505125,BR-23,M,58,farming,3,7.3,False,2
BW505126,BR-22,F,48,teaching,9,4.5,TRUE,9
BW505127,BR-14,F,42,petty trade,4,7.8,TRUE,2
BW505128,BR-07,F,41,petty trade,5,1.7,True,1
BW505129,BR-04,F,53,food vending,12,10.1,1,0
BW505130,BR-04,F,44,tailoring,7,2.5,TRUE,0
BW505131,BR-22,M,63,masonry,10,7.6,no,2
BW505132,BR-11,F,23,poultry,4,0.7,no,6
BW505133,BR-22,F,28,teaching,8,5.7,no,4
BW505134,BR-24,F,59,phone repair,1,1.9,1,3
BW505135,BR-01,F,45,farming,6,9.0,FALSE,6
BW505136,BR-14,F,30,farming,11,2.7,TRUE,0
BW505137,BR-21,M,19,petty trade,1,3.6,yes,1
BW505138,BR-09,F,56,petty trade,8,2.5,False,2
BW505139,BR-09,F,23,food vending,9,1.3,FALSE,1
BW505140,BR-04,F,20,teaching,6,9.8,TRUE,2
BW505141,BR-02,M,48,transport,8,2.9,0,9
BW505142,BR-19,M,31,hairdressing,1,0.4,False,6
BW505143,BR-19,F,60,transport,8,6.3,no,0
BW505144,BR-23,F,36,farming,9,0.5,FALSE,9
BW505145,BR-22,M,45,carpentry,3,0.7,0,3
BW505146,BR-10,F,51,carpentry,10,5.2,1,1
BW505147,BR-05,F,27,poultry,11,3.8,TRUE,6
BW505148,BR-11,F,38,tailoring,4,10.4,yes,2
BW505149,BR-24,F,52,masonry,6,9.1,FALSE,9
BW505150,BR-17,F,32,farming,1,1.0,0,9
BW505151,BR-09,M,29,hairdressing,7,8.4,True,1
BW505152,BR-12,F,20,farming,9,6.5,no,3
BW505153,BR-09,F,23,tailoring,10,4.5,no,2
BW505154,BR-17,F,34,transport,7,11.4,yes,0
BW505155,BR-05,F,47,teaching,12,0.6,0,6
BW505156,BR-17,F,40,poultry,1,4.3,yes,9
BW505157,BR-05,F,52,food vending,8,2.3,TRUE,1
BW505158,BR-15,M,41,petty trade,10,9.5,yes,1
BW505159,BR-02,M,42,farming,3,10.2,False,2
BW505160,BR-06,F,49,transport,6,0.5,0,2
BW505161,BR-03,F,39,hairdressing,6,7.1,TRUE,2
BW505162,BR-06,F,41,poultry,7,2.7,1,9
BW505163,BR-12,F,49,poultry,4,6.4,1,4
BW505164,BR-03,F,47,farming,10,11.8,False,4
BW505165,BR-21,F,30,hairdressing,3,5.4,0,3
BW505166,BR-04,F,61,petty trade,7,4.5,True,0
BW505167,BR-10,F,49,petty trade,4,1.3,False,3
BW505168,BR-11,M,44,poultry,4,7.5,FALSE,1
BW505169,BR-17,M,44,food vending,1,2.1,True,9
BW505170,BR-18,M,24,food vending,7,5.2,yes,2
BW505171,BR-04,M,56,carpentry,5,0.7,False,1
BW505172,BR-06,F,25,retail shop,5,5.2,1,3
BW505173,BR-08,M,57,farming,2,9.0,False,4
BW505174,BR-18,F,59,teaching,4,2.6,yes,3
BW505175,BR-07,M,29,retail shop,12,10.5,TRUE,0
BW505176,BR-19,M,51,carpentry,2,7.3,TRUE,3
BW505177,BR-05,F,45,farming,1,1.7,0,6
BW505178,BR-12,M,24,masonry,10,1.8,FALSE,4
BW505179,BR-06,F,63,poultry,8,6.6,False,6
BW505180,BR-03,F,64,teaching,4,6.5,FALSE,6
BW505181,BR-03,F,56,carpentry,8,9.8,TRUE,6
BW505182,BR-14,F,45,food vending,10,5.2,1,0
BW505183,BR-15,M,24,hairdressing,5,1.3,0,0
BW505184,BR-06,F,54,tailoring,1,2.0,0,1
BW505185,BR-06,M,34,tailoring,7,1.0,FALSE,6
BW505186,BR-10,M,26,food vending,1,5.7,FALSE,0
BW505187,BR-17,F,54,food vending,7,3.4,0,1
BW505188,BR-18,F,20,petty trade,11,10.0,yes,6
BW505189,BR-21,F,32,farming,10,1.4,no,3
BW505190,BR-05,M,25,masonry,1,5.9,yes,3
BW505191,BR-11,F,28,petty trade,7,8.0,False,0
BW505192,BR-02,F,40,petty trade,9,0.7,yes,1
BW505193,BR-03,F,32,food vending,3,0.9,True,2
BW505194,BR-19,F,61,teaching,2,5.6,yes,6
BW505195,BR-18,M,32,food vending,12,1.0,FALSE,9
BW505196,BR-01,M,25,phone repair,1,0.8,TRUE,1
BW505197,BR-03,M,49,phone repair,3,10.8,False,3
BW505198,BR-22,M,61,transport,5,9.6,True,1
BW505199,BR-11,M,50,teaching,6,7.4,FALSE,3
BW505200,BR-16,M,22,phone repair,8,11.5,True,0
BW505201,BR-20,F,47,masonry,3,7.9,FALSE,1
BW505202,BR-01,M,46,farming,8,13.4,no,1
BW505203,BR-15,M,54,teaching,9,8.9,yes,3
BW505204,BR-23,F,61,poultry,10,7.6,1,2
BW505205,BR-03,F,51,transport,1,7.2,False,3
BW505206,BR-16,F,42,tailoring,7,7.6,TRUE,6
BW505207,BR-13,F,44,retail shop,8,9.5,no,9
BW505208,BR-17,M,44,masonry,5,11.2,1,1
BW505209,BR-18,F,36,phone repair,1,9.7,False,6
BW505210,BR-24,F,56,tailoring,9,0.9,TRUE,0
BW505211,BR-24,F,21,phone repair,4,10.6,0,4
BW505212,BR-14,M,54,phone repair,1,5.1,yes,6
BW505213,BR-16,F,23,phone repair,4,0.3,yes,0
BW505214,BR-24,M,19,masonry,11,5.7,False,3
BW505215,BR-02,F,62,carpentry,2,1.9,0,4
BW505216,BR-07,F,38,hairdressing,6,5.5,False,0
BW505217,BR-01,F,60,food vending,1,9.3,1,3
BW505218,BR-01,F,54,transport,2,7.1,True,3
BW505219,BR-06,F,60,tailoring,9,5.4,0,1
BW505220,BR-22,F,46,teaching,2,2.3,yes,0
BW505221,BR-15,M,36,food vending,3,6.6,1,9
BW505222,BR-09,F,41,tailoring,6,1.4,yes,9
BW505223,BR-19,F,46,hairdressing,4,6.1,0,1
BW505224,BR-06,F,52,retail shop,10,2.6,True,1
BW505225,BR-02,F,23,petty trade,7,3.1,no,6
BW505226,BR-04,F,45,teaching,11,4.1,0,4
BW505227,BR-24,F,55,poultry,10,1.4,FALSE,1
BW505228,BR-16,F,33,masonry,6,0.6,yes,1
BW505229,BR-12,F,44,farming,2,9.0,yes,2
BW505230,BR-15,F,61,petty trade,9,1.6,True,3
BW505231,BR-02,M,60,teaching,8,1.5,yes,4
BW505232,BR-10,F,27,farming,4,3.8,no,1
BW505233,BR-19,F,49,masonry,6,1.0,TRUE,0
BW505234,BR-07,F,23,petty trade,11,5.6,True,1
BW505235,BR-12,F,63,masonry,2,5.5,1,0
BW505236,BR-22,F,25,hairdressing,7,5.7,1,0
BW505237,BR-24,M,62,hairdressing,8,6.7,yes,3
BW505238,BR-02,M,57,phone repair,11,2.6,no,1
BW505239,BR-24,M,25,food vending,6,6.3,0,1
BW505240,BR-01,M,34,phone repair,2,7.7,FALSE,6
BW505241,BR-10,F,22,farming,10,4.4,False,6
BW505242,BR-15,M,36,teaching,9,5.0,FALSE,4
BW505243,BR-21,M,63,phone repair,9,7.5,TRUE,9
BW505244,BR-24,F,22,farming,6,0.6,False,1
BW505245,BR-08,F,55,food vending,10,7.0,no,1
BW505246,BR-13,F,21,masonry,8,10.1,no,0
BW505247,BR-24,F,45,hairdressing,12,10.6,False,9
BW505248,BR-05,F,51,poultry,2,2.9,0,2
BW505249,BR-13,F,19,hairdressing,11,7.9,TRUE,1
BW505250,BR-20,F,27,tailoring,10,2.3,TRUE,4
BW505251,BR-21,F,51,carpentry,11,0.5,1,0
BW505252,BR-03,M,45,teaching,1,1.0,TRUE,0
BW505253,BR-06,F,47,phone repair,8,10.2,True,3
BW505254,BR-19,F,30,carpentry,1,7.0,1,9
BW505255,BR-12,F,61,food vending,1,1.1,yes,0
BW505256,BR-05,F,44,phone repair,6,14.2,no,2
BW505257,BR-05,M,49,farming,4,4.1,FALSE,0
BW505258,BR-03,F,40,petty trade,8,5.8,0,0
BW505259,BR-03,F,39,phone repair,10,2.8,no,0
BW505260,BR-07,F,41,tailoring,2,0.3,TRUE,1
BW505261,BR-10,F,24,food vending,3,6.7,yes,0
BW505262,BR-04,F,59,masonry,7,0.8,1,9
BW505263,BR-11,F,50,carpentry,11,6.4,False,4
BW505264,BR-22,F,51,masonry,2,5.1,yes,3
BW505265,BR-21,F,47,food vending,2,9.6,no,1
BW505266,BR-01,F,31,transport,4,6.7,TRUE,0
BW505267,BR-14,M,50,food vending,7,4.3,no,4
BW505268,BR-13,F,33,phone repair,8,0.6,True,6
BW505269,BR-20,F,60,poultry,4,8.6,True,6
BW505270,BR-07,M,21,farming,1,4.1,FALSE,2
BW505271,BR-14,F,36,transport,6,7.6,0,2
BW505272,BR-13,F,57,teaching,1,4.3,0,1
BW505273,BR-13,F,41,farming,11,3.9,True,9
BW505274,BR-07,M,25,tailoring,12,7.8,FALSE,4
BW505275,BR-06,M,29,farming,2,5.5,FALSE,0
BW505276,BR-08,M,54,teaching,3,8.2,False,3
BW505277,BR-21,M,27,phone repair,2,8.1,TRUE,1
BW505278,BR-13,M,30,farming,6,4.7,1,0
BW505279,BR-21,F,23,petty trade,1,3.2,0,4
BW505280,BR-15,F,50,phone repair,11,0.7,FALSE,9
BW505281,BR-23,M,64,carpentry,4,4.5,True,0
BW505282,BR-22,F,35,petty trade,8,5.6,no,9
BW505283,BR-19,F,63,masonry,6,7.8,True,1
BW505284,BR-12,F,60,food vending,8,7.1,False,6
BW505285,BR-22,F,23,farming,7,5.9,yes,0
BW505286,BR-01,M,34,farming,6,0.2,FALSE,1
BW505287,BR-23,F,25,food vending,7,2.6,FALSE,1
BW505288,BR-10,M,53,retail shop,3,4.8,TRUE,4
BW505289,BR-07,F,24,farming,3,5.0,no,1
BW505290,BR-23,M,27,phone repair,5,1.4,no,9
BW505291,BR-11,M,35,tailoring,8,2.2,FALSE,2
BW505292,BR-12,F,21,phone repair,11,9.9,False,4
BW505293,BR-21,F,24,transport,7,14.3,no,1
BW505294,BR-20,F,32,retail shop,7,8.0,TRUE,0
BW505295,BR-14,F,49,farming,6,7.3,1,4
BW505296,BR-09,M,33,carpentry,9,3.5,False,1
BW505297,BR-22,M,36,tailoring,7,5.9,True,0
BW505298,BR-11,M,23,retail shop,1,1.5,0,0
BW505299,BR-12,M,25,retail shop,8,8.1,FALSE,4
BW505300,BR-23,M,26,tailoring,5,3.9,no,0
BW505301,BR-03,M,59,carpentry,10,4.3,True,0
BW505302,BR-19,F,36,teaching,9,1.1,0,2
BW505303,BR-20,F,22,retail shop,4,6.8,True,1
BW505304,BR-04,F,60,poultry,11,3.1,0,0
BW505305,BR-23,F,23,teaching,12,7.4,FALSE,0
BW505306,BR-10,F,26,petty trade,3,2.8,FALSE,2
BW505307,BR-12,M,55,tailoring,9,6.4,1,6
BW505308,BR-02,F,26,tailoring,12,0.8,yes,1
BW505309,BR-22,F,55,transport,11,1.2,yes,9
BW505310,BR-05,F,26,transport,10,6.2,1,4
BW505311,BR-23,M,49,petty trade,2,11.5,no,9
BW505312,BR-18,F,31,petty trade,4,4.1,yes,4
BW505313,BR-04,M,62,masonry,7,0.7,True,0
BW505314,BR-18,M,36,hairdressing,5,10.3,TRUE,4
BW505315,BR-18,F,29,carpentry,2,3.7,yes,2
BW505316,BR-16,M,39,masonry,4,8.3,True,1
BW505317,BR-11,F,23,farming,1,0.5,yes,1
BW505318,BR-16,M,26,transport,3,5.7,0,0
BW505319,BR-02,M,22,poultry,6,4.0,True,1
BW505320,BR-21,F,63,poultry,9,8.8,0,0
BW505321,BR-19,F,26,hairdressing,12,2.6,False,9
BW505322,BR-01,F,27,farming,10,3.4,False,0
BW505323,BR-22,F,59,phone repair,6,2.3,no,2
BW505324,BR-07,F,46,retail shop,2,4.0,yes,4
BW505325,BR-04,F,32,carpentry,10,10.7,False,0
BW505326,BR-16,M,27,farming,10,4.9,False,3
BW505327,BR-03,F,21,poultry,6,4.2,no,0
BW505328,BR-20,M,38,retail shop,10,9.1,TRUE,0
BW505329,BR-07,M,58,poultry,9,5.0,1,0
BW505330,BR-22,F,57,poultry,12,3.8,False,4
BW505331,BR-22,F,52,masonry,6,7.4,TRUE,3
BW505332,BR-13,F,42,hairdressing,9,4.5,1,2
BW505333,BR-12,F,57,retail shop,5,5.9,FALSE,1
BW505334,BR-21,F,47,food vending,12,9.5,0,1
BW505335,BR-21,F,49,masonry,10,2.4,no,0
BW505336,BR-23,M,55,tailoring,12,0.5,yes,1
BW505337,BR-17,F,64,retail shop,9,8.2,yes,0
BW505338,BR-16,M,21,poultry,9,3.4,1,1
BW505339,BR-05,F,28,tailoring,1,5.2,no,1
BW505340,BR-07,F,37,masonry,11,9.2,1,0
BW505341,BR-04,M,30,poultry,3,4.5,FALSE,1
BW505342,BR-24,F,30,hairdressing,7,1.8,TRUE,9
BW505343,BR-12,F,33,petty trade,3,8.7,True,2
BW505344,BR-21,M,49,carpentry,6,9.8,yes,0
BW505345,BR-24,F,44,phone repair,11,6.9,1,4
BW505346,BR-02,F,40,retail shop,8,8.8,TRUE,0
BW505347,BR-15,M,20,phone repair,7,10.0,no,2
BW505348,BR-01,F,34,petty trade,9,3.2,True,2
BW505349,BR-11,M,42,tailoring,11,11.1,False,9
BW505350,BR-15,F,41,carpentry,9,6.8,0,0
BW505351,BR-07,F,43,teaching,12,0.8,0,3
BW505352,BR-03,F,31,phone repair,9,5.9,TRUE,1
BW505353,BR-13,M,28,hairdressing,6,0.8,yes,0
BW505354,BR-18,M,36,tailoring,11,2.2,1,4
BW505355,BR-23,M,44,carpentry,6,8.2,1,1
BW505356,BR-20,F,39,teaching,12,6.1,1,6
BW505357,BR-10,F,28,retail shop,3,6.7,yes,9
BW505358,BR-04,F,25,carpentry,4,6.1,False,1
BW505359,BR-03,M,43,phone repair,9,3.3,0,2
BW505360,BR-14,F,30,phone repair,2,2.0,1,3
BW505361,BR-24,M,55,retail shop,11,6.6,False,6
BW505362,BR-14,F,52,poultry,7,0.8,1,3
BW505363,BR-01,F,57,transport,1,2.0,yes,2
BW505364,BR-05,M,23,petty trade,1,9.9,no,0
BW505365,BR-09,M,55,phone repair,11,0.6,False,9
BW505366,BR-01,M,53,tailoring,3,0.2,TRUE,9
BW505367,BR-11,M,45,teaching,9,4.1,yes,2
BW505368,BR-20,F,19,masonry,3,6.6,no,1
BW505369,BR-24,F,33,retail shop,4,6.4,0,3
BW505370,BR-20,M,22,tailoring,4,0.7,TRUE,1
BW505371,BR-06,F,43,retail shop,2,5.2,no,0
BW505372,BR-16,M,23,tailoring,12,14.0,TRUE,0
BW505373,BR-10,M,41,poultry,6,0.8,yes,0
BW505374,BR-19,F,34,transport,5,4.1,True,4
BW505375,BR-15,M,56,petty trade,5,1.8,False,2
BW505376,BR-24,F,58,tailoring,4,6.3,no,4
BW505377,BR-20,F,59,transport,9,0.9,1,1
BW505378,BR-11,M,56,phone repair,6,1.8,False,1
BW505379,BR-12,F,57,transport,12,8.6,True,0
BW505380,BR-13,M,35,poultry,8,7.3,FALSE,9
BW505381,BR-13,F,39,tailoring,8,2.6,1,1
BW505382,BR-06,F,51,food vending,5,12.7,yes,4
BW505383,BR-06,F,61,teaching,10,1.1,1,1
BW505384,BR-14,F,20,transport,6,0.9,no,1
BW505385,BR-17,M,20,food vending,11,6.4,no,2
BW505386,BR-20,F,27,hairdressing,9,5.4,True,0
BW505387,BR-09,F,23,carpentry,2,6.2,False,2
BW505388,BR-10,F,23,farming,12,4.7,yes,1
BW505389,BR-05,F,40,tailoring,7,1.5,FALSE,1
BW505390,BR-11,F,33,hairdressing,7,6.9,yes,2
BW505391,BR-14,F,22,farming,12,0.7,yes,0
BW505392,BR-19,M,27,carpentry,6,6.0,False,3
BW505393,BR-10,M,19,transport,10,7.0,yes,0
BW505394,BR-02,F,35,poultry,3,7.4,True,6
BW505395,BR-12,M,26,carpentry,6,4.7,1,9
BW505396,BR-18,F,47,food vending,9,2.6,0,0
BW505397,BR-17,F,34,food vending,7,11.1,False,6
BW505398,BR-14,F,59,tailoring,4,8.3,False,1
BW505399,BR-22,F,26,masonry,7,1.6,yes,2
BW505400,BR-15,F,42,masonry,5,5.6,yes,2
BW505401,BR-15,F,62,teaching,8,3.0,TRUE,0
BW505402,BR-18,F,61,phone repair,7,2.2,no,0
BW505403,BR-08,M,34,hairdressing,12,2.4,yes,1
BW505404,BR-07,M,51,phone repair,11,9.4,no,6
BW505405,BR-17,M,53,farming,5,8.0,no,6
BW505406,BR-23,F,24,tailoring,3,10.8,1,3
BW505407,BR-17,F,29,food vending,8,4.5,True,2
BW505408,BR-19,F,43,tailoring,9,5.2,0,4
BW505409,BR-24,M,63,poultry,2,9.3,False,2
BW505410,BR-16,F,33,carpentry,3,2.9,1,0
BW505411,BR-04,F,64,masonry,11,10.6,False,4
BW505412,BR-03,M,48,poultry,4,8.4,no,9
BW505413,BR-24,F,64,retail shop,6,13.3,FALSE,0
BW505414,BR-19,M,28,farming,9,3.2,FALSE,0
BW505415,BR-24,F,28,farming,10,6.4,True,1
BW505416,BR-07,F,51,food vending,1,9.0,FALSE,3
BW505417,BR-17,F,36,tailoring,9,1.9,TRUE,4
BW505418,BR-15,M,28,farming,12,3.9,False,9
BW505419,BR-10,F,40,hairdressing,7,1.5,False,1
BW505420,BR-02,F,40,hairdressing,12,3.8,True,0
BW505421,BR-19,M,49,retail shop,8,0.7,1,3
BW505422,BR-10,M,44,masonry,12,0.7,0,9
BW505423,BR-20,F,38,phone repair,8,7.0,no,2
BW505424,BR-03,F,29,poultry,3,3.8,no,9
BW505425,BR-02,M,54,tailoring,12,5.6,1,4
BW505426,BR-19,M,29,farming,1,3.8,no,4
BW505427,BR-08,F,23,transport,2,8.9,1,9
BW505428,BR-02,M,27,tailoring,12,6.9,FALSE,2
BW505429,BR-17,M,47,farming,12,1.8,TRUE,1
BW505430,BR-02,M,61,transport,1,12.8,no,0
BW505431,BR-16,F,43,petty trade,9,5.8,False,1
BW505432,BR-15,F,58,teaching,11,7.5,1,4
BW505433,BR-02,M,43,farming,7,8.3,FALSE,4
BW505434,BR-15,M,64,farming,9,6.9,yes,6
BW505435,BR-10,M,19,hairdressing,8,1.2,yes,0
BW505436,BR-14,M,54,farming,7,1.8,0,1
BW505437,BR-11,F,49,farming,6,5.0,1,9
BW505438,BR-24,M,59,food vending,11,2.3,TRUE,0
BW505439,BR-01,M,53,teaching,8,0.8,1,2
BW505440,BR-11,F,39,retail shop,12,4.4,0,1
BW505441,BR-15,F,25,hairdressing,8,3.9,True,1
BW505442,BR-19,F,23,food vending,7,3.8,1,1
BW505443,BR-12,M,26,food vending,12,3.8,FALSE,9
BW505444,BR-10,F,51,food vending,8,1.7,True,3
BW505445,BR-09,F,19,masonry,9,1.9,0,0
BW505446,BR-12,F,47,tailoring,6,10.7,FALSE,1
BW505447,BR-15,M,39,retail shop,5,8.3,False,0
BW505448,BR-12,M,19,teaching,2,2.4,FALSE,9
BW505449,BR-07,M,29,farming,12,7.3,no,6
BW505450,BR-03,F,41,teaching,11,1.7,yes,9
BW505451,BR-02,M,40,poultry,3,7.6,True,4
BW505452,BR-06,M,46,carpentry,9,1.9,True,0
BW505453,BR-17,M,31,hairdressing,12,11.2,0,6
BW505454,BR-06,F,50,farming,3,8.1,1,6
BW505455,BR-07,M,28,phone repair,12,3.8,TRUE,3
BW505456,BR-21,F,58,masonry,12,10.9,FALSE,0
BW505457,BR-18,F,31,teaching,8,5.7,0,1
BW505458,BR-12,M,38,tailoring,11,0.7,no,4
BW505459,BR-04,M,31,carpentry,7,3.4,FALSE,0
BW505460,BR-03,F,38,transport,4,2.7,0,4
BW505461,BR-13,M,31,phone repair,10,7.0,0,9
BW505462,BR-11,F,27,transport,4,6.6,0,0
BW505463,BR-02,M,41,tailoring,12,5.5,TRUE,9
BW505464,BR-17,F,24,retail shop,11,7.4,1,0
BW505465,BR-05,F,54,masonry,3,13.3,TRUE,9
BW505466,BR-14,M,32,food vending,12,4.0,False,9
BW505467,BR-18,M,37,transport,2,3.4,no,2
BW505468,BR-16,M,35,masonry,4,7.6,1,3
BW505469,BR-18,F,41,teaching,7,5.9,1,9
BW505470,BR-13,F,23,carpentry,9,7.6,False,6
BW505471,BR-12,F,27,transport,10,9.9,yes,6
BW505472,BR-11,F,42,farming,11,1.7,0,1
BW505473,BR-14,M,21,transport,4,12.4,False,4
BW505474,BR-13,M,36,tailoring,1,6.1,FALSE,1
BW505475,BR-19,M,30,poultry,3,7.6,TRUE,4
BW505476,BR-04,M,23,food vending,4,7.5,no,6
BW505477,BR-11,M,43,petty trade,8,3.5,TRUE,0
BW505478,BR-03,F,46,food vending,10,8.9,no,1
BW505479,BR-06,F,46,food vending,10,10.1,yes,3
BW505480,BR-06,F,49,poultry,8,10.2,yes,9
BW505481,BR-21,M,48,poultry,4,7.8,1,4
BW505482,BR-23,F,29,retail shop,8,1.8,True,0
BW505483,BR-13,F,53,transport,7,7.9,FALSE,0
BW505484,BR-12,M,27,tailoring,8,8.6,0,3
BW505485,BR-02,F,28,teaching,6,7.3,FALSE,9
BW505486,BR-24,F,52,phone repair,1,8.0,TRUE,1
BW505487,BR-01,F,30,food vending,10,0.8,yes,4
BW505488,BR-13,F,46,hairdressing,3,7.9,yes,2
BW505489,BR-04,F,27,retail shop,12,0.5,TRUE,9
BW505490,BR-12,M,44,tailoring,9,5.0,1,0
BW505491,BR-02,F,26,poultry,10,5.4,0,9
BW505492,BR-19,F,41,hairdressing,5,3.8,False,1
BW505493,BR-20,M,39,hairdressing,7,7.6,FALSE,0
BW505494,BR-17,M,38,carpentry,2,6.0,TRUE,0
BW505495,BR-23,M,41,farming,3,8.0,FALSE,4
BW505496,BR-24,M,33,carpentry,9,4.2,0,0
BW505497,BR-15,F,54,petty trade,9,9.9,False,2
BW505498,BR-13,F,61,teaching,7,0.9,FALSE,9
BW505499,BR-16,F,45,poultry,7,5.5,True,0
BW505500,BR-07,M,21,masonry,6,8.5,TRUE,1
BW505501,BR-15,M,39,carpentry,10,2.4,False,3
BW505502,BR-05,M,31,food vending,4,11.6,1,4
BW505503,BR-23,M,46,poultry,7,3.8,0,1
BW505504,BR-04,M,64,hairdressing,11,7.7,yes,0
BW505505,BR-05,F,49,transport,12,8.1,0,2
BW505506,BR-07,F,23,phone repair,11,5.5,FALSE,1
BW505507,BR-16,M,53,transport,8,5.9,yes,0
BW505508,BR-12,M,21,tailoring,12,4.6,False,0
BW505509,BR-08,F,41,transport,11,3.6,no,0
BW505510,BR-19,F,54,food vending,1,4.6,FALSE,1
BW505511,BR-09,M,24,food vending,3,1.5,TRUE,9
BW505512,BR-23,F,47,tailoring,2,4.4,yes,1
BW505513,BR-23,M,22,transport,9,6.4,no,6
BW505514,BR-21,M,46,hairdressing,3,6.8,no,1
BW505515,BR-15,M,58,teaching,5,6.4,True,0
BW505516,BR-12,M,22,petty trade,5,4.8,0,1
BW505517,BR-20,M,56,poultry,10,2.3,1,0
BW505518,BR-21,M,28,retail shop,9,5.7,TRUE,3
BW505519,BR-07,M,40,teaching,8,2.4,FALSE,0
BW505520,BR-10,M,49,masonry,3,5.4,1,1
BW505521,BR-03,F,57,petty trade,9,8.6,yes,4
BW505522,BR-06,F,58,farming,3,13.9,TRUE,9
BW505523,BR-15,M,38,petty trade,3,3.2,True,3
BW505524,BR-05,F,44,poultry,9,3.7,1,0
BW505525,BR-02,F,54,poultry,2,8.6,TRUE,6
BW505526,BR-19,M,38,poultry,1,7.9,1,3
BW505527,BR-17,M,41,teaching,6,9.0,yes,0
BW505528,BR-10,M,40,farming,12,8.8,0,3
BW505529,BR-11,F,22,petty trade,2,10.5,False,1
BW505530,BR-12,M,63,phone repair,1,1.0,1,4
BW505531,BR-09,F,46,masonry,9,4.9,no,1
BW505532,BR-08,F,60,masonry,12,7.3,0,3
BW505533,BR-01,M,45,carpentry,9,2.3,False,0
BW505534,BR-06,M,53,masonry,2,5.5,0,1
BW505535,BR-19,M,37,phone repair,6,6.8,True,6
BW505536,BR-01,F,48,farming,2,5.6,FALSE,1
BW505537,BR-04,F,58,farming,7,0.6,yes,0
BW505538,BR-10,F,62,masonry,2,6.9,FALSE,9
BW505539,BR-06,F,38,transport,5,7.3,yes,1
BW505540,BR-15,M,38,petty trade,11,6.4,no,0
BW505541,BR-01,M,54,transport,10,7.6,1,6
BW505542,BR-07,F,26,food vending,1,2.1,0,4
BW505543,BR-13,M,41,tailoring,5,7.5,0,0
BW505544,BR-17,F,43,hairdressing,10,0.6,TRUE,3
BW505545,BR-08,M,40,transport,5,2.9,FALSE,2
BW505546,BR-20,F,28,teaching,7,7.3,False,1
BW505547,BR-06,M,64,hairdressing,11,4.0,FALSE,4
BW505548,BR-01,F,53,food vending,2,1.1,TRUE,1
BW505549,BR-20,M,55,teaching,3,3.4,FALSE,4
BW505550,BR-10,F,58,farming,6,2.8,TRUE,4
BW505551,BR-10,M,54,tailoring,5,3.7,yes,1
BW505552,BR-18,M,60,tailoring,11,11.2,0,4
BW505553,BR-17,F,56,poultry,11,8.0,False,4
BW505554,BR-18,M,61,phone repair,2,11.6,yes,3
BW505555,BR-22,M,24,teaching,12,6.6,0,0
BW505556,BR-15,F,59,phone repair,11,2.7,True,0
BW505557,BR-16,F,32,tailoring,11,9.8,False,0
BW505558,BR-06,F,56,food vending,12,10.5,1,9
BW505559,BR-03,M,44,poultry,2,5.2,0,0
BW505560,BR-06,M,42,teaching,1,2.9,0,6
BW505561,BR-22,M,22,tailoring,7,5.6,False,3
BW505562,BR-02,F,30,teaching,7,9.4,0,0
BW505563,BR-05,F,42,food vending,1,0.2,no,1
BW505564,BR-23,F,22,farming,5,1.9,True,2
BW505565,BR-23,M,37,phone repair,2,2.9,1,3
BW505566,BR-21,F,51,poultry,12,3.5,False,0
BW505567,BR-12,F,43,teaching,4,0.7,no,6
BW505568,BR-10,F,22,farming,1,4.0,yes,1
BW505569,BR-03,F,45,transport,1,5.1,1,1
BW505570,BR-05,F,62,carpentry,3,5.6,TRUE,1
BW505571,BR-12,F,46,masonry,2,0.4,yes,2
BW505572,BR-03,M,58,food vending,9,13.1,1,1
BW505573,BR-20,M,34,teaching,5,5.4,1,1
BW505574,BR-23,F,47,poultry,3,1.9,TRUE,1
BW505575,BR-10,F,30,food vending,7,3.9,TRUE,1
BW505576,BR-08,M,22,masonry,5,1.6,TRUE,3
BW505577,BR-18,F,37,phone repair,11,8.1,True,6
BW505578,BR-14,F,28,transport,7,7.7,yes,4
BW505579,BR-15,F,62,farming,8,6.3,True,3
BW505580,BR-15,M,55,tailoring,8,1.6,0,0
BW505581,BR-07,F,36,retail shop,6,9.3,no,0
BW505582,BR-10,M,28,hairdressing,7,5.4,0,3
BW505583,BR-10,F,53,masonry,6,8.2,1,6
BW505584,BR-11,M,21,masonry,2,8.3,TRUE,3
BW505585,BR-09,F,26,phone repair,4,10.8,FALSE,4
BW505586,BR-21,M,58,farming,9,5.3,0,4
BW505587,BR-03,M,48,tailoring,5,4.0,1,0
BW505588,BR-06,F,55,phone repair,5,9.5,False,1
BW505589,BR-16,M,34,phone repair,11,6.9,1,9
BW505590,BR-08,F,57,tailoring,6,1.5,FALSE,2
BW505591,BR-02,F,42,petty trade,3,9.0,True,0
BW505592,BR-15,M,43,farming,5,7.5,FALSE,1
BW505593,BR-23,F,50,transport,8,9.0,FALSE,2
BW505594,BR-12,F,20,petty trade,8,2.4,FALSE,9
BW505595,BR-01,M,45,hairdressing,11,1.4,FALSE,9
BW505596,BR-16,M,43,phone repair,12,9.6,False,6
BW505597,BR-13,F,46,transport,6,6.9,FALSE,1
BW505598,BR-09,F,45,retail shop,6,7.3,no,0
BW505599,BR-22,F,38,phone repair,9,3.5,yes,3
BW505600,BR-18,M,25,food vending,8,1.7,0,6
BW505601,BR-21,M,32,phone repair,11,6.5,no,1
BW505602,BR-19,F,62,transport,7,1.1,no,0
BW505603,BR-07,F,21,food vending,8,7.2,FALSE,0
BW505604,BR-20,F,19,tailoring,6,7.4,0,0
BW505605,BR-08,M,20,poultry,8,1.1,FALSE,1
BW505606,BR-09,F,64,teaching,6,8.1,yes,3
BW505607,BR-08,F,21,carpentry,6,7.6,True,9
BW505608,BR-14,M,46,farming,10,1.2,no,3
BW505609,BR-24,F,44,masonry,3,4.0,0,3
BW505610,BR-20,F,40,petty trade,8,5.1,True,4
BW505611,BR-24,F,45,farming,11,2.0,0,6
BW505612,BR-03,F,37,carpentry,4,4.7,True,4
BW505613,BR-05,F,54,phone repair,6,5.5,FALSE,1
BW505614,BR-16,F,53,carpentry,6,0.4,TRUE,6
BW505615,BR-19,F,63,farming,11,8.7,0,0
BW505616,BR-18,M,56,hairdressing,2,3.1,FALSE,1
BW505617,BR-03,F,19,carpentry,4,9.1,no,9
BW505618,BR-13,F,28,teaching,12,5.0,TRUE,1
BW505619,BR-21,F,60,poultry,1,1.5,FALSE,1
BW505620,BR-14,F,39,masonry,5,4.8,no,4
BW505621,BR-16,M,57,poultry,9,3.9,FALSE,2
BW505622,BR-02,F,46,retail shop,8,0.5,no,1
BW505623,BR-08,F,62,farming,9,1.2,1,9
BW505624,BR-22,F,30,petty trade,7,3.8,False,3
BW505625,BR-17,M,53,farming,12,7.7,0,6
BW505626,BR-11,F,25,carpentry,12,6.8,0,1
BW505627,BR-13,M,23,carpentry,2,3.7,0,3
BW505628,BR-19,F,55,hairdressing,11,1.4,TRUE,6
BW505629,BR-07,M,27,hairdressing,1,3.0,True,2
BW505630,BR-14,M,28,masonry,6,10.4,False,9
BW505631,BR-17,F,27,farming,8,4.3,False,6
BW505632,BR-06,F,39,masonry,12,4.5,TRUE,4
BW505633,BR-23,F,55,carpentry,1,5.4,0,6
BW505634,BR-24,F,33,phone repair,1,3.0,0,3
BW505635,BR-21,M,27,food vending,2,5.7,TRUE,2
BW505636,BR-01,M,46,tailoring,5,3.4,1,1
BW505637,BR-16,M,64,poultry,3,7.8,False,1
BW505638,BR-10,M,51,carpentry,8,4.9,1,3
BW505639,BR-04,F,53,farming,3,5.4,TRUE,3
BW505640,BR-15,M,35,food vending,5,3.1,TRUE,2
BW505641,BR-01,M,41,teaching,5,3.2,TRUE,9
BW505642,BR-24,F,38,tailoring,11,8.8,FALSE,9
BW505643,BR-14,F,46,petty trade,3,7.1,TRUE,1
BW505644,BR-03,F,59,phone repair,10,7.0,TRUE,0
BW505645,BR-24,F,61,tailoring,2,6.0,FALSE,1
BW505646,BR-02,M,34,retail shop,10,5.4,1,0
BW505647,BR-16,F,52,carpentry,1,4.6,FALSE,9
BW505648,BR-14,F,26,teaching,5,10.0,yes,6
BW505649,BR-11,M,50,masonry,9,7.3,0,2
BW505650,BR-07,F,48,poultry,5,1.6,True,4
BW505651,BR-20,M,28,farming,11,1.8,1,3
BW505652,BR-11,M,62,food vending,11,10.9,1,6
BW505653,BR-18,F,60,petty trade,3,5.2,False,2
BW505654,BR-10,F,57,carpentry,1,6.2,FALSE,0
BW505655,BR-15,F,29,food vending,2,3.6,yes,2
BW505656,BR-22,M,62,phone repair,8,11.7,1,9
BW505657,BR-23,F,20,farming,7,0.6,1,6
BW505658,BR-23,F,46,carpentry,9,10.5,yes,3
BW505659,BR-21,F,26,farming,8,8.9,1,4
BW505660,BR-19,F,45,masonry,3,4.0,True,6
BW505661,BR-06,F,58,poultry,10,5.6,True,4
BW505662,BR-07,F,28,poultry,8,6.2,1,4
BW505663,BR-08,F,35,transport,2,8.2,FALSE,1
BW505664,BR-16,F,28,farming,12,4.2,TRUE,9
BW505665,BR-17,M,43,masonry,11,8.5,0,2
BW505666,BR-01,F,47,tailoring,1,3.4,False,6
BW505667,BR-14,F,21,phone repair,10,2.0,FALSE,1
BW505668,BR-04,F,29,masonry,11,3.5,yes,3
BW505669,BR-10,M,64,teaching,10,5.7,1,1
BW505670,BR-09,F,57,food vending,4,5.0,TRUE,0
BW505671,BR-21,M,21,poultry,11,6.5,FALSE,1
BW505672,BR-18,F,41,transport,1,9.1,0,6
BW505673,BR-03,F,33,masonry,4,2.5,FALSE,6
BW505674,BR-21,F,26,phone repair,5,13.9,no,0
BW505675,BR-24,F,21,teaching,7,1.7,no,3
BW505676,BR-01,F,54,petty trade,10,10.5,0,9
BW505677,BR-12,M,28,retail shop,6,4.4,True,1
BW505678,BR-22,F,24,retail shop,4,4.6,TRUE,0
BW505679,BR-03,M,45,poultry,3,6.6,no,1
BW505680,BR-19,F,41,tailoring,8,8.2,False,3
BW505681,BR-11,M,64,petty trade,7,0.4,no,1
BW505682,BR-16,F,31,food vending,9,4.9,True,0
BW505683,BR-04,M,53,masonry,1,10.6,FALSE,9
BW505684,BR-15,F,63,food vending,9,6.5,False,0
BW505685,BR-05,F,36,hairdressing,9,0.3,FALSE,4
BW505686,BR-24,F,19,carpentry,7,9.7,no,1
BW505687,BR-24,M,52,tailoring,2,2.7,False,0
BW505688,BR-06,M,55,petty trade,10,8.8,True,9
BW505689,BR-15,F,48,food vending,5,9.8,False,2
BW505690,BR-12,M,43,retail shop,2,6.4,FALSE,4
BW505691,BR-21,F,27,food vending,9,4.4,1,0
BW505692,BR-10,M,58,carpentry,4,1.8,1,0
BW505693,BR-04,F,64,food vending,4,3.1,FALSE,2
BW505694,BR-11,F,27,retail shop,12,7.2,1,0
BW505695,BR-08,M,61,petty trade,5,3.3,no,4
BW505696,BR-12,M,53,masonry,10,4.0,False,4
BW505697,BR-13,F,64,masonry,3,4.2,True,2
BW505698,BR-14,M,21,poultry,6,2.6,yes,3
BW505699,BR-02,M,26,farming,3,2.9,False,6
BW505700,BR-21,F,63,food vending,8,6.0,no,1
BW505701,BR-12,M,38,hairdressing,8,3.4,yes,0
BW505702,BR-23,F,30,tailoring,2,7.9,False,2
BW505703,BR-12,F,30,hairdressing,10,4.8,True,1
BW505704,BR-04,F,39,retail shop,8,5.3,False,1
BW505705,BR-24,M,38,farming,3,7.7,TRUE,1
BW505706,BR-04,F,56,hairdressing,5,1.6,True,9
BW505707,BR-08,M,61,masonry,8,9.3,no,0
BW505708,BR-03,M,54,masonry,8,3.5,True,3
BW505709,BR-09,F,31,retail shop,5,3.4,0,0
BW505710,BR-09,F,24,food vending,12,2.1,False,1
BW505711,BR-17,M,55,food vending,3,11.1,TRUE,0
BW505712,BR-15,F,32,masonry,3,5.8,no,0
BW505713,BR-08,M,62,food vending,12,9.5,no,4
BW505714,BR-09,F,43,petty trade,7,1.3,False,9
BW505715,BR-03,F,25,transport,3,9.3,TRUE,2
BW505716,BR-19,M,38,petty trade,5,3.7,TRUE,6
BW505717,BR-10,F,52,farming,2,10.1,1,9
BW505718,BR-04,F,62,carpentry,3,5.8,yes,1
BW505719,BR-24,M,44,poultry,9,3.1,no,1
BW505720,BR-12,F,39,poultry,5,6.3,1,9
BW505721,BR-24,M,36,tailoring,12,0.7,no,0
BW505722,BR-05,M,20,transport,10,5.0,0,6
BW505723,BR-09,M,24,farming,6,11.6,1,4
BW505724,BR-21,M,49,retail shop,8,5.8,no,0
BW505725,BR-21,F,63,food vending,1,11.2,TRUE,9
BW505726,BR-03,M,52,masonry,8,12.1,no,1
BW505727,BR-09,F,63,poultry,9,7.6,TRUE,0
BW505728,BR-07,M,60,poultry,5,12.6,yes,2
BW505729,BR-15,F,31,teaching,12,3.1,FALSE,6
BW505730,BR-20,F,25,transport,5,1.2,no,4
BW505731,BR-04,F,55,masonry,1,9.1,no,0
BW505732,BR-05,M,47,retail shop,4,5.8,1,3
BW505733,BR-10,F,48,phone repair,12,6.1,False,3
BW505734,BR-07,F,33,teaching,2,2.1,0,0
BW505735,BR-06,M,47,tailoring,3,5.1,TRUE,2
BW505736,BR-10,F,21,food vending,1,6.9,True,2
BW505737,BR-15,F,39,retail shop,10,0.9,False,0
BW505738,BR-20,M,23,poultry,8,2.8,no,4
BW505739,BR-21,F,54,carpentry,2,5.4,FALSE,2
BW505740,BR-08,F,24,hairdressing,8,1.0,FALSE,1
BW505741,BR-20,M,50,poultry,10,6.5,0,0
BW505742,BR-16,F,42,retail shop,5,6.3,True,9
BW505743,BR-16,M,35,transport,11,4.8,True,9
BW505744,BR-09,M,36,transport,2,7.4,TRUE,9
BW505745,BR-24,M,30,petty trade,1,2.5,FALSE,0
BW505746,BR-20,M,32,food vending,2,3.2,True,0
BW505747,BR-14,F,46,transport,5,3.4,yes,3
BW505748,BR-17,M,58,teaching,11,4.9,TRUE,1
BW505749,BR-13,M,39,poultry,12,0.8,True,1
BW505750,BR-20,M,24,teaching,1,1.6,no,6
BW505751,BR-20,F,55,poultry,6,7.3,False,9
BW505752,BR-01,F,27,petty trade,11,3.6,TRUE,4
BW505753,BR-11,F,33,teaching,9,7.5,True,6
BW505754,BR-12,F,56,petty trade,3,2.7,1,1
BW505755,BR-21,F,34,masonry,10,3.8,no,4
BW505756,BR-10,M,58,food vending,12,5.3,True,1
BW505757,BR-01,M,29,tailoring,8,10.3,no,3
BW505758,BR-18,M,60,tailoring,6,0.4,TRUE,0
BW505759,BR-16,F,64,retail shop,12,10.7,1,9
BW505760,BR-07,M,44,teaching,10,9.8,0,4
BW505761,BR-19,F,64,phone repair,3,0.4,True,6
BW505762,BR-11,F,30,poultry,4,0.3,True,0
BW505763,BR-12,M,47,transport,11,3.2,1,9
BW505764,BR-01,F,33,retail shop,3,11.0,TRUE,2
BW505765,BR-05,F,39,food vending,6,2.6,0,0
BW505766,BR-10,F,35,retail shop,11,14.8,FALSE,2
BW505767,BR-17,F,20,farming,1,2.5,FALSE,1
BW505768,BR-03,M,64,food vending,5,2.6,0,1
BW505769,BR-19,F,64,phone repair,5,4.3,FALSE,9
BW505770,BR-11,F,53,hairdressing,6,10.6,True,4
BW505771,BR-09,F,46,teaching,10,7.1,yes,1
BW505772,BR-14,F,34,retail shop,12,2.3,no,2
BW505773,BR-23,M,57,transport,4,6.4,TRUE,9
BW505774,BR-19,F,43,masonry,6,5.9,FALSE,0
BW505775,BR-19,M,54,phone repair,5,6.7,1,1
BW505776,BR-20,M,37,carpentry,11,4.6,True,3
BW505777,BR-19,M,52,hairdressing,10,8.4,0,9
BW505778,BR-19,M,35,carpentry,10,4.8,1,2
BW505779,BR-20,M,19,petty trade,10,1.1,True,1
BW505780,BR-12,F,40,hairdressing,1,1.5,0,2
BW505781,BR-03,M,51,farming,10,5.4,True,0
BW505782,BR-15,F,43,poultry,6,1.5,no,0
BW505783,BR-20,F,53,transport,1,5.9,FALSE,6
BW505784,BR-16,M,24,teaching,3,3.0,yes,4
BW505785,BR-13,F,36,carpentry,5,1.0,no,1
BW505786,BR-06,F,25,phone repair,3,3.9,TRUE,6
BW505787,BR-15,F,59,transport,12,2.2,False,2
BW505788,BR-03,F,56,farming,11,3.6,False,1
BW505789,BR-24,F,27,carpentry,8,5.2,FALSE,1
BW505790,BR-06,F,52,hairdressing,7,7.6,FALSE,0
BW505791,BR-22,M,40,phone repair,1,10.7,FALSE,3
BW505792,BR-09,M,32,transport,3,5.4,0,1
BW505793,BR-14,M,56,masonry,7,14.1,True,1
BW505794,BR-07,M,43,transport,2,8.4,yes,0
BW505795,BR-17,M,50,petty trade,11,1.4,True,1
BW505796,BR-03,M,56,retail shop,2,0.4,1,2
BW505797,BR-18,F,59,tailoring,7,4.6,TRUE,9
BW505798,BR-09,M,53,retail shop,6,7.9,False,1
BW505799,BR-01,M,49,transport,4,12.6,yes,1
BW505800,BR-14,F,31,food vending,3,1.0,1,4
BW505801,BR-23,F,59,retail shop,12,5.7,TRUE,4
BW505802,BR-01,F,39,retail shop,1,8.4,0,0
BW505803,BR-04,M,42,retail shop,10,2.1,1,1
BW505804,BR-01,M,61,poultry,6,12.8,1,1
BW505805,BR-20,M,46,retail shop,7,8.0,no,4
BW505806,BR-24,M,54,petty trade,8,7.5,1,9
BW505807,BR-03,F,25,masonry,3,10.7,FALSE,0
BW505808,BR-19,F,45,transport,7,10.0,False,3
BW505809,BR-01,F,26,teaching,10,2.9,False,0
BW505810,BR-07,F,64,phone repair,1,5.2,yes,0
BW505811,BR-03,F,45,retail shop,11,9.4,True,4
BW505812,BR-17,F,22,farming,4,4.0,TRUE,2
BW505813,BR-12,M,50,masonry,9,12.8,yes,1
BW505814,BR-09,F,52,masonry,8,2.6,TRUE,6
BW505815,BR-19,F,21,phone repair,1,1.1,no,4
BW505816,BR-24,F,21,food vending,12,7.6,0,6
BW505817,BR-06,F,25,farming,6,1.0,1,1
BW505818,BR-06,M,30,masonry,9,2.3,no,2
BW505819,BR-12,M,38,transport,7,3.5,0,3
BW505820,BR-05,F,28,farming,2,2.2,no,0
BW505821,BR-03,F,39,carpentry,10,10.4,False,2
BW505822,BR-10,F,63,transport,6,9.1,TRUE,9
BW505823,BR-19,M,20,carpentry,9,3.6,1,4
BW505824,BR-12,F,58,food vending,5,5.6,0,1
BW505825,BR-23,F,58,petty trade,1,15.2,False,2
BW505826,BR-06,F,52,carpentry,3,6.6,False,2
BW505827,BR-01,F,26,hairdressing,11,9.7,FALSE,1
BW505828,BR-06,M,28,poultry,11,9.2,False,1
BW505829,BR-20,F,46,carpentry,7,2.6,no,0
BW505830,BR-05,F,39,food vending,2,3.3,False,1
BW505831,BR-18,F,64,phone repair,1,4.7,0,1
BW505832,BR-14,M,38,farming,12,3.8,TRUE,4
BW505833,BR-03,F,38,carpentry,5,6.8,FALSE,4
BW505834,BR-23,F,47,masonry,7,12.6,no,0
BW505835,BR-04,M,44,retail shop,7,6.8,1,0
BW505836,BR-13,M,43,carpentry,11,11.2,1,4
BW505837,BR-01,M,51,carpentry,12,6.7,False,3
BW505838,BR-18,M,58,food vending,12,3.6,0,0
BW505839,BR-22,F,39,poultry,10,6.6,True,1
BW505840,BR-16,F,23,hairdressing,11,8.5,True,3
BW505841,BR-09,M,50,tailoring,3,8.0,True,6
BW505842,BR-10,F,44,transport,5,15.6,0,1
BW505843,BR-05,F,54,retail shop,5,1.7,1,9
BW505844,BR-24,M,54,hairdressing,6,2.0,1,1
BW505845,BR-10,M,62,transport,6,5.3,0,0
BW505846,BR-07,M,31,hairdressing,12,4.5,FALSE,1
BW505847,BR-14,F,58,poultry,5,1.2,False,4
BW505848,BR-21,F,28,food vending,11,10.9,TRUE,4
BW505849,BR-09,F,56,retail shop,8,0.4,FALSE,6
BW505850,BR-24,M,40,masonry,8,11.1,0,3
BW505851,BR-19,F,23,transport,7,12.6,0,0
BW505852,BR-02,F,49,phone repair,7,12.4,FALSE,2
BW505853,BR-07,M,27,retail shop,10,5.8,no,1
BW505854,BR-24,M,19,retail shop,4,11.0,no,9
BW505855,BR-06,M,34,hairdressing,6,5.6,no,0
BW505856,BR-12,M,31,masonry,5,1.4,TRUE,2
BW505857,BR-14,F,41,retail shop,6,5.9,True,4
BW505858,BR-22,F,34,poultry,12,6.2,True,1
BW505859,BR-11,M,47,poultry,12,0.9,TRUE,9
BW505860,BR-21,F,63,hairdressing,8,8.9,no,1
BW505861,BR-22,F,46,petty trade,10,7.1,FALSE,4
BW505862,BR-18,M,47,petty trade,10,11.1,no,1
BW505863,BR-21,M,28,phone repair,6,10.5,True,1
BW505864,BR-03,M,22,teaching,12,3.8,0,0
BW505865,BR-10,M,45,tailoring,12,3.6,yes,1
BW505866,BR-11,M,57,carpentry,9,12.5,TRUE,4
BW505867,BR-06,F,27,retail shop,11,0.6,no,6
BW505868,BR-09,F,29,food vending,12,0.7,0,0
BW505869,BR-04,F,32,petty trade,12,8.3,False,4
BW505870,BR-22,F,62,tailoring,11,6.4,1,2
BW505871,BR-17,F,58,petty trade,6,3.3,no,2
BW505872,BR-19,M,37,retail shop,8,10.6,no,9
BW505873,BR-14,F,42,food vending,5,4.5,0,4
BW505874,BR-07,M,28,phone repair,6,1.6,no,6
BW505875,BR-17,M,37,hairdressing,2,2.7,1,2
BW505876,BR-24,F,51,phone repair,5,5.2,False,2
BW505877,BR-03,F,45,masonry,5,5.6,TRUE,4
BW505878,BR-16,F,27,tailoring,4,5.6,0,4
BW505879,BR-22,F,27,masonry,1,3.5,1,2
BW505880,BR-06,M,47,farming,11,6.3,1,4
BW505881,BR-12,F,20,carpentry,7,8.7,0,9
BW505882,BR-02,F,34,carpentry,1,8.4,no,9
BW505883,BR-24,F,51,tailoring,9,3.7,0,0
BW505884,BR-06,M,56,teaching,10,0.3,True,6
BW505885,BR-11,M,35,teaching,11,4.8,TRUE,4
BW505886,BR-10,F,47,teaching,9,1.8,False,1
BW505887,BR-22,F,27,hairdressing,6,2.4,1,1
BW505888,BR-12,F,28,teaching,5,3.1,False,9
BW505889,BR-13,M,60,carpentry,5,7.6,yes,1
BW505890,BR-13,M,53,phone repair,1,5.5,no,1
BW505891,BR-10,M,38,poultry,12,6.0,False,9
BW505892,BR-01,M,29,farming,9,10.6,TRUE,3
BW505893,BR-19,F,55,masonry,1,1.5,True,4
BW505894,BR-04,F,58,transport,5,7.6,True,0
BW505895,BR-13,M,55,petty trade,5,2.6,FALSE,0
BW505896,BR-23,F,41,food vending,8,0.8,TRUE,4
BW505897,BR-22,F,22,transport,12,5.7,False,3
BW505898,BR-11,F,28,hairdressing,9,1.2,no,2
BW505899,BR-02,M,57,teaching,10,8.2,FALSE,1
BW505900,BR-19,M,46,farming,4,8.9,False,2
BW505901,BR-09,F,46,carpentry,1,2.4,True,9
BW505902,BR-19,M,45,tailoring,11,2.5,FALSE,2
BW505903,BR-22,M,60,tailoring,2,3.8,FALSE,1
BW505904,BR-14,F,62,transport,5,7.8,yes,9
BW505905,BR-13,F,56,carpentry,10,4.9,False,1
BW505906,BR-09,M,61,hairdressing,12,10.2,TRUE,9
BW505907,BR-07,F,38,teaching,12,1.5,0,4
BW505908,BR-07,M,63,food vending,5,5.1,yes,6
BW505909,BR-17,M,53,food vending,2,6.6,yes,1
BW505910,BR-09,F,21,teaching,5,11.0,yes,0
BW505911,BR-05,F,46,retail shop,12,4.7,1,2
BW505912,BR-12,M,24,retail shop,5,3.5,yes,4
BW505913,BR-21,F,36,retail shop,11,11.9,False,6
BW505914,BR-03,M,29,phone repair,5,4.3,no,0
BW505915,BR-24,M,41,farming,12,4.3,True,6
BW505916,BR-02,M,60,food vending,5,2.3,FALSE,0
BW505917,BR-24,F,19,carpentry,3,2.2,TRUE,1
BW505918,BR-13,M,36,farming,7,7.4,no,4
BW505919,BR-01,F,44,poultry,9,4.6,FALSE,9
BW505920,BR-16,F,44,phone repair,6,2.4,no,2
BW505921,BR-05,F,61,petty trade,5,0.7,True,9
BW505922,BR-19,M,42,farming,11,11.0,1,0
BW505923,BR-09,F,26,teaching,6,10.5,False,4
BW505924,BR-14,F,52,poultry,11,7.2,False,9
BW505925,BR-24,F,54,food vending,11,4.1,False,1
BW505926,BR-08,F,22,poultry,7,8.2,FALSE,0
BW505927,BR-04,F,49,phone repair,6,6.9,True,9
BW505928,BR-06,M,56,carpentry,10,2.1,TRUE,1
BW505929,BR-06,F,31,poultry,2,3.3,0,4
BW505930,BR-09,M,46,masonry,7,5.2,TRUE,3
BW505931,BR-14,F,29,retail shop,10,12.4,0,0
BW505932,BR-06,M,62,retail shop,1,3.9,0,9
BW505933,BR-21,M,36,hairdressing,5,4.9,True,6
BW505934,BR-01,F,21,retail shop,11,1.2,True,1
BW505935,BR-05,M,35,phone repair,9,7.4,FALSE,1
BW505936,BR-09,M,61,phone repair,3,5.8,False,0
BW505937,BR-17,F,37,hairdressing,12,11.7,0,4
BW505938,BR-05,M,33,masonry,2,0.9,TRUE,0
BW505939,BR-19,F,37,phone repair,3,3.0,0,9
BW505940,BR-15,F,62,carpentry,4,13.5,1,9
BW505941,BR-01,F,46,carpentry,2,5.0,1,0
BW505942,BR-24,M,27,food vending,6,5.7,TRUE,4
BW505943,BR-05,M,31,carpentry,1,7.2,FALSE,9
BW505944,BR-03,F,47,carpentry,3,6.0,yes,4
BW505945,BR-16,M,50,tailoring,9,1.9,TRUE,3
BW505946,BR-07,M,39,carpentry,6,2.5,TRUE,6
BW505947,BR-15,F,19,farming,5,0.3,yes,1
BW505948,BR-03,F,48,phone repair,1,7.7,1,1
BW505949,BR-12,F,37,teaching,10,3.4,yes,0
BW505950,BR-18,M,39,retail shop,5,0.3,1,9
BW505951,BR-21,F,61,hairdressing,11,13.4,False,0
BW505952,BR-03,F,38,poultry,5,0.7,no,3
BW505953,BR-14,F,19,food vending,10,3.6,no,0
BW505954,BR-15,F,26,retail shop,9,6.2,no,4
BW505955,BR-03,F,49,carpentry,6,2.0,False,0
BW505956,BR-05,M,38,farming,10,0.8,0,2
BW505957,BR-19,F,55,farming,11,0.3,yes,6
BW505958,BR-20,M,41,transport,8,11.8,False,4
BW505959,BR-06,F,50,masonry,12,6.0,False,2
BW505960,BR-07,M,29,poultry,3,4.6,FALSE,9
BW505961,BR-09,M,20,masonry,5,3.3,no,0
BW505962,BR-06,F,23,food vending,4,10.1,True,6
BW505963,BR-17,F,53,petty trade,8,1.4,TRUE,4
BW505964,BR-17,M,34,poultry,3,7.4,no,3
BW505965,BR-18,F,45,food vending,8,2.2,True,0
BW505966,BR-16,F,19,carpentry,9,2.4,True,1
BW505967,BR-10,F,50,teaching,4,8.1,1,0
BW505968,BR-24,M,36,food vending,11,3.2,FALSE,9
BW505969,BR-03,M,38,poultry,11,3.7,1,0
BW505970,BR-05,F,57,phone repair,5,11.0,0,1
BW505971,BR-23,M,33,teaching,2,15.4,0,9
BW505972,BR-19,M,60,hairdressing,8,4.5,TRUE,1
BW505973,BR-18,F,37,farming,9,10.6,no,6
BW505974,BR-03,M,39,transport,9,4.6,yes,3
BW505975,BR-15,M,32,phone repair,4,2.0,TRUE,9
BW505976,BR-05,M,49,teaching,1,14.8,True,4
BW505977,BR-02,M,43,retail shop,2,2.9,False,9
BW505978,BR-14,M,48,teaching,3,4.6,yes,0
BW505979,BR-14,F,60,phone repair,10,8.8,TRUE,2
BW505980,BR-11,F,54,transport,2,14.3,no,2
BW505981,BR-05,F,51,phone repair,3,5.1,0,1
BW505982,BR-06,M,35,tailoring,1,13.0,0,1
BW505983,BR-02,M,36,tailoring,2,9.8,True,0
BW505984,BR-10,F,48,hairdressing,9,9.0,True,6
BW505985,BR-17,F,38,teaching,8,2.5,no,3
BW505986,BR-05,F,56,poultry,12,8.1,0,9
BW505987,BR-05,M,55,tailoring,11,0.6,TRUE,1
BW505988,BR-13,F,41,hairdressing,7,10.5,yes,4
BW505989,BR-11,F,25,hairdressing,3,1.1,1,3
BW505990,BR-20,F,35,teaching,3,10.5,yes,3
BW505991,BR-09,F,30,tailoring,11,5.6,1,2
BW505992,BR-10,M,22,transport,4,7.0,TRUE,1
BW505993,BR-17,F,55,transport,3,2.6,1,0
BW505994,BR-04,F,60,retail shop,4,1.4,FALSE,4
BW505995,BR-12,M,42,poultry,2,8.5,1,0
BW505996,BR-15,F,61,farming,7,6.8,True,2
BW505997,BR-22,F,47,poultry,5,3.1,0,4
BW505998,BR-09,F,64,farming,6,5.4,False,4
BW505999,BR-21,F,21,masonry,11,7.5,False,1
BW506000,BR-01,F,37,retail shop,2,2.3,False,3
BW506001,BR-04,M,33,carpentry,11,9.1,1,1
BW506002,BR-08,M,37,tailoring,7,1.3,True,4
BW506003,BR-24,M,51,tailoring,11,3.4,1,2
BW506004,BR-21,F,37,teaching,5,7.5,1,3
BW506005,BR-11,M,39,phone repair,3,4.2,0,3
BW506006,BR-08,M,50,masonry,5,1.7,True,9
BW506007,BR-24,M,27,food vending,8,8.8,1,9
BW506008,BR-15,F,25,hairdressing,5,3.9,FALSE,3
BW506009,BR-08,F,35,retail shop,5,6.8,TRUE,9
BW506010,BR-22,M,52,hairdressing,9,9.2,TRUE,1
BW506011,BR-12,F,56,farming,3,2.7,True,0
BW506012,BR-14,F,63,transport,1,10.5,FALSE,1
BW506013,BR-18,F,60,food vending,9,1.4,yes,0
BW506014,BR-04,M,31,hairdressing,3,14.1,True,6
BW506015,BR-06,M,52,transport,2,6.4,TRUE,6
BW506016,BR-12,F,51,tailoring,7,4.0,1,6
BW506017,BR-22,F,52,phone repair,5,0.9,1,1
BW506018,BR-07,F,64,poultry,4,6.5,FALSE,0
BW506019,BR-09,F,62,carpentry,1,8.9,True,2
BW506020,BR-23,F,22,tailoring,4,10.9,1,6
BW506021,BR-03,F,38,food vending,8,10.2,True,3
BW506022,BR-08,F,28,retail shop,7,6.0,1,3
BW506023,BR-23,F,57,carpentry,10,1.6,False,6
BW506024,BR-18,F,60,retail shop,11,6.9,TRUE,0
BW506025,BR-21,M,22,farming,7,0.6,FALSE,4
BW506026,BR-23,F,28,hairdressing,4,16.2,0,0
BW506027,BR-20,F,42,tailoring,5,4.6,TRUE,0
BW506028,BR-07,F,41,masonry,11,4.3,yes,1
BW506029,BR-04,F,32,transport,2,8.9,False,9
BW506030,BR-06,F,37,phone repair,7,2.9,False,0
BW506031,BR-05,F,52,tailoring,2,2.0,True,1
BW506032,BR-12,M,59,hairdressing,5,12.8,False,6
BW506033,BR-08,M,32,tailoring,2,5.2,yes,0
BW506034,BR-02,F,20,carpentry,5,2.3,0,0
BW506035,BR-14,F,32,transport,1,7.3,TRUE,0
BW506036,BR-16,F,43,retail shop,1,11.8,1,6
BW506037,BR-13,F,40,poultry,11,3.1,yes,1
BW506038,BR-09,F,34,carpentry,12,7.7,1,9
BW506039,BR-15,M,36,teaching,10,7.0,0,0
BW506040,BR-19,F,29,teaching,7,3.3,FALSE,1
BW506041,BR-21,F,40,tailoring,12,7.2,TRUE,4
BW506042,BR-06,F,54,tailoring,1,1.2,FALSE,2
BW506043,BR-18,F,45,food vending,2,4.6,True,6
BW506044,BR-22,M,63,phone repair,9,8.4,FALSE,4
BW506045,BR-15,F,38,hairdressing,11,10.4,FALSE,1
BW506046,BR-02,F,35,phone repair,4,3.6,FALSE,2
BW506047,BR-06,M,42,poultry,5,3.3,True,9
BW506048,BR-11,M,40,teaching,2,4.4,True,2
BW506049,BR-05,F,34,petty trade,12,7.4,yes,2
BW506050,BR-18,F,37,petty trade,2,5.0,FALSE,2
BW506051,BR-19,F,55,hairdressing,2,0.8,TRUE,2
BW506052,BR-11,F,28,carpentry,12,4.9,1,9
BW506053,BR-21,M,48,poultry,1,3.5,False,2
BW506054,BR-08,M,42,phone repair,6,1.7,no,2
BW506055,BR-21,M,52,hairdressing,8,8.1,1,0
BW506056,BR-01,F,33,farming,5,8.2,1,1
BW506057,BR-09,M,56,food vending,6,4.2,0,0
BW506058,BR-22,F,61,masonry,10,0.4,TRUE,3
BW506059,BR-16,F,62,food vending,8,5.6,FALSE,6
BW506060,BR-09,M,26,poultry,2,2.8,False,1
BW506061,BR-06,M,32,poultry,3,1.0,FALSE,0
BW506062,BR-16,F,25,masonry,2,0.3,True,1
BW506063,BR-13,M,40,hairdressing,4,5.5,no,6
BW506064,BR-09,F,48,hairdressing,3,5.2,False,1
BW506065,BR-24,M,61,teaching,11,3.3,0,1
BW506066,BR-05,M,40,farming,4,6.8,yes,0
BW506067,BR-05,M,42,food vending,7,2.1,0,9
BW506068,BR-18,F,62,petty trade,8,5.3,False,1
BW506069,BR-15,M,37,farming,9,12.6,1,6
BW506070,BR-22,F,52,teaching,3,7.0,True,3
BW506071,BR-10,F,51,carpentry,10,2.7,0,1
BW506072,BR-16,F,41,retail shop,12,8.6,0,0
BW506073,BR-17,M,42,farming,12,5.8,True,1
BW506074,BR-09,F,31,phone repair,10,10.2,True,6
BW506075,BR-02,M,21,tailoring,3,1.3,no,0
BW506076,BR-14,M,22,carpentry,4,4.0,0,2
BW506077,BR-21,M,31,carpentry,1,5.2,FALSE,6
BW506078,BR-06,M,19,phone repair,9,0.5,0,0
BW506079,BR-07,F,29,transport,1,2.6,False,2
BW506080,BR-08,M,62,hairdressing,6,10.4,no,0
BW506081,BR-06,F,62,hairdressing,11,7.0,False,1
BW506082,BR-06,M,53,tailoring,4,5.9,0,2
BW506083,BR-04,F,47,food vending,3,5.0,no,0
BW506084,BR-21,M,61,teaching,10,5.7,FALSE,1
BW506085,BR-04,M,63,retail shop,2,11.8,yes,0
BW506086,BR-19,F,42,transport,11,9.3,0,2
BW506087,BR-04,F,61,food vending,6,2.8,yes,4
BW506088,BR-21,F,34,farming,1,0.5,0,0
BW506089,BR-16,M,35,farming,8,10.9,False,4
BW506090,BR-02,F,40,transport,5,4.7,1,0
BW506091,BR-19,M,50,masonry,11,2.0,True,0
BW506092,BR-11,F,36,masonry,3,3.8,yes,1
BW506093,BR-15,M,20,phone repair,6,9.3,0,4
BW506094,BR-05,F,31,petty trade,2,2.9,yes,4
BW506095,BR-07,F,23,poultry,11,3.8,FALSE,6
BW506096,BR-19,M,36,teaching,5,6.0,yes,1
BW506097,BR-19,M,21,poultry,7,3.1,True,2
BW506098,BR-13,F,41,tailoring,7,7.5,1,6
BW506099,BR-04,F,55,phone repair,8,8.7,TRUE,0
BW506100,BR-13,M,44,tailoring,8,2.2,TRUE,1
BW506101,BR-01,F,41,retail shop,10,6.5,True,1
BW506102,BR-10,M,45,tailoring,9,3.5,TRUE,9
BW506103,BR-13,F,36,masonry,11,4.6,0,4
BW506104,BR-07,F,48,farming,10,2.9,1,6
BW506105,BR-05,F,54,phone repair,12,2.4,FALSE,0
BW506106,BR-16,F,22,carpentry,9,1.9,1,2
BW506107,BR-20,F,55,farming,4,2.8,True,0
BW506108,BR-23,F,42,poultry,7,0.8,False,0
BW506109,BR-06,F,35,teaching,6,0.5,yes,6
BW506110,BR-04,M,58,phone repair,6,9.5,no,1
BW506111,BR-22,M,26,retail shop,6,5.5,True,9
BW506112,BR-22,F,21,farming,12,0.9,TRUE,3
BW506113,BR-12,M,45,farming,11,3.8,False,0
BW506114,BR-07,F,52,retail shop,6,7.0,no,3
BW506115,BR-05,F,47,transport,5,1.9,True,3
BW506116,BR-22,M,52,tailoring,5,8.5,TRUE,1
BW506117,BR-15,M,36,hairdressing,7,2.1,FALSE,6
BW506118,BR-20,F,56,poultry,4,0.8,FALSE,6
BW506119,BR-06,F,60,poultry,12,8.5,True,0
BW506120,BR-03,F,49,masonry,5,4.4,no,0
BW506121,BR-16,F,29,poultry,7,7.1,yes,9
BW506122,BR-24,F,54,masonry,1,1.1,FALSE,9
BW506123,BR-09,F,33,masonry,5,6.2,0,6
BW506124,BR-11,F,46,poultry,4,5.3,TRUE,0
BW506125,BR-14,M,46,transport,4,6.8,0,0
BW506126,BR-15,F,40,phone repair,12,9.0,0,3
BW506127,BR-14,M,41,transport,6,4.5,yes,0
BW506128,BR-06,M,24,food vending,11,13.4,yes,9
BW506129,BR-05,M,25,retail shop,8,6.7,False,1
BW506130,BR-12,F,64,poultry,5,11.4,0,6
BW506131,BR-23,F,44,petty trade,8,1.3,False,1
BW506132,BR-09,M,48,hairdressing,3,1.0,TRUE,6
BW506133,BR-01,F,25,hairdressing,6,5.6,yes,1
BW506134,BR-05,M,47,phone repair,10,8.3,1,3
BW506135,BR-21,M,25,food vending,3,6.4,FALSE,2
BW506136,BR-23,F,43,teaching,10,5.7,TRUE,9
BW506137,BR-12,M,62,retail shop,3,3.0,TRUE,3
BW506138,BR-13,F,47,tailoring,8,2.7,True,3
BW506139,BR-16,F,27,retail shop,1,1.0,TRUE,1
BW506140,BR-11,F,28,phone repair,4,5.9,False,4
BW506141,BR-22,M,62,teaching,10,1.7,yes,1
BW506142,BR-18,F,23,hairdressing,5,9.8,1,3
BW506143,BR-03,M,57,farming,2,6.5,TRUE,0
BW506144,BR-21,F,48,masonry,2,8.0,0,1
BW506145,BR-20,F,35,phone repair,12,8.6,False,3
BW506146,BR-22,F,63,masonry,7,1.4,1,6
BW506147,BR-06,M,49,teaching,4,5.9,False,2
BW506148,BR-21,F,50,tailoring,1,0.4,1,4
BW506149,BR-17,M,23,poultry,7,14.5,0,1
BW506150,BR-04,M,55,teaching,10,3.2,TRUE,1
BW506151,BR-15,F,40,poultry,12,5.3,True,1
BW506152,BR-18,F,19,tailoring,10,0.7,True,2
BW506153,BR-16,F,50,petty trade,7,3.4,FALSE,1
BW506154,BR-14,M,19,petty trade,10,3.8,yes,4
BW506155,BR-12,M,53,petty trade,12,1.4,yes,0
BW506156,BR-11,F,21,retail shop,1,3.5,False,6
BW506157,BR-02,F,50,poultry,2,2.5,FALSE,3
BW506158,BR-23,F,45,tailoring,7,0.5,True,2
BW506159,BR-19,F,22,carpentry,3,9.2,False,6
BW506160,BR-01,F,20,carpentry,5,9.6,True,3
BW506161,BR-04,F,56,retail shop,4,2.6,FALSE,1
BW506162,BR-24,M,30,poultry,2,0.8,yes,1
BW506163,BR-05,M,36,retail shop,1,6.6,TRUE,0
BW506164,BR-19,F,46,farming,10,10.5,0,3
BW506165,BR-22,F,28,carpentry,3,0.4,False,3
BW506166,BR-08,F,21,masonry,12,5.2,True,3
BW506167,BR-08,F,39,tailoring,5,4.9,FALSE,6
BW506168,BR-10,M,35,farming,4,8.6,False,1
BW506169,BR-11,F,56,carpentry,6,0.8,1,3
BW506170,BR-16,M,30,hairdressing,7,3.6,FALSE,3
BW506171,BR-14,F,50,carpentry,9,4.5,TRUE,2
BW506172,BR-04,M,64,transport,1,8.2,False,1
BW506173,BR-09,F,32,food vending,11,1.6,yes,2
BW506174,BR-02,F,48,farming,5,9.9,False,4
BW506175,BR-14,F,24,petty trade,7,2.1,no,6
BW506176,BR-08,F,60,hairdressing,2,5.5,no,2
BW506177,BR-09,M,28,poultry,4,5.8,1,2
BW506178,BR-08,M,45,petty trade,4,1.6,1,1
BW506179,BR-08,F,64,petty trade,9,7.5,False,6
BW506180,BR-05,M,35,tailoring,9,4.0,1,0
BW506181,BR-10,F,61,tailoring,2,4.4,yes,9
BW506182,BR-03,F,42,transport,11,6.3,no,4
BW506183,BR-14,F,30,teaching,8,5.4,False,9
BW506184,BR-01,F,63,phone repair,2,7.8,True,4
BW506185,BR-10,M,58,phone repair,4,5.9,0,3
BW506186,BR-23,F,53,farming,6,2.3,yes,1
BW506187,BR-11,F,63,tailoring,9,1.4,0,0
BW506188,BR-10,F,41,carpentry,6,8.0,0,1
BW506189,BR-19,F,49,hairdressing,10,7.7,0,9
BW506190,BR-09,F,34,farming,8,4.5,FALSE,9
BW506191,BR-03,M,40,teaching,7,6.3,TRUE,0
BW506192,BR-07,M,44,transport,6,15.1,yes,0
BW506193,BR-13,M,34,masonry,5,3.9,True,0
BW506194,BR-13,M,51,farming,1,8.3,TRUE,3
BW506195,BR-09,F,37,carpentry,2,1.7,no,6
BW506196,BR-05,F,58,farming,9,1.2,TRUE,0
BW506197,BR-12,M,47,teaching,12,7.3,yes,3
BW506198,BR-08,F,38,transport,8,8.5,FALSE,1
BW506199,BR-18,F,34,tailoring,7,6.6,False,3
BW506200,BR-22,M,54,retail shop,9,3.9,0,3
BW506201,BR-05,M,35,carpentry,7,9.7,0,4
BW506202,BR-24,F,40,petty trade,8,2.7,True,9
BW506203,BR-12,M,37,tailoring,7,7.3,False,0
BW506204,BR-14,M,54,phone repair,9,5.8,yes,9
BW506205,BR-22,F,64,hairdressing,5,3.8,1,9
BW506206,BR-21,F,57,petty trade,1,1.5,yes,4
BW506207,BR-17,M,31,masonry,4,10.0,yes,9
BW506208,BR-06,F,19,poultry,9,4.3,no,6
BW506209,BR-11,M,39,hairdressing,4,6.2,no,2
BW506210,BR-06,F,42,carpentry,5,3.1,yes,2
BW506211,BR-19,M,54,carpentry,12,6.7,True,9
BW506212,BR-14,F,39,transport,11,1.3,0,6
BW506213,BR-12,F,29,teaching,2,6.4,1,2
BW506214,BR-09,F,60,food vending,8,3.2,True,1
BW506215,BR-18,M,48,retail shop,10,8.6,yes,0
BW506216,BR-18,M,60,transport,7,7.1,TRUE,4
BW506217,BR-13,F,39,food vending,10,10.7,FALSE,9
BW506218,BR-14,M,42,phone repair,6,5.8,0,4
BW506219,BR-04,M,32,farming,3,8.0,yes,1
BW506220,BR-19,F,27,carpentry,7,6.5,FALSE,0
BW506221,BR-08,M,24,tailoring,1,4.3,yes,4
BW506222,BR-13,M,45,phone repair,6,2.5,no,1
BW506223,BR-22,F,19,phone repair,10,4.5,TRUE,6
BW506224,BR-09,F,56,teaching,10,1.7,no,9
BW506225,BR-04,M,19,farming,3,9.1,False,1
BW506226,BR-17,F,35,tailoring,5,5.1,False,9
BW506227,BR-01,F,44,tailoring,7,3.6,TRUE,0
BW506228,BR-16,M,40,masonry,12,6.2,True,3
BW506229,BR-08,F,56,teaching,10,5.9,True,1
BW506230,BR-06,M,49,hairdressing,6,9.4,True,9
BW506231,BR-12,F,26,tailoring,4,1.3,False,1
BW506232,BR-08,F,42,masonry,8,4.6,True,4
BW506233,BR-20,F,54,hairdressing,11,6.9,no,3
BW506234,BR-02,F,64,transport,5,1.6,1,1
BW506235,BR-09,M,42,phone repair,1,6.7,True,9
BW506236,BR-14,F,43,carpentry,12,5.8,yes,1
BW506237,BR-01,F,56,carpentry,12,3.0,FALSE,0
BW506238,BR-10,F,46,food vending,4,1.2,True,1
BW506239,BR-17,M,37,hairdressing,11,3.8,yes,4
BW506240,BR-12,M,33,retail shop,3,8.8,yes,3
BW506241,BR-24,F,40,poultry,8,6.4,0,0
BW506242,BR-12,M,56,carpentry,9,2.2,False,4
BW506243,BR-01,F,23,phone repair,9,7.5,0,1
BW506244,BR-16,M,58,retail shop,8,3.5,yes,1
BW506245,BR-10,M,46,hairdressing,10,0.4,1,9
BW506246,BR-17,F,51,phone repair,9,9.0,yes,1
BW506247,BR-10,F,46,hairdressing,8,4.3,no,4
BW506248,BR-06,F,45,hairdressing,8,5.5,TRUE,2
BW506249,BR-06,F,28,poultry,5,4.9,no,3
BW506250,BR-10,F,51,phone repair,12,8.7,False,1
BW506251,BR-05,M,43,food vending,5,7.7,True,1
BW506252,BR-10,M,30,hairdressing,1,3.7,False,3
BW506253,BR-18,F,54,carpentry,7,5.5,0,6
BW506254,BR-06,M,50,hairdressing,2,5.5,TRUE,2
BW506255,BR-03,F,41,masonry,6,2.3,TRUE,6
BW506256,BR-06,F,62,petty trade,9,6.7,FALSE,3
BW506257,BR-09,M,40,teaching,1,5.6,no,1
BW506258,BR-06,F,52,hairdressing,2,2.6,no,0
BW506259,BR-06,M,35,transport,8,3.0,0,1
BW506260,BR-05,F,35,teaching,12,5.5,1,1
BW506261,BR-08,F,39,carpentry,7,1.6,TRUE,3
BW506262,BR-08,M,38,masonry,10,4.0,0,4
BW506263,BR-23,F,21,farming,7,4.3,True,6
BW506264,BR-03,M,19,farming,10,1.1,TRUE,6
BW506265,BR-16,F,20,masonry,2,7.4,no,2
BW506266,BR-01,F,60,retail shop,3,6.3,TRUE,6
BW506267,BR-21,M,26,transport,12,9.6,1,1
BW506268,BR-09,M,38,tailoring,11,5.2,False,1
BW506269,BR-19,M,56,phone repair,2,9.7,FALSE,2
BW506270,BR-05,F,34,farming,10,1.7,0,1
BW506271,BR-03,F,44,poultry,2,3.9,yes,0
BW506272,BR-17,F,42,petty trade,11,1.2,False,9
BW506273,BR-10,F,60,farming,9,5.4,1,0
BW506274,BR-02,F,20,transport,3,6.8,False,0
BW506275,BR-12,F,27,poultry,12,8.4,TRUE,6
BW506276,BR-01,F,56,phone repair,5,1.6,1,0
BW506277,BR-07,F,41,hairdressing,5,14.5,False,4
BW506278,BR-18,F,45,retail shop,8,10.4,yes,3
BW506279,BR-02,F,40,retail shop,10,1.2,1,1
BW506280,BR-13,F,57,phone repair,5,5.7,1,9
BW506281,BR-12,F,27,carpentry,5,5.5,TRUE,1
BW506282,BR-15,M,61,phone repair,8,1.1,FALSE,2
BW506283,BR-16,M,19,petty trade,9,8.1,1,1
BW506284,BR-17,F,56,carpentry,4,7.8,False,6
BW506285,BR-15,F,59,teaching,11,5.0,yes,0
BW506286,BR-13,F,44,farming,5,4.7,0,0
BW506287,BR-06,F,24,teaching,11,3.7,0,0
BW506288,BR-15,M,64,poultry,10,4.0,yes,1
BW506289,BR-04,F,22,food vending,5,7.3,no,4
BW506290,BR-11,F,48,carpentry,11,0.7,TRUE,4
BW506291,BR-04,F,38,retail shop,11,3.9,no,0
BW506292,BR-08,F,21,farming,9,6.7,1,4
BW506293,BR-11,F,52,phone repair,6,9.7,FALSE,0
BW506294,BR-21,M,54,masonry,9,0.6,1,3
BW506295,BR-18,F,19,food vending,12,2.1,1,0
BW506296,BR-17,F,45,farming,1,6.6,no,2
BW506297,BR-11,M,21,food vending,4,0.4,1,4
BW506298,BR-08,M,52,poultry,3,3.7,FALSE,9
BW506299,BR-08,M,48,poultry,7,12.9,no,3
BW506300,BR-24,F,20,food vending,6,7.2,FALSE,3
BW506301,BR-01,F,25,petty trade,5,7.1,True,1
BW506302,BR-06,M,34,farming,5,8.3,TRUE,6
BW506303,BR-23,M,61,masonry,12,10.5,True,9
BW506304,BR-17,F,24,poultry,10,8.7,TRUE,1
BW506305,BR-10,M,19,farming,11,5.4,TRUE,1
BW506306,BR-04,F,55,poultry,11,2.2,FALSE,3
BW506307,BR-24,M,45,transport,5,3.1,FALSE,0
BW506308,BR-21,F,27,petty trade,4,5.7,True,6
BW506309,BR-19,F,26,phone repair,8,12.6,no,1
BW506310,BR-05,F,42,phone repair,3,6.2,1,0
BW506311,BR-02,F,22,poultry,3,7.6,FALSE,3
BW506312,BR-15,F,61,transport,12,7.7,FALSE,3
BW506313,BR-23,M,53,retail shop,11,9.9,1,2
BW506314,BR-20,F,59,tailoring,9,9.7,0,0
BW506315,BR-10,M,21,masonry,1,6.1,True,1
BW506316,BR-04,F,57,retail shop,1,2.4,1,1
BW506317,BR-20,M,26,carpentry,3,4.8,False,1
BW506318,BR-24,M,40,petty trade,4,10.0,True,6
BW506319,BR-12,F,51,carpentry,7,1.4,yes,9
BW506320,BR-23,F,47,transport,1,5.2,1,9
BW506321,BR-02,M,40,retail shop,5,9.8,False,0
BW506322,BR-02,F,49,tailoring,9,8.7,no,1
BW506323,BR-16,M,21,farming,9,9.6,0,3
BW506324,BR-04,M,52,hairdressing,2,4.4,0,0
BW506325,BR-08,F,39,farming,2,4.3,False,0
BW506326,BR-04,F,27,teaching,6,4.9,True,0
BW506327,BR-08,F,29,masonry,7,4.8,False,6
BW506328,BR-10,F,61,tailoring,11,8.0,0,1
BW506329,BR-06,M,55,food vending,8,8.5,FALSE,0
BW506330,BR-23,F,61,hairdressing,8,0.3,yes,0
BW506331,BR-05,F,35,food vending,1,3.9,0,3
BW506332,BR-05,M,45,hairdressing,3,7.8,no,9
BW506333,BR-05,F,34,retail shop,4,10.8,yes,9
BW506334,BR-22,F,53,phone repair,12,13.8,FALSE,3
BW506335,BR-16,F,21,food vending,1,3.9,no,9
BW506336,BR-19,M,27,teaching,1,2.1,False,6
BW506337,BR-03,F,22,phone repair,9,6.1,TRUE,4
BW506338,BR-07,M,42,carpentry,12,2.1,1,1
BW506339,BR-08,M,39,transport,3,1.1,FALSE,0
BW506340,BR-07,M,41,teaching,8,2.1,False,0
BW506341,BR-22,F,28,transport,6,2.7,True,2
BW506342,BR-24,F,40,farming,2,4.2,FALSE,0
BW506343,BR-17,M,48,food vending,3,5.4,True,4
BW506344,BR-16,M,63,petty trade,12,5.1,False,2
BW506345,BR-19,M,28,retail shop,11,7.1,TRUE,0
BW506346,BR-20,M,45,farming,6,13.8,0,2
BW506347,BR-17,F,51,phone repair,6,11.3,0,0
BW506348,BR-02,M,44,teaching,8,6.9,no,3
BW506349,BR-03,F,49,farming,5,3.1,False,6
BW506350,BR-20,F,22,tailoring,7,7.0,True,1
BW506351,BR-06,M,49,farming,8,4.2,TRUE,2
BW506352,BR-12,F,24,teaching,8,7.7,0,0
BW506353,BR-03,M,22,transport,5,7.5,1,3
BW506354,BR-24,F,63,carpentry,3,10.0,False,1
BW506355,BR-14,M,36,masonry,6,7.6,no,4
BW506356,BR-23,M,41,farming,11,11.1,yes,0
BW506357,BR-07,F,34,farming,5,1.2,False,4
BW506358,BR-22,F,38,food vending,10,6.8,False,4
BW506359,BR-20,F,36,hairdressing,5,4.1,TRUE,9
BW506360,BR-21,M,54,carpentry,10,3.1,yes,9
BW506361,BR-06,M,43,tailoring,3,3.2,no,9
BW506362,BR-06,F,38,tailoring,6,6.1,yes,1
BW506363,BR-04,F,42,poultry,12,8.2,0,1
BW506364,BR-13,F,55,teaching,10,2.3,1,1
BW506365,BR-15,M,52,teaching,7,3.4,1,1
BW506366,BR-15,F,56,hairdressing,9,3.9,yes,3
BW506367,BR-21,F,28,masonry,4,9.4,TRUE,3
BW506368,BR-02,M,21,food vending,12,0.2,TRUE,9
BW506369,BR-09,M,60,phone repair,1,0.4,yes,0
BW506370,BR-24,F,37,food vending,7,7.0,yes,0
BW506371,BR-10,M,36,retail shop,2,2.4,False,1
BW506372,BR-02,F,56,farming,8,2.7,TRUE,2
BW506373,BR-17,F,26,tailoring,4,2.3,True,0
BW506374,BR-01,F,43,hairdressing,9,10.1,1,6
BW506375,BR-16,M,46,retail shop,7,3.3,True,0
BW506376,BR-24,F,30,tailoring,4,10.4,TRUE,6
BW506377,BR-18,M,25,masonry,4,2.5,1,9
BW506378,BR-11,F,54,tailoring,2,7.1,0,1
BW506379,BR-15,F,20,poultry,8,15.0,True,6
BW506380,BR-03,M,52,petty trade,2,5.2,TRUE,6
BW506381,BR-22,F,48,farming,12,8.4,True,3
BW506382,BR-12,F,45,masonry,2,4.6,0,3
BW506383,BR-09,F,30,farming,1,5.8,yes,3
BW506384,BR-07,F,49,food vending,8,3.8,1,6
BW506385,BR-09,F,41,tailoring,5,12.7,TRUE,9
BW506386,BR-18,F,34,food vending,6,17.3,yes,3
BW506387,BR-19,M,58,tailoring,11,4.4,yes,3
BW506388,BR-12,M,61,transport,3,6.7,True,9
BW506389,BR-01,M,41,food vending,4,1.0,no,2
BW506390,BR-18,F,30,hairdressing,8,9.3,False,3
BW506391,BR-14,F,50,petty trade,5,1.5,True,3
BW506392,BR-09,M,60,phone repair,4,6.6,0,0
BW506393,BR-08,F,23,poultry,8,4.2,True,6
BW506394,BR-09,M,64,masonry,3,4.6,FALSE,0
BW506395,BR-02,M,30,hairdressing,6,0.4,TRUE,1
BW506396,BR-08,F,26,teaching,4,4.7,True,3
BW506397,BR-11,F,52,retail shop,9,4.2,1,4
BW506398,BR-19,M,20,phone repair,6,4.9,TRUE,2
BW506399,BR-19,M,60,teaching,12,3.4,0,2
BW506400,BR-06,F,37,masonry,4,1.8,no,1
BW506401,BR-17,F,60,poultry,2,13.2,yes,0
BW506402,BR-17,F,20,farming,7,1.6,True,2
BW506403,BR-01,M,33,carpentry,5,2.8,0,1
BW506404,BR-18,F,25,poultry,4,11.3,no,9
BW506405,BR-04,M,57,phone repair,11,5.0,True,0
BW506406,BR-20,F,62,carpentry,12,0.3,1,1
BW506407,BR-11,F,20,poultry,9,5.9,False,6
BW506408,BR-22,F,31,retail shop,10,2.9,1,6
BW506409,BR-13,M,64,retail shop,7,2.7,no,2
BW506410,BR-17,F,54,tailoring,3,2.1,False,9
BW506411,BR-02,M,60,teaching,2,3.4,False,1
BW506412,BR-05,M,29,petty trade,3,3.4,True,9
BW506413,BR-16,F,58,phone repair,11,7.6,yes,0
BW506414,BR-16,F,60,farming,1,4.1,1,4
BW506415,BR-09,F,30,petty trade,4,1.1,FALSE,1
BW506416,BR-18,M,25,transport,10,1.5,False,9
BW506417,BR-14,F,57,retail shop,5,4.0,False,4
BW506418,BR-06,M,52,transport,9,6.0,False,1
BW506419,BR-10,F,35,transport,4,4.6,0,4
BW506420,BR-21,F,44,farming,11,4.9,0,6
BW506421,BR-20,F,36,hairdressing,10,0.3,False,2
BW506422,BR-18,F,23,tailoring,5,9.0,True,0
BW506423,BR-14,M,31,farming,2,6.8,1,1
BW506424,BR-04,M,53,transport,9,8.5,FALSE,9
BW506425,BR-16,F,59,poultry,6,0.9,yes,1
BW506426,BR-15,F,59,poultry,7,7.1,1,6
BW506427,BR-22,F,56,poultry,1,2.3,1,4
BW506428,BR-04,F,64,hairdressing,10,0.8,False,0
BW506429,BR-21,F,45,food vending,10,9.4,False,6
BW506430,BR-01,F,33,phone repair,7,14.4,TRUE,2
BW506431,BR-11,M,56,hairdressing,4,4.9,False,0
BW506432,BR-12,M,61,petty trade,11,11.6,False,4
BW506433,BR-06,M,39,tailoring,5,11.5,True,0
BW506434,BR-22,F,51,retail shop,9,5.9,TRUE,0
BW506435,BR-07,F,33,farming,4,4.3,TRUE,2
BW506436,BR-22,M,34,masonry,11,1.0,False,2
BW506437,BR-09,M,19,hairdressing,12,12.9,True,9
BW506438,BR-14,M,42,teaching,7,9.3,0,1
BW506439,BR-17,F,64,poultry,3,1.8,FALSE,2
BW506440,BR-21,M,53,farming,6,0.6,0,0
BW506441,BR-08,F,28,hairdressing,11,4.6,0,6
BW506442,BR-24,F,63,carpentry,6,6.0,0,2
BW506443,BR-21,F,50,farming,7,7.5,yes,1
BW506444,BR-24,M,49,transport,6,2.0,TRUE,2
BW506445,BR-08,F,25,hairdressing,12,8.6,1,4
BW506446,BR-14,M,54,poultry,9,7.4,False,9
BW506447,BR-01,M,28,farming,8,9.0,TRUE,1
BW506448,BR-16,M,34,petty trade,3,0.4,1,9
BW506449,BR-19,F,51,tailoring,6,3.5,1,4
BW506450,BR-22,F,39,farming,7,0.9,False,0
BW506451,BR-06,F,48,carpentry,8,11.4,False,2
BW506452,BR-01,F,30,retail shop,6,1.9,False,1
BW506453,BR-18,M,21,poultry,11,2.9,True,0
BW506454,BR-04,F,35,transport,8,5.7,True,1
BW506455,BR-12,M,51,teaching,10,1.1,1,4
BW506456,BR-06,F,62,petty trade,12,1.3,no,1
BW506457,BR-04,M,62,teaching,11,2.5,False,2
BW506458,BR-14,M,27,transport,4,1.6,yes,4
BW506459,BR-17,F,31,food vending,8,9.8,no,1
BW506460,BR-01,M,29,phone repair,5,5.6,FALSE,4
BW506461,BR-14,M,32,teaching,10,3.1,TRUE,1
BW506462,BR-15,F,47,carpentry,2,3.1,True,1
BW506463,BR-12,M,28,tailoring,8,9.1,0,2
BW506464,BR-10,F,55,hairdressing,11,2.5,0,2
BW506465,BR-14,F,55,masonry,12,4.8,0,0
BW506466,BR-02,F,53,masonry,5,1.4,False,4
BW506467,BR-02,M,49,phone repair,2,4.2,1,0
BW506468,BR-22,F,54,teaching,5,8.4,True,2
BW506469,BR-01,F,39,teaching,1,2.3,0,2
BW506470,BR-17,M,40,poultry,6,5.5,FALSE,1
BW506471,BR-06,M,32,transport,2,8.4,no,1
BW506472,BR-23,M,40,food vending,5,2.2,no,6
BW506473,BR-07,M,40,phone repair,8,1.2,True,3
BW506474,BR-03,M,58,masonry,4,4.0,True,3
BW506475,BR-15,F,21,farming,4,0.5,no,4
BW506476,BR-04,F,61,phone repair,5,0.3,True,3
BW506477,BR-23,M,33,transport,12,5.2,no,3
BW506478,BR-24,F,49,hairdressing,5,2.9,True,9
BW506479,BR-04,F,43,petty trade,9,7.7,yes,6
BW506480,BR-18,M,56,food vending,10,4.5,yes,0
BW506481,BR-06,M,21,farming,4,10.7,False,4
BW506482,BR-20,F,30,teaching,9,2.8,TRUE,0
BW506483,BR-13,F,43,carpentry,11,6.7,FALSE,1
BW506484,BR-07,F,33,hairdressing,9,7.5,FALSE,3
BW506485,BR-10,F,19,teaching,11,2.0,TRUE,2
BW506486,BR-01,M,24,teaching,8,9.2,False,3
BW506487,BR-13,M,25,carpentry,9,4.2,True,1
BW506488,BR-05,F,53,farming,7,5.5,yes,1
BW506489,BR-16,M,26,masonry,5,10.1,False,2
BW506490,BR-12,M,19,retail shop,5,7.6,False,1
BW506491,BR-05,F,39,teaching,7,6.4,0,0
BW506492,BR-22,F,62,food vending,1,5.5,yes,2
BW506493,BR-23,F,21,retail shop,5,10.1,1,1
BW506494,BR-22,F,38,poultry,11,1.4,TRUE,2
BW506495,BR-13,M,23,masonry,8,1.0,yes,3
BW506496,BR-24,F,44,teaching,1,1.9,TRUE,3
BW506497,BR-05,M,25,carpentry,10,8.8,0,3
BW506498,BR-06,F,21,teaching,10,3.7,True,1
BW506499,BR-09,F,36,petty trade,5,12.4,TRUE,9
BW506500,BR-13,M,48,carpentry,1,4.5,TRUE,3
BW506501,BR-05,F,49,tailoring,12,5.6,TRUE,6
BW506502,BR-05,F,23,tailoring,1,10.3,yes,0
BW506503,BR-12,F,31,tailoring,12,6.6,1,9
BW506504,BR-23,F,30,food vending,11,1.2,no,4
BW506505,BR-07,F,30,petty trade,11,3.4,no,0
BW506506,BR-16,F,62,transport,9,5.8,False,1
BW506507,BR-22,M,42,tailoring,12,5.4,yes,1
BW506508,BR-18,F,40,hairdressing,7,6.8,TRUE,1
BW506509,BR-16,M,45,transport,9,3.4,yes,9
BW506510,BR-15,F,32,teaching,4,8.5,False,1
BW506511,BR-05,M,25,farming,1,4.6,False,1
BW506512,BR-09,F,55,petty trade,4,8.8,FALSE,0
BW506513,BR-22,M,25,carpentry,11,3.7,0,4
BW506514,BR-04,F,53,retail shop,5,2.5,no,6
BW506515,BR-12,F,60,tailoring,4,8.1,True,6
BW506516,BR-23,M,59,teaching,9,9.1,FALSE,0
BW506517,BR-10,F,50,teaching,6,13.4,False,9
BW506518,BR-20,F,60,farming,3,4.3,yes,0
BW506519,BR-24,F,32,poultry,7,1.4,no,6
BW506520,BR-21,M,20,masonry,9,6.8,0,3
BW506521,BR-21,F,56,petty trade,3,5.7,False,1
BW506522,BR-13,F,59,food vending,10,4.0,TRUE,9
BW506523,BR-22,F,63,food vending,2,4.3,True,3
BW506524,BR-14,F,54,teaching,8,4.3,yes,1
BW506525,BR-14,F,20,hairdressing,6,5.6,yes,0
BW506526,BR-01,F,59,teaching,7,7.6,True,6
BW506527,BR-17,F,23,retail shop,7,5.2,True,6
BW506528,BR-07,F,27,carpentry,10,9.3,False,3
BW506529,BR-12,F,49,phone repair,3,3.1,True,6
BW506530,BR-24,F,21,petty trade,4,5.2,False,0
BW506531,BR-08,M,44,farming,11,3.9,TRUE,1
BW506532,BR-13,M,47,teaching,7,7.8,yes,6
BW506533,BR-12,M,19,hairdressing,3,2.8,FALSE,0
BW506534,BR-02,M,43,transport,1,9.5,FALSE,9
BW506535,BR-09,F,51,phone repair,1,11.0,1,0
BW506536,BR-16,F,36,farming,6,1.4,1,0
BW506537,BR-08,M,42,petty trade,1,9.2,False,4
BW506538,BR-08,M,34,hairdressing,10,6.3,False,1
BW506539,BR-11,M,27,transport,11,7.1,no,3
BW506540,BR-19,F,19,poultry,3,12.7,TRUE,0
BW506541,BR-19,F,28,hairdressing,11,1.6,0,9
BW506542,BR-16,M,28,transport,4,1.2,False,3
BW506543,BR-10,M,62,phone repair,3,5.7,FALSE,3
BW506544,BR-15,M,47,transport,5,5.5,0,0
BW506545,BR-12,F,41,retail shop,9,2.9,TRUE,3
BW506546,BR-19,F,53,carpentry,9,10.5,1,9
BW506547,BR-01,F,57,phone repair,6,8.4,TRUE,4
BW506548,BR-24,F,45,petty trade,11,4.0,1,1
BW506549,BR-01,M,60,poultry,8,2.2,False,1
BW506550,BR-15,M,48,teaching,10,5.2,FALSE,2
BW506551,BR-06,M,62,transport,5,0.6,FALSE,4
BW506552,BR-18,F,46,poultry,11,0.6,False,1
BW506553,BR-09,M,27,poultry,1,8.0,TRUE,1
BW506554,BR-09,F,35,transport,4,4.4,no,9
BW506555,BR-13,F,48,tailoring,8,5.5,no,9
BW506556,BR-04,M,19,poultry,4,3.0,0,2
BW506557,BR-02,F,55,petty trade,4,2.2,True,2
BW506558,BR-08,M,26,farming,4,11.1,no,9
BW506559,BR-23,F,42,teaching,5,0.4,True,4
BW506560,BR-05,M,62,masonry,7,4.3,FALSE,0
BW506561,BR-06,F,60,food vending,9,1.4,1,0
BW506562,BR-14,F,23,food vending,6,1.6,yes,1
BW506563,BR-10,F,47,food vending,8,11.7,no,1
BW506564,BR-03,M,61,transport,9,5.0,yes,3
BW506565,BR-09,M,32,farming,1,5.2,False,6
BW506566,BR-01,F,26,retail shop,4,7.8,yes,9
BW506567,BR-12,F,47,retail shop,1,1.2,False,6
BW506568,BR-17,F,19,retail shop,7,11.3,True,3
BW506569,BR-06,M,34,teaching,11,2.0,TRUE,1
BW506570,BR-01,F,27,farming,10,2.6,0,6
BW506571,BR-14,F,51,petty trade,2,5.3,no,1
BW506572,BR-14,M,37,masonry,2,0.7,TRUE,4
BW506573,BR-08,F,27,tailoring,6,4.4,False,4
BW506574,BR-01,F,38,teaching,3,4.0,no,1
BW506575,BR-16,F,35,petty trade,4,2.8,1,3
BW506576,BR-06,M,51,retail shop,12,9.1,yes,9
BW506577,BR-20,M,27,petty trade,4,7.8,1,1
BW506578,BR-17,F,22,transport,5,3.3,True,4
BW506579,BR-07,M,45,carpentry,6,10.8,yes,3
BW506580,BR-04,F,36,retail shop,10,3.2,no,1
BW506581,BR-02,F,46,tailoring,7,0.9,TRUE,6
BW506582,BR-10,M,24,farming,7,1.6,FALSE,4
BW506583,BR-11,F,62,transport,4,5.2,0,1
BW506584,BR-09,F,22,farming,5,2.4,1,9
BW506585,BR-09,F,47,food vending,1,2.6,FALSE,0
BW506586,BR-21,M,56,retail shop,9,1.8,no,9
BW506587,BR-02,F,47,retail shop,1,1.9,1,1
BW506588,BR-05,F,37,teaching,9,7.0,True,3
BW506589,BR-17,F,28,food vending,10,0.6,TRUE,0
BW506590,BR-22,M,24,teaching,9,11.7,no,2
BW506591,BR-12,M,45,poultry,4,8.0,no,4
BW506592,BR-17,F,50,petty trade,10,12.2,FALSE,9
BW506593,BR-22,M,21,phone repair,4,1.5,yes,6
BW506594,BR-04,F,60,farming,3,2.1,True,0
BW506595,BR-10,F,34,masonry,8,4.9,True,1
BW506596,BR-20,M,48,hairdressing,9,12.6,FALSE,0
BW506597,BR-09,M,56,carpentry,11,1.8,1,2
BW506598,BR-19,F,22,phone repair,10,3.8,0,9
BW506599,BR-07,F,22,phone repair,7,8.7,FALSE,0
BW506600,BR-19,F,33,farming,11,10.1,1,1
BW506601,BR-02,F,45,petty trade,10,1.7,0,9
BW506602,BR-02,F,36,transport,1,2.6,True,9
BW506603,BR-21,M,39,retail shop,9,7.9,1,1
BW506604,BR-17,F,19,poultry,9,9.5,FALSE,2
BW506605,BR-12,F,59,teaching,9,12.9,0,1
BW506606,BR-11,F,62,transport,10,5.6,1,2
BW506607,BR-21,F,20,food vending,9,16.1,0,9
BW506608,BR-08,M,47,petty trade,9,8.7,False,0
BW506609,BR-22,F,53,hairdressing,1,14.6,yes,2
BW506610,BR-16,M,61,phone repair,10,7.0,1,2
BW506611,BR-01,F,40,transport,7,1.7,True,2
BW506612,BR-21,F,60,phone repair,2,1.7,TRUE,4
BW506613,BR-02,F,39,petty trade,4,15.7,TRUE,6
BW506614,BR-15,F,21,phone repair,10,9.3,False,3
BW506615,BR-24,F,34,poultry,11,2.7,FALSE,3
BW506616,BR-01,F,59,carpentry,5,2.2,0,1
BW506617,BR-09,M,60,food vending,3,1.7,True,1
BW506618,BR-04,F,56,petty trade,10,8.6,False,9
BW506619,BR-11,F,40,hairdressing,12,8.7,FALSE,4
BW506620,BR-13,F,23,poultry,6,9.9,TRUE,2
BW506621,BR-05,F,30,food vending,9,7.3,1,1
BW506622,BR-10,M,51,teaching,1,8.2,1,9
BW506623,BR-24,F,25,tailoring,7,0.9,0,1
BW506624,BR-05,F,50,transport,7,1.2,TRUE,4
BW506625,BR-24,F,62,poultry,5,1.4,FALSE,0
BW506626,BR-20,F,45,masonry,6,2.5,False,9
BW506627,BR-24,F,59,tailoring,7,6.2,TRUE,3
BW506628,BR-01,F,63,retail shop,12,9.4,yes,3
BW506629,BR-01,F,40,teaching,12,0.9,yes,9
BW506630,BR-07,M,25,phone repair,6,2.2,TRUE,1
BW506631,BR-16,F,49,tailoring,3,6.5,True,4
BW506632,BR-10,F,61,hairdressing,8,4.3,FALSE,2
BW506633,BR-17,M,21,poultry,6,5.9,yes,6
BW506634,BR-23,M,23,carpentry,4,8.2,no,3
BW506635,BR-16,M,28,masonry,1,4.3,True,9
BW506636,BR-05,F,41,teaching,5,0.3,0,1
BW506637,BR-23,M,56,petty trade,5,0.5,1,0
BW506638,BR-03,M,45,retail shop,6,5.9,no,0
BW506639,BR-02,F,60,teaching,6,12.7,no,0
BW506640,BR-11,M,28,masonry,3,4.1,no,1
BW506641,BR-22,F,52,tailoring,1,0.6,no,6
BW506642,BR-01,M,26,phone repair,10,12.0,0,0
BW506643,BR-23,F,41,transport,2,2.3,no,6
BW506644,BR-17,F,40,poultry,6,7.8,yes,0
BW506645,BR-21,F,61,phone repair,11,0.4,TRUE,3
BW506646,BR-14,F,45,masonry,4,5.6,TRUE,0
BW506647,BR-20,M,28,tailoring,3,1.9,FALSE,2
BW506648,BR-12,M,47,teaching,5,7.3,no,1
BW506649,BR-17,M,59,transport,2,0.6,True,3
BW506650,BR-08,M,62,phone repair,4,3.3,no,6
BW506651,BR-09,M,37,carpentry,11,1.2,True,1
BW506652,BR-08,F,43,transport,2,4.3,False,6
BW506653,BR-14,M,37,poultry,8,0.4,True,3
BW506654,BR-17,M,50,transport,9,9.6,no,2
BW506655,BR-07,M,24,retail shop,10,1.6,1,2
BW506656,BR-11,M,47,transport,1,1.9,0,1
BW506657,BR-21,F,42,tailoring,11,5.4,yes,0
BW506658,BR-05,M,26,petty trade,9,10.1,1,0
BW506659,BR-10,M,41,tailoring,6,0.3,1,2
BW506660,BR-05,M,42,tailoring,10,1.1,FALSE,4
BW506661,BR-24,M,49,carpentry,6,0.5,False,9
BW506662,BR-20,M,33,transport,8,5.3,TRUE,4
BW506663,BR-06,F,58,carpentry,1,8.0,TRUE,0
BW506664,BR-13,F,56,hairdressing,8,7.3,TRUE,0
BW506665,BR-02,M,34,farming,12,10.1,yes,1
BW506666,BR-06,M,19,teaching,1,1.1,1,3
BW506667,BR-04,F,63,masonry,1,6.3,False,0
BW506668,BR-19,M,23,farming,1,11.0,TRUE,9
BW506669,BR-09,F,63,transport,8,0.2,TRUE,3
BW506670,BR-19,M,30,masonry,12,9.3,TRUE,4
BW506671,BR-15,F,22,poultry,6,7.8,no,1
BW506672,BR-24,M,48,phone repair,7,5.5,False,0
BW506673,BR-16,F,63,petty trade,5,3.2,0,1
BW506674,BR-21,F,37,phone repair,9,0.5,TRUE,1
BW506675,BR-22,F,27,tailoring,7,6.8,TRUE,6
BW506676,BR-14,F,34,transport,4,2.8,0,6
BW506677,BR-10,F,52,petty trade,9,10.9,TRUE,0
BW506678,BR-24,F,19,phone repair,7,4.7,False,2
BW506679,BR-24,F,44,petty trade,9,1.4,yes,3
BW506680,BR-20,M,47,masonry,8,4.2,0,0
BW506681,BR-21,F,27,tailoring,11,3.8,False,1
BW506682,BR-13,F,21,poultry,8,1.2,TRUE,4
BW506683,BR-08,F,29,tailoring,12,0.3,True,3
BW506684,BR-23,M,21,petty trade,11,3.7,TRUE,1
BW506685,BR-24,F,25,masonry,6,5.1,FALSE,0
BW506686,BR-06,F,42,petty trade,9,1.2,FALSE,3
BW506687,BR-19,M,56,farming,11,5.1,True,0
BW506688,BR-08,M,45,tailoring,11,7.3,no,1
BW506689,BR-03,F,23,petty trade,9,3.1,True,9
BW506690,BR-11,F,40,masonry,8,4.6,0,9
BW506691,BR-08,F,26,farming,12,0.3,TRUE,9
BW506692,BR-19,M,56,hairdressing,2,7.8,False,1
BW506693,BR-20,F,43,teaching,7,7.0,no,3
BW506694,BR-17,F,41,masonry,2,1.7,TRUE,6
BW506695,BR-22,M,44,teaching,1,2.7,False,1
BW506696,BR-05,F,21,tailoring,12,10.0,no,9
BW506697,BR-10,F,45,phone repair,5,6.2,yes,0
BW506698,BR-13,M,38,petty trade,8,4.0,TRUE,1
BW506699,BR-22,F,39,phone repair,8,1.4,yes,2
BW506700,BR-07,F,37,masonry,6,8.5,yes,9
BW506701,BR-12,M,30,petty trade,7,8.1,TRUE,1
BW506702,BR-07,F,63,carpentry,10,8.2,yes,0
BW506703,BR-09,F,36,hairdressing,6,5.8,FALSE,6
BW506704,BR-04,F,56,retail shop,4,3.9,False,9
BW506705,BR-14,M,41,petty trade,5,2.1,no,0
BW506706,BR-21,F,24,hairdressing,6,3.0,0,1
BW506707,BR-23,M,26,poultry,8,1.7,True,6
BW506708,BR-03,M,23,tailoring,12,3.2,0,4
BW506709,BR-16,M,63,carpentry,8,5.3,True,2
BW506710,BR-05,M,24,tailoring,9,2.7,1,0
BW506711,BR-10,F,19,carpentry,12,4.3,TRUE,9
BW506712,BR-19,F,48,retail shop,8,3.7,no,1
BW506713,BR-10,F,52,tailoring,7,0.2,False,1
BW506714,BR-13,M,50,hairdressing,9,1.5,yes,6
BW506715,BR-09,M,58,carpentry,6,1.5,no,1
BW506716,BR-01,F,43,teaching,5,4.9,True,6
BW506717,BR-23,F,50,farming,10,0.4,TRUE,1
BW506718,BR-14,M,61,hairdressing,5,11.2,no,6
BW506719,BR-08,M,52,phone repair,12,11.0,1,6
BW506720,BR-03,F,26,hairdressing,10,0.3,1,4
BW506721,BR-24,F,30,carpentry,12,11.9,FALSE,1
BW506722,BR-23,M,50,carpentry,12,17.7,no,3
BW506723,BR-23,F,20,farming,8,7.7,0,0
BW506724,BR-20,F,34,transport,5,12.5,yes,1
BW506725,BR-01,M,56,hairdressing,12,9.4,True,3
BW506726,BR-20,M,24,farming,1,8.5,yes,2
BW506727,BR-17,F,49,food vending,12,5.8,1,0
BW506728,BR-23,F,64,teaching,11,4.9,0,0
BW506729,BR-24,F,25,farming,6,8.6,TRUE,1
BW506730,BR-07,F,37,farming,11,5.3,1,3
BW506731,BR-22,F,46,tailoring,6,7.5,yes,9
BW506732,BR-12,M,42,farming,6,10.3,FALSE,1
BW506733,BR-20,M,64,carpentry,9,2.5,True,2
BW506734,BR-10,F,62,poultry,4,7.7,yes,1
BW506735,BR-15,F,46,phone repair,10,2.1,False,4
BW506736,BR-17,F,60,masonry,8,3.1,no,0
BW506737,BR-01,M,57,retail shop,2,3.6,TRUE,2
BW506738,BR-05,F,40,masonry,6,1.0,False,0
BW506739,BR-20,M,64,petty trade,5,5.4,no,0
BW506740,BR-06,F,56,masonry,7,5.4,no,1
BW506741,BR-01,M,34,transport,7,3.4,TRUE,2
BW506742,BR-21,M,36,phone repair,2,2.6,TRUE,6
BW506743,BR-22,F,41,poultry,12,1.4,True,6
BW506744,BR-14,F,57,teaching,4,8.2,False,9
BW506745,BR-10,M,55,tailoring,11,3.2,FALSE,4
BW506746,BR-24,M,30,masonry,2,7.3,FALSE,0
BW506747,BR-10,F,55,carpentry,8,4.0,TRUE,9
BW506748,BR-10,F,64,transport,11,11.1,FALSE,4
BW506749,BR-01,M,60,food vending,12,0.5,FALSE,1
BW506750,BR-01,F,42,hairdressing,12,5.2,TRUE,1
BW506751,BR-04,F,30,phone repair,5,0.4,yes,9
BW506752,BR-18,F,59,teaching,7,7.7,TRUE,6
BW506753,BR-24,M,64,poultry,3,4.5,TRUE,0
BW506754,BR-17,M,26,retail shop,5,4.1,True,2
BW506755,BR-10,F,55,teaching,8,1.9,True,0
BW506756,BR-22,F,46,tailoring,11,5.0,1,3
BW506757,BR-03,M,31,phone repair,4,5.4,1,6
BW506758,BR-16,F,55,phone repair,11,7.3,FALSE,0
BW506759,BR-24,F,23,tailoring,4,1.0,1,6
BW506760,BR-04,F,25,carpentry,2,3.4,no,1
BW506761,BR-11,M,39,retail shop,8,11.3,TRUE,1
BW506762,BR-16,M,51,hairdressing,7,6.6,1,0
BW506763,BR-18,F,59,food vending,9,8.7,1,1
BW506764,BR-14,M,29,transport,4,2.2,FALSE,0
BW506765,BR-05,M,44,retail shop,11,11.9,FALSE,2
BW506766,BR-13,M,33,food vending,11,5.5,0,4
BW506767,BR-10,F,36,teaching,5,6.6,0,4
BW506768,BR-14,F,61,masonry,7,1.9,no,1
BW506769,BR-14,M,35,masonry,2,7.9,1,2
BW506770,BR-15,M,45,farming,8,1.4,False,2
BW506771,BR-23,F,57,petty trade,11,2.2,TRUE,0
BW506772,BR-06,M,46,carpentry,12,6.8,no,3
BW506773,BR-10,M,47,tailoring,10,5.7,True,3
BW506774,BR-02,F,27,carpentry,8,4.8,0,2
BW506775,BR-09,M,52,food vending,4,7.7,1,4
BW506776,BR-21,F,49,farming,9,10.0,0,0
BW506777,BR-12,M,34,teaching,3,7.6,FALSE,9
BW506778,BR-04,F,39,phone repair,1,12.5,0,9
BW506779,BR-20,F,35,poultry,4,6.6,FALSE,0
BW506780,BR-13,M,25,teaching,4,7.8,no,3
BW506781,BR-05,F,26,poultry,6,4.4,0,0
BW506782,BR-16,M,39,farming,1,6.2,True,1
BW506783,BR-04,F,31,transport,12,2.5,no,0
BW506784,BR-06,F,52,carpentry,1,5.1,FALSE,3
BW506785,BR-08,M,63,food vending,9,2.7,TRUE,1
BW506786,BR-17,M,58,carpentry,11,2.4,FALSE,0
BW506787,BR-09,M,19,hairdressing,2,11.7,1,6
BW506788,BR-08,F,50,transport,2,12.1,yes,1
BW506789,BR-09,F,64,poultry,4,0.4,0,2
BW506790,BR-11,F,45,retail shop,5,4.2,True,3
BW506791,BR-18,F,47,farming,10,3.7,FALSE,0
BW506792,BR-21,M,33,phone repair,11,1.2,TRUE,6
BW506793,BR-06,F,63,retail shop,11,0.4,1,0
BW506794,BR-08,M,45,transport,1,5.0,1,9
BW506795,BR-21,M,27,carpentry,10,0.8,True,2
BW506796,BR-08,M,50,hairdressing,3,4.6,0,0
BW506797,BR-04,F,45,poultry,3,1.2,FALSE,0
BW506798,BR-17,F,53,hairdressing,3,4.2,TRUE,6
BW506799,BR-09,M,55,petty trade,9,10.5,TRUE,4
BW506800,BR-16,F,34,carpentry,4,3.6,False,1
BW506801,BR-21,F,44,petty trade,1,1.1,TRUE,0
BW506802,BR-08,M,24,hairdressing,4,9.8,FALSE,1
BW506803,BR-20,F,59,transport,1,7.9,yes,1
BW506804,BR-20,M,53,transport,7,2.1,TRUE,4
BW506805,BR-10,F,63,farming,4,11.6,TRUE,1
BW506806,BR-08,F,25,transport,7,3.8,TRUE,0
BW506807,BR-24,M,29,tailoring,4,8.7,1,1
BW506808,BR-22,F,32,transport,11,5.9,no,2
BW506809,BR-06,F,39,tailoring,5,8.9,False,0
BW506810,BR-16,M,29,tailoring,11,1.2,True,9
BW506811,BR-05,F,40,teaching,9,4.5,yes,1
BW506812,BR-24,F,30,teaching,4,4.8,0,1
BW506813,BR-13,F,28,poultry,7,12.1,False,1
BW506814,BR-21,F,63,petty trade,9,6.3,TRUE,2
BW506815,BR-06,F,51,teaching,11,7.1,no,9
BW506816,BR-12,M,37,hairdressing,6,2.3,FALSE,9
BW506817,BR-19,F,26,tailoring,6,6.5,TRUE,0
BW506818,BR-16,F,59,masonry,8,6.6,False,9
BW506819,BR-05,F,64,masonry,12,6.9,1,1
BW506820,BR-24,F,48,petty trade,9,8.1,1,1
BW506821,BR-17,F,36,hairdressing,2,12.4,1,6
BW506822,BR-11,M,58,masonry,11,9.2,no,1
BW506823,BR-23,M,49,tailoring,9,9.4,yes,4
BW506824,BR-14,F,50,phone repair,12,5.2,False,6
BW506825,BR-06,F,35,carpentry,7,3.8,FALSE,1
BW506826,BR-06,F,24,farming,12,6.2,FALSE,6
BW506827,BR-22,F,50,transport,10,12.2,yes,0
BW506828,BR-06,F,34,hairdressing,12,4.6,no,6
BW506829,BR-04,F,59,retail shop,1,9.3,False,3
BW506830,BR-17,M,40,hairdressing,4,4.4,FALSE,4
BW506831,BR-19,M,33,food vending,9,7.7,0,4
BW506832,BR-01,M,40,hairdressing,8,12.0,0,9
BW506833,BR-06,M,47,masonry,4,5.9,TRUE,2
BW506834,BR-20,F,64,tailoring,8,6.0,True,9
BW506835,BR-16,M,23,retail shop,3,5.3,1,6
BW506836,BR-01,M,28,hairdressing,2,9.8,yes,0
BW506837,BR-10,F,21,transport,2,4.2,yes,2
BW506838,BR-15,M,49,transport,8,7.1,False,0
BW506839,BR-01,M,20,tailoring,5,2.3,True,9
BW506840,BR-20,F,62,phone repair,5,6.3,False,3
BW506841,BR-05,F,61,teaching,10,1.9,True,4
BW506842,BR-24,F,56,retail shop,4,12.4,False,3
BW506843,BR-11,F,34,carpentry,6,5.3,False,0
BW506844,BR-07,F,51,hairdressing,9,4.2,True,4
BW506845,BR-04,F,46,carpentry,4,6.9,yes,6
BW506846,BR-06,F,50,masonry,10,3.5,FALSE,0
BW506847,BR-24,F,50,petty trade,1,11.4,True,0
BW506848,BR-10,F,61,hairdressing,9,2.9,TRUE,6
BW506849,BR-02,M,26,masonry,4,2.9,1,3
BW506850,BR-22,M,50,phone repair,11,1.4,True,1
BW506851,BR-17,F,48,masonry,12,9.3,0,6
BW506852,BR-18,F,62,food vending,10,2.1,False,1
BW506853,BR-03,M,32,food vending,5,1.1,True,3
BW506854,BR-08,F,54,carpentry,7,6.3,1,1
BW506855,BR-21,M,38,petty trade,8,4.1,TRUE,4
BW506856,BR-12,M,24,teaching,11,7.7,yes,0
BW506857,BR-13,F,37,petty trade,9,2.1,1,6
BW506858,BR-09,F,21,hairdressing,11,7.3,TRUE,1
BW506859,BR-09,F,35,farming,10,3.7,1,0
BW506860,BR-05,M,37,hairdressing,9,4.5,False,0
BW506861,BR-11,F,47,petty trade,4,2.3,False,2
BW506862,BR-23,F,41,masonry,6,5.4,False,1
BW506863,BR-06,F,62,petty trade,5,7.5,yes,4
BW506864,BR-09,F,37,masonry,1,4.9,no,0
BW506865,BR-10,M,30,carpentry,10,0.7,FALSE,3
BW506866,BR-01,F,53,transport,9,0.2,no,9
BW506867,BR-04,F,46,poultry,8,1.3,0,0
BW506868,BR-10,M,28,teaching,8,8.7,yes,0
BW506869,BR-17,M,24,food vending,11,2.4,False,9
BW506870,BR-09,F,49,tailoring,1,2.7,0,2
BW506871,BR-13,F,25,retail shop,12,11.0,False,9
BW506872,BR-04,M,39,petty trade,10,1.3,0,1
BW506873,BR-02,F,62,transport,1,2.5,yes,4
BW506874,BR-07,F,54,transport,9,1.6,no,0
BW506875,BR-20,M,23,food vending,5,1.9,TRUE,2
BW506876,BR-09,M,53,tailoring,6,6.8,yes,1
BW506877,BR-03,M,36,phone repair,12,5.1,1,6
BW506878,BR-17,M,50,teaching,2,11.9,False,0
BW506879,BR-16,M,51,tailoring,2,4.6,no,3
BW506880,BR-05,F,23,farming,3,4.3,TRUE,1
BW506881,BR-22,M,29,farming,2,7.7,yes,1
BW506882,BR-15,M,20,phone repair,10,10.7,no,4
BW506883,BR-07,M,21,teaching,1,5.9,no,4
BW506884,BR-24,F,26,masonry,6,1.8,True,3
BW506885,BR-09,M,46,petty trade,5,5.1,1,3
BW506886,BR-21,M,57,food vending,3,5.7,1,4
BW506887,BR-15,M,37,petty trade,7,6.3,FALSE,6
BW506888,BR-03,M,55,transport,1,7.7,False,1
BW506889,BR-11,M,21,masonry,5,9.5,True,1
BW506890,BR-02,M,51,retail shop,7,4.4,yes,1
BW506891,BR-07,M,47,poultry,3,7.7,no,0
BW506892,BR-08,M,20,petty trade,10,11.6,0,9
BW506893,BR-05,M,25,transport,8,7.6,FALSE,6
BW506894,BR-19,F,37,masonry,2,2.7,FALSE,0
BW506895,BR-15,M,21,carpentry,11,7.2,yes,9
BW506896,BR-18,F,31,transport,6,2.8,0,3
BW506897,BR-04,F,28,tailoring,11,6.1,0,0
BW506898,BR-18,M,59,poultry,9,2.4,no,6
BW506899,BR-03,M,30,tailoring,6,1.4,0,0
BW506900,BR-19,M,30,carpentry,10,8.0,FALSE,1
BW506901,BR-03,M,55,retail shop,6,4.8,0,3
BW506902,BR-16,F,53,carpentry,2,2.9,no,0
BW506903,BR-17,M,57,carpentry,12,8.2,FALSE,9
BW506904,BR-11,F,36,phone repair,1,3.0,0,0
BW506905,BR-03,F,39,phone repair,8,12.4,yes,6
BW506906,BR-16,F,48,teaching,2,4.2,1,9
BW506907,BR-21,M,30,hairdressing,10,6.5,False,0
BW506908,BR-01,F,58,retail shop,2,3.6,True,9
BW506909,BR-14,F,41,teaching,11,0.8,0,9
BW506910,BR-14,M,26,transport,5,10.1,no,0
BW506911,BR-12,M,64,poultry,1,2.9,True,2
BW506912,BR-17,M,22,carpentry,2,4.2,1,3
BW506913,BR-21,F,52,phone repair,4,2.9,False,3
BW506914,BR-09,F,49,masonry,7,9.7,1,0
BW506915,BR-05,M,26,masonry,12,2.1,no,0
BW506916,BR-16,M,51,food vending,9,5.3,yes,4
BW506917,BR-02,M,63,masonry,9,6.9,yes,0
BW506918,BR-17,M,41,poultry,9,7.1,0,0
BW506919,BR-01,M,45,carpentry,8,3.1,False,4
BW506920,BR-17,M,37,phone repair,11,4.7,True,4
BW506921,BR-01,M,34,petty trade,6,3.1,1,1
BW506922,BR-14,M,48,masonry,2,7.2,yes,2
BW506923,BR-01,M,53,farming,9,4.2,FALSE,1
BW506924,BR-07,M,47,carpentry,8,5.3,yes,1
BW506925,BR-12,M,38,food vending,2,0.2,no,3
BW506926,BR-23,F,48,teaching,1,6.0,True,1
BW506927,BR-11,F,23,phone repair,6,3.5,True,6
BW506928,BR-24,F,48,teaching,1,6.4,yes,6
BW506929,BR-10,F,31,petty trade,7,5.1,yes,0
BW506930,BR-14,F,35,masonry,7,5.7,TRUE,0
BW506931,BR-18,F,43,masonry,10,8.2,1,1
BW506932,BR-18,F,61,teaching,8,4.6,no,1
BW506933,BR-04,F,34,poultry,8,1.9,FALSE,4
BW506934,BR-23,M,64,petty trade,6,6.8,no,6
BW506935,BR-23,F,45,transport,9,3.9,True,0
BW506936,BR-14,M,41,transport,1,5.1,no,0
BW506937,BR-21,M,48,teaching,1,2.0,no,6
BW506938,BR-15,M,22,phone repair,2,8.1,0,0
BW506939,BR-07,F,46,phone repair,2,2.2,1,1
BW506940,BR-21,F,20,teaching,11,17.5,TRUE,2
BW506941,BR-07,F,38,poultry,9,1.0,0,2
BW506942,BR-06,F,19,teaching,1,7.0,yes,6
BW506943,BR-23,M,43,phone repair,11,9.2,no,1
BW506944,BR-13,F,39,carpentry,10,3.1,True,1
BW506945,BR-24,M,20,tailoring,11,2.6,False,1
BW506946,BR-10,M,48,poultry,6,4.9,no,2
BW506947,BR-24,F,30,hairdressing,8,0.9,True,0
BW506948,BR-11,F,59,transport,9,5.8,no,6
BW506949,BR-05,F,31,teaching,1,14.2,yes,9
BW506950,BR-04,F,27,tailoring,7,2.9,True,1
BW506951,BR-09,M,52,masonry,1,5.8,no,1
BW506952,BR-22,M,54,hairdressing,8,3.1,True,2
BW506953,BR-23,F,19,carpentry,9,9.7,True,1
BW506954,BR-13,M,55,hairdressing,5,3.3,TRUE,1
BW506955,BR-23,F,42,carpentry,3,5.0,0,2
BW506956,BR-21,F,40,food vending,5,3.4,1,6
BW506957,BR-03,M,33,masonry,8,10.9,no,2
BW506958,BR-22,M,35,petty trade,4,6.4,True,1
BW506959,BR-12,M,19,food vending,10,0.3,TRUE,6
BW506960,BR-19,F,31,farming,10,10.3,yes,0
BW506961,BR-14,F,33,food vending,1,3.0,False,3
BW506962,BR-14,F,39,hairdressing,9,10.4,no,9
BW506963,BR-08,F,48,phone repair,7,6.1,False,9
BW506964,BR-11,F,61,petty trade,11,5.7,no,6
BW506965,BR-22,F,60,teaching,9,5.7,no,9
BW506966,BR-17,F,50,food vending,11,1.3,0,6
BW506967,BR-16,M,29,farming,12,9.1,False,0
BW506968,BR-21,M,26,hairdressing,6,2.9,0,2
BW506969,BR-07,F,33,transport,8,7.4,no,1
BW506970,BR-11,F,52,poultry,7,2.8,0,2
BW506971,BR-23,F,33,carpentry,1,5.1,1,0
BW506972,BR-18,F,49,retail shop,10,2.0,True,0
BW506973,BR-01,M,21,retail shop,6,8.0,False,4
BW506974,BR-14,F,44,carpentry,12,0.8,no,3
BW506975,BR-08,F,50,poultry,6,13.0,True,4
BW506976,BR-23,F,19,tailoring,1,2.2,False,1
BW506977,BR-09,M,54,farming,6,10.6,FALSE,0
BW506978,BR-16,M,42,petty trade,4,1.1,0,0
BW506979,BR-01,F,39,petty trade,4,5.4,1,9
BW506980,BR-13,F,37,farming,7,1.7,0,6
BW506981,BR-05,F,33,petty trade,6,12.0,1,4
BW506982,BR-16,F,32,food vending,1,6.2,1,1
BW506983,BR-04,F,30,tailoring,6,0.6,no,6
BW506984,BR-02,M,42,carpentry,3,3.2,yes,1
BW506985,BR-17,F,52,hairdressing,7,1.5,yes,2
BW506986,BR-16,F,37,carpentry,3,2.2,TRUE,1
BW506987,BR-20,F,35,phone repair,1,0.7,yes,9
BW506988,BR-12,M,34,teaching,3,4.4,1,3
BW506989,BR-05,F,58,transport,2,12.4,yes,1
BW506990,BR-19,M,20,retail shop,5,7.7,no,2
BW506991,BR-11,M,32,farming,4,0.9,1,0
BW506992,BR-08,M,29,carpentry,7,5.1,no,2
BW506993,BR-15,F,44,phone repair,11,8.0,True,9
BW506994,BR-20,M,41,petty trade,12,6.4,True,3
BW506995,BR-11,M,41,transport,11,1.5,FALSE,4
BW506996,BR-21,F,22,hairdressing,8,9.7,FALSE,1
BW506997,BR-07,F,42,masonry,6,9.4,yes,2
BW506998,BR-23,M,32,carpentry,9,5.0,TRUE,3
BW506999,BR-22,M,61,hairdressing,9,4.6,1,2
BW507000,BR-19,M,60,poultry,9,6.9,FALSE,2
BW507001,BR-16,M,51,tailoring,3,5.7,no,2
BW507002,BR-06,M,62,petty trade,12,10.3,TRUE,1
BW507003,BR-13,M,33,poultry,9,4.3,1,4
BW507004,BR-14,F,38,farming,6,6.9,TRUE,6
BW507005,BR-01,F,50,phone repair,4,4.9,1,6
BW507006,BR-04,F,24,farming,10,6.6,True,0
BW507007,BR-21,F,61,poultry,4,4.5,True,3
BW507008,BR-05,F,21,masonry,10,4.0,1,9
BW507009,BR-23,F,28,hairdressing,2,0.5,False,9
BW507010,BR-24,F,53,phone repair,7,8.8,no,1
BW507011,BR-18,F,39,transport,7,1.9,FALSE,0
BW507012,BR-19,M,48,phone repair,3,5.7,no,0
BW507013,BR-03,F,49,tailoring,3,1.6,True,1
BW507014,BR-03,F,55,petty trade,8,8.2,yes,0
BW507015,BR-04,F,32,farming,6,6.2,1,9
BW507016,BR-06,F,25,carpentry,2,0.3,False,9
BW507017,BR-23,M,20,poultry,5,2.3,FALSE,0
BW507018,BR-13,M,32,carpentry,6,4.6,no,1
BW507019,BR-22,M,64,phone repair,12,5.4,yes,0
BW507020,BR-24,M,33,tailoring,8,0.3,True,0
BW507021,BR-14,F,32,teaching,3,1.6,TRUE,0
BW507022,BR-15,M,60,teaching,9,2.0,1,0
BW507023,BR-02,M,28,poultry,11,9.0,yes,0
BW507024,BR-13,F,57,phone repair,12,7.2,TRUE,2
BW507025,BR-13,M,60,tailoring,2,6.7,0,0
BW507026,BR-02,M,33,retail shop,10,3.2,0,0
BW507027,BR-24,M,41,transport,2,5.3,1,2
BW507028,BR-04,M,34,hairdressing,1,6.1,1,2
BW507029,BR-01,M,42,food vending,3,8.7,False,1
BW507030,BR-10,M,63,teaching,6,6.3,no,3
BW507031,BR-07,F,55,retail shop,2,11.5,1,1
BW507032,BR-19,M,55,carpentry,2,7.3,TRUE,1
BW507033,BR-21,M,40,teaching,8,7.5,TRUE,1
BW507034,BR-13,F,46,transport,7,5.0,False,2
BW507035,BR-05,F,38,carpentry,6,0.4,no,1
BW507036,BR-19,F,24,food vending,3,1.0,False,2
BW507037,BR-20,M,52,transport,11,9.9,0,0
BW507038,BR-02,M,42,masonry,9,6.4,TRUE,0
BW507039,BR-21,F,47,teaching,10,6.9,TRUE,2
BW507040,BR-03,F,22,transport,11,5.9,no,3
BW507041,BR-21,F,26,food vending,2,11.9,yes,9
BW507042,BR-18,F,28,masonry,6,9.2,yes,1
BW507043,BR-20,F,43,phone repair,7,3.1,yes,0
BW507044,BR-04,F,34,transport,2,4.7,False,1
BW507045,BR-23,F,35,retail shop,11,7.0,1,1
BW507046,BR-15,M,53,carpentry,7,3.3,False,1
BW507047,BR-23,F,27,transport,9,1.2,yes,1
BW507048,BR-08,F,29,retail shop,5,4.7,FALSE,9
BW507049,BR-18,F,35,retail shop,6,3.1,True,2
BW507050,BR-17,M,54,masonry,2,6.9,True,0
BW507051,BR-05,F,19,food vending,1,12.0,True,2
BW507052,BR-07,M,48,retail shop,10,7.9,FALSE,6
BW507053,BR-19,M,40,food vending,7,3.0,False,9
BW507054,BR-18,F,63,poultry,4,7.6,FALSE,3
BW507055,BR-13,M,33,farming,7,10.3,0,4
BW507056,BR-02,F,28,farming,9,3.7,yes,0
BW507057,BR-19,F,27,phone repair,5,3.3,1,0
BW507058,BR-16,F,57,hairdressing,6,3.6,FALSE,0
BW507059,BR-10,M,60,phone repair,7,5.1,yes,1
BW507060,BR-02,F,34,retail shop,2,5.7,FALSE,9
BW507061,BR-01,F,56,farming,1,0.7,FALSE,0
BW507062,BR-21,F,37,poultry,4,10.3,0,1
BW507063,BR-06,F,58,retail shop,6,6.5,yes,0
BW507064,BR-14,M,19,carpentry,8,4.5,0,0
BW507065,BR-20,F,21,carpentry,11,4.8,no,0
BW507066,BR-11,M,45,transport,12,16.6,1,4
BW507067,BR-14,F,35,tailoring,12,4.4,yes,0
BW507068,BR-04,M,62,tailoring,6,5.7,yes,1
BW507069,BR-14,F,37,phone repair,1,7.8,no,9
BW507070,BR-21,M,59,teaching,1,9.8,yes,0
BW507071,BR-21,F,44,transport,6,14.6,TRUE,9
BW507072,BR-19,F,25,petty trade,1,6.9,1,1
BW507073,BR-10,M,50,teaching,6,6.5,True,0
BW507074,BR-02,M,29,poultry,9,4.1,TRUE,0
BW507075,BR-16,M,25,phone repair,3,11.8,True,4
BW507076,BR-01,M,53,transport,6,2.0,no,1
BW507077,BR-20,F,44,poultry,7,2.4,True,0
BW507078,BR-19,F,44,carpentry,3,6.8,0,6
BW507079,BR-21,F,27,carpentry,11,4.2,0,4
BW507080,BR-07,F,35,phone repair,10,0.9,yes,1
BW507081,BR-06,M,26,farming,4,5.7,FALSE,1
BW507082,BR-13,F,59,phone repair,10,4.1,FALSE,1
BW507083,BR-05,M,41,masonry,3,6.6,TRUE,1
BW507084,BR-21,F,64,poultry,5,2.2,FALSE,2
BW507085,BR-20,F,20,retail shop,12,7.3,TRUE,1
BW507086,BR-02,F,63,hairdressing,8,4.5,True,1
BW507087,BR-23,F,24,hairdressing,11,0.2,False,1
BW507088,BR-12,M,22,transport,5,13.3,no,9
BW507089,BR-21,F,23,poultry,7,1.2,True,0
BW507090,BR-07,F,21,tailoring,11,5.3,False,0
BW507091,BR-18,F,39,phone repair,10,5.3,TRUE,6
BW507092,BR-24,M,46,farming,9,4.7,0,3
BW507093,BR-05,M,23,tailoring,3,1.6,FALSE,0
BW507094,BR-22,M,59,farming,3,5.2,yes,0
BW507095,BR-14,F,63,transport,4,5.9,True,2
BW507096,BR-06,F,53,food vending,9,6.4,True,1
BW507097,BR-02,F,28,food vending,10,6.1,True,1
BW507098,BR-17,M,25,retail shop,5,8.7,FALSE,0
BW507099,BR-06,M,58,phone repair,1,1.0,1,4
BW507100,BR-19,M,60,carpentry,12,0.7,no,0
BW507101,BR-13,F,52,tailoring,12,8.1,False,0
BW507102,BR-04,M,63,hairdressing,9,1.3,FALSE,9
BW507103,BR-11,F,34,farming,4,10.1,1,1
BW507104,BR-03,F,55,farming,9,8.9,FALSE,2
BW507105,BR-19,M,26,retail shop,6,6.1,FALSE,0
BW507106,BR-03,M,25,transport,9,2.8,True,6
BW507107,BR-24,M,53,tailoring,6,10.0,True,3
BW507108,BR-22,M,63,farming,7,3.6,True,1
BW507109,BR-04,F,61,retail shop,11,5.5,FALSE,9
BW507110,BR-12,M,52,poultry,12,4.7,FALSE,2
BW507111,BR-23,F,28,carpentry,4,6.3,TRUE,0
BW507112,BR-01,F,57,phone repair,7,1.1,FALSE,1
BW507113,BR-08,F,61,farming,5,0.2,False,1
BW507114,BR-08,F,47,poultry,12,11.9,True,4
BW507115,BR-03,M,19,food vending,2,3.4,1,1
BW507116,BR-14,F,28,retail shop,1,5.4,False,1
BW507117,BR-24,F,64,poultry,10,0.8,False,2
BW507118,BR-23,F,47,carpentry,12,5.6,no,6
BW507119,BR-09,M,64,farming,2,10.2,False,4
BW507120,BR-08,F,64,hairdressing,4,8.5,yes,0
BW507121,BR-10,M,30,poultry,12,4.8,FALSE,6
BW507122,BR-16,F,47,poultry,10,2.8,True,1
BW507123,BR-14,M,38,retail shop,6,5.2,yes,1
BW507124,BR-05,F,30,phone repair,3,0.2,False,1
BW507125,BR-19,F,36,masonry,3,7.5,FALSE,6
BW507126,BR-24,F,45,phone repair,8,7.8,1,3
BW507127,BR-06,F,48,transport,7,1.0,False,0
BW507128,BR-22,M,44,masonry,2,5.4,False,3
BW507129,BR-14,M,54,masonry,7,0.6,1,0
BW507130,BR-04,F,42,masonry,11,7.0,1,3
BW507131,BR-24,F,31,tailoring,8,11.0,True,1
BW507132,BR-03,M,34,petty trade,12,3.1,0,0
BW507133,BR-11,F,30,masonry,8,0.3,0,1
BW507134,BR-10,M,51,phone repair,9,1.0,TRUE,9
BW507135,BR-23,F,45,retail shop,10,9.4,yes,0
BW507136,BR-17,M,59,phone repair,9,9.3,no,9
BW507137,BR-03,F,36,tailoring,9,10.9,no,3
BW507138,BR-07,F,56,hairdressing,3,9.4,1,9
BW507139,BR-10,M,29,carpentry,3,6.2,0,3
BW507140,BR-22,F,38,petty trade,11,8.0,0,3
BW507141,BR-05,M,35,teaching,6,8.4,yes,6
BW507142,BR-09,F,32,farming,11,8.0,False,1
BW507143,BR-17,F,27,teaching,4,12.4,no,3
BW507144,BR-09,F,42,retail shop,9,9.1,FALSE,9
BW507145,BR-01,F,54,poultry,9,4.8,1,3
BW507146,BR-22,F,44,teaching,12,8.9,True,0
BW507147,BR-24,M,63,tailoring,4,7.9,False,0
BW507148,BR-22,F,58,tailoring,5,2.2,no,2
BW507149,BR-22,M,60,carpentry,11,5.1,1,0
BW507150,BR-08,F,43,petty trade,6,2.7,yes,3
BW507151,BR-07,F,49,retail shop,2,5.6,TRUE,1
BW507152,BR-09,F,61,hairdressing,11,5.2,1,0
BW507153,BR-12,F,19,retail shop,2,5.0,TRUE,4
BW507154,BR-20,F,63,petty trade,7,5.8,False,2
BW507155,BR-20,M,23,masonry,6,5.7,FALSE,3
BW507156,BR-06,F,44,transport,9,1.2,False,0
BW507157,BR-01,F,44,food vending,8,5.3,1,6
BW507158,BR-24,F,31,retail shop,5,2.3,no,3
BW507159,BR-01,M,47,carpentry,6,5.0,FALSE,3
BW507160,BR-23,F,38,masonry,10,5.9,TRUE,6
BW507161,BR-15,F,35,transport,2,0.3,yes,0
BW507162,BR-14,M,61,carpentry,8,14.2,TRUE,0
BW507163,BR-18,F,40,food vending,12,5.3,True,1
BW507164,BR-24,F,29,petty trade,6,9.4,0,0
BW507165,BR-11,M,49,retail shop,2,1.2,TRUE,2
BW507166,BR-17,F,60,petty trade,9,1.5,FALSE,6
BW507167,BR-03,F,23,phone repair,10,0.9,yes,0
BW507168,BR-15,M,63,retail shop,4,4.6,False,3
BW507169,BR-17,F,61,retail shop,10,13.4,yes,2
BW507170,BR-17,M,21,teaching,4,5.3,FALSE,1
BW507171,BR-09,F,35,tailoring,1,3.2,True,9
BW507172,BR-21,F,29,food vending,1,1.5,1,0
BW507173,BR-20,F,58,hairdressing,5,4.1,1,3
BW507174,BR-10,F,47,poultry,1,6.6,1,0
BW507175,BR-20,F,36,masonry,2,8.4,TRUE,1
BW507176,BR-04,M,46,farming,6,0.3,0,1
BW507177,BR-06,M,37,poultry,6,14.7,FALSE,1
BW507178,BR-04,F,39,petty trade,1,2.4,False,0
BW507179,BR-08,M,48,poultry,12,7.3,yes,1
BW507180,BR-14,F,19,petty trade,1,5.5,no,1
BW507181,BR-21,M,62,teaching,8,7.2,no,9
BW507182,BR-20,M,26,retail shop,10,1.3,FALSE,3
BW507183,BR-20,M,63,tailoring,2,6.8,no,1
BW507184,BR-23,F,62,carpentry,4,4.6,no,3
BW507185,BR-02,M,43,tailoring,11,5.2,0,1
BW507186,BR-19,F,57,masonry,10,6.7,no,0
BW507187,BR-02,M,57,food vending,9,5.4,yes,6
BW507188,BR-15,M,38,poultry,12,4.0,FALSE,1
BW507189,BR-12,M,57,food vending,3,2.9,True,2
BW507190,BR-09,F,20,food vending,1,0.9,0,0
BW507191,BR-21,M,62,teaching,8,3.7,yes,2
BW507192,BR-05,F,57,food vending,8,6.2,yes,0
BW507193,BR-15,M,57,food vending,1,2.6,TRUE,3
BW507194,BR-19,F,47,retail shop,1,5.6,FALSE,9
BW507195,BR-13,F,54,food vending,2,6.4,1,1
BW507196,BR-07,M,47,petty trade,10,1.0,False,1
BW507197,BR-10,F,27,poultry,9,7.7,0,1
BW507198,BR-09,F,23,farming,7,2.1,0,4
BW507199,BR-13,M,59,petty trade,9,9.4,False,4
BW507200,BR-02,F,19,tailoring,12,7.6,no,1
BW507201,BR-05,F,56,tailoring,7,4.2,False,1
BW507202,BR-02,F,60,tailoring,4,0.5,FALSE,1
BW507203,BR-04,F,20,hairdressing,12,12.4,False,1
BW507204,BR-09,F,21,farming,5,5.4,False,6
BW507205,BR-07,F,44,carpentry,8,0.6,no,4
BW507206,BR-06,F,57,teaching,9,10.1,False,2
BW507207,BR-14,M,34,teaching,2,8.5,TRUE,4
BW507208,BR-08,F,27,carpentry,6,7.3,0,0
BW507209,BR-09,M,49,retail shop,8,1.6,False,0
BW507210,BR-20,M,59,teaching,12,4.1,False,0
BW507211,BR-07,F,39,food vending,4,14.1,no,6
BW507212,BR-14,F,52,phone repair,10,7.8,no,3
BW507213,BR-21,F,62,tailoring,10,11.3,TRUE,4
BW507214,BR-09,F,54,transport,10,7.2,0,1
BW507215,BR-03,M,28,tailoring,9,6.6,no,6
BW507216,BR-07,M,63,food vending,11,3.4,1,4
BW507217,BR-24,F,36,phone repair,3,10.3,0,6
BW507218,BR-11,F,40,poultry,10,10.8,False,1
BW507219,BR-01,F,44,transport,7,7.0,True,0
BW507220,BR-05,M,49,farming,9,1.0,0,4
BW507221,BR-20,M,64,poultry,5,7.1,no,9
BW507222,BR-17,F,38,poultry,11,8.4,False,9
BW507223,BR-20,F,52,petty trade,6,2.9,yes,2
BW507224,BR-23,F,36,masonry,8,1.9,TRUE,6
BW507225,BR-15,F,54,phone repair,4,11.2,True,4
BW507226,BR-03,F,49,transport,2,2.1,0,1
BW507227,BR-17,F,37,phone repair,6,5.7,1,9
BW507228,BR-12,M,23,retail shop,6,8.2,True,0
BW507229,BR-02,F,63,masonry,10,2.1,1,6
BW507230,BR-10,F,50,retail shop,3,5.0,True,1
BW507231,BR-01,M,23,poultry,6,5.5,no,3
BW507232,BR-22,F,41,petty trade,5,4.5,False,2
BW507233,BR-10,M,42,hairdressing,10,1.6,no,4
BW507234,BR-04,M,43,petty trade,4,4.0,True,3
BW507235,BR-19,F,45,tailoring,12,7.8,0,1
BW507236,BR-22,M,36,poultry,2,5.2,1,3
BW507237,BR-19,F,38,poultry,4,4.9,False,0
BW507238,BR-14,M,64,retail shop,9,5.7,False,2
BW507239,BR-13,M,22,phone repair,7,7.2,yes,3
BW507240,BR-21,F,41,poultry,11,12.8,TRUE,3
BW507241,BR-23,F,24,masonry,12,1.7,True,1
BW507242,BR-13,M,26,petty trade,6,0.3,yes,4
BW507243,BR-04,M,32,phone repair,6,1.5,TRUE,2
BW507244,BR-23,M,23,tailoring,6,8.0,TRUE,0
BW507245,BR-05,F,60,transport,12,8.1,1,1
BW507246,BR-11,F,39,carpentry,1,7.6,True,0
BW507247,BR-09,F,31,food vending,2,9.3,1,4
BW507248,BR-16,F,39,hairdressing,1,3.1,FALSE,9
BW507249,BR-06,F,52,phone repair,9,6.6,0,0
BW507250,BR-07,F,30,masonry,5,1.3,True,0
BW507251,BR-22,F,35,petty trade,4,8.8,FALSE,4
BW507252,BR-01,M,58,hairdressing,1,6.6,yes,2
BW507253,BR-18,F,28,tailoring,1,4.3,1,0
BW507254,BR-10,M,21,masonry,3,13.5,1,6
BW507255,BR-12,M,42,petty trade,7,0.3,no,0
BW507256,BR-11,F,33,teaching,1,11.5,TRUE,6
BW507257,BR-16,F,19,poultry,7,0.4,TRUE,0
BW507258,BR-15,M,56,tailoring,6,5.8,1,6
BW507259,BR-05,M,37,hairdressing,3,2.0,True,2
BW507260,BR-09,M,52,masonry,3,1.8,False,4
BW507261,BR-03,F,23,teaching,7,5.1,1,0
BW507262,BR-09,M,29,teaching,11,10.9,1,4
BW507263,BR-02,F,49,petty trade,12,5.2,yes,2
BW507264,BR-07,F,33,food vending,10,0.9,0,9
BW507265,BR-07,F,42,phone repair,9,5.6,True,4
BW507266,BR-17,F,53,teaching,3,7.4,0,4
BW507267,BR-24,F,48,food vending,10,9.0,False,9
BW507268,BR-21,F,41,poultry,4,1.3,True,0
BW507269,BR-08,M,27,poultry,10,0.2,0,1
BW507270,BR-06,M,42,transport,4,0.3,no,4
BW507271,BR-05,F,63,phone repair,5,0.7,no,6
BW507272,BR-14,M,30,poultry,4,4.9,TRUE,2
BW507273,BR-09,M,29,poultry,3,7.0,True,9
BW507274,BR-07,M,30,teaching,12,2.4,1,0
BW507275,BR-05,F,38,food vending,6,10.6,0,0
BW507276,BR-09,F,44,carpentry,6,7.2,True,3
BW507277,BR-09,M,23,carpentry,6,2.9,TRUE,0
BW507278,BR-21,F,49,transport,4,5.8,0,3
BW507279,BR-12,M,64,masonry,2,4.8,FALSE,3
BW507280,BR-13,F,20,food vending,2,7.7,0,4
BW507281,BR-20,F,31,poultry,10,1.7,0,0
BW507282,BR-11,M,62,phone repair,9,8.3,False,1
BW507283,BR-14,F,52,phone repair,2,1.8,1,4
BW507284,BR-09,M,57,phone repair,8,9.2,False,1
BW507285,BR-01,F,51,transport,2,6.5,0,6
BW507286,BR-13,F,26,poultry,8,3.0,TRUE,9
BW507287,BR-04,M,39,phone repair,12,7.7,0,1
BW507288,BR-09,M,32,retail shop,8,0.5,True,6
BW507289,BR-10,M,63,food vending,5,11.6,True,9
BW507290,BR-20,M,46,farming,9,5.3,1,0
BW507291,BR-17,M,19,poultry,4,2.1,0,0
BW507292,BR-21,F,23,tailoring,1,7.1,TRUE,0
BW507293,BR-24,M,32,tailoring,7,4.7,yes,2
BW507294,BR-21,F,35,farming,5,9.6,True,2
BW507295,BR-20,M,25,transport,10,6.4,yes,1
BW507296,BR-23,F,56,phone repair,10,6.9,False,1
BW507297,BR-15,M,54,farming,3,14.5,True,2
BW507298,BR-02,F,56,retail shop,12,7.5,True,1
BW507299,BR-13,M,58,farming,11,0.7,FALSE,3
BW507300,BR-05,F,30,teaching,11,7.8,FALSE,3
BW507301,BR-16,F,32,food vending,8,5.4,True,2
BW507302,BR-05,F,53,transport,3,0.4,False,1
BW507303,BR-02,F,32,poultry,10,5.5,0,2
BW507304,BR-16,F,40,masonry,3,10.5,yes,6
BW507305,BR-02,F,45,teaching,8,0.8,TRUE,3
BW507306,BR-07,F,59,petty trade,2,3.7,False,1
BW507307,BR-17,F,53,petty trade,6,11.2,0,4
BW507308,BR-16,F,64,carpentry,4,1.9,no,9
BW507309,BR-19,F,40,food vending,11,0.3,True,0
BW507310,BR-14,F,28,hairdressing,8,2.7,False,6
BW507311,BR-16,M,26,hairdressing,7,0.2,yes,0
BW507312,BR-19,M,59,phone repair,4,10.3,True,1
BW507313,BR-05,M,46,farming,8,10.2,1,0
BW507314,BR-07,F,45,poultry,11,4.9,TRUE,2
BW507315,BR-18,F,57,retail shop,1,2.8,False,4
BW507316,BR-18,F,54,poultry,10,5.0,TRUE,6
BW507317,BR-08,F,57,transport,7,6.8,no,4
BW507318,BR-04,F,43,poultry,1,9.8,1,0
BW507319,BR-18,F,21,masonry,6,6.1,0,9
BW507320,BR-15,M,37,tailoring,5,5.9,0,1
BW507321,BR-06,M,36,poultry,12,10.6,FALSE,3
BW507322,BR-03,F,61,petty trade,10,4.9,yes,6
BW507323,BR-10,M,39,food vending,5,6.2,True,2
BW507324,BR-19,F,36,petty trade,1,2.1,FALSE,4
BW507325,BR-12,F,30,phone repair,12,0.2,no,3
BW507326,BR-14,F,27,poultry,4,2.9,False,9
BW507327,BR-18,F,38,masonry,10,0.5,1,1
BW507328,BR-10,F,63,teaching,1,6.0,True,1
BW507329,BR-18,M,42,masonry,6,1.6,FALSE,2
BW507330,BR-08,F,35,tailoring,3,7.2,0,4
BW507331,BR-24,F,33,tailoring,3,3.5,False,3
BW507332,BR-10,F,39,farming,8,7.2,FALSE,0
BW507333,BR-07,F,25,teaching,9,3.6,FALSE,4
BW507334,BR-13,F,53,carpentry,1,7.0,TRUE,0
BW507335,BR-15,F,54,masonry,2,0.6,TRUE,4
BW507336,BR-06,M,45,poultry,11,5.7,False,6
BW507337,BR-01,M,42,masonry,1,6.3,yes,0
BW507338,BR-02,F,59,poultry,4,6.2,TRUE,4
BW507339,BR-05,M,49,phone repair,8,4.9,yes,1
BW507340,BR-07,M,43,retail shop,5,9.4,yes,0
BW507341,BR-21,M,61,farming,6,5.5,TRUE,3
BW507342,BR-01,M,27,teaching,8,10.1,FALSE,3
BW507343,BR-02,F,19,food vending,9,2.6,no,0
BW507344,BR-06,F,26,transport,7,2.2,yes,4
BW507345,BR-05,F,61,teaching,8,9.3,False,9
BW507346,BR-13,M,56,masonry,12,4.8,no,0
BW507347,BR-18,F,59,transport,8,3.0,FALSE,1
BW507348,BR-07,F,63,hairdressing,10,8.3,yes,0
BW507349,BR-14,M,49,teaching,9,6.6,0,1
BW507350,BR-24,F,25,transport,11,12.7,1,1
BW507351,BR-06,M,58,masonry,9,7.9,1,0
BW507352,BR-11,F,56,transport,9,1.6,0,6
BW507353,BR-03,F,27,farming,9,8.4,yes,1
BW507354,BR-13,F,63,transport,5,4.1,yes,6
BW507355,BR-20,M,51,hairdressing,5,11.1,FALSE,9
BW507356,BR-08,M,23,tailoring,7,2.4,no,0
BW507357,BR-03,F,30,hairdressing,1,13.4,TRUE,2
BW507358,BR-23,F,63,teaching,2,0.9,TRUE,2
BW507359,BR-16,M,46,hairdressing,12,4.4,FALSE,4
BW507360,BR-15,F,58,farming,1,5.6,True,2
BW507361,BR-15,M,34,retail shop,9,8.9,yes,9
BW507362,BR-02,M,36,poultry,5,3.3,False,0
BW507363,BR-10,F,24,retail shop,5,7.7,1,0
BW507364,BR-06,F,51,phone repair,10,10.2,1,4
BW507365,BR-14,M,28,poultry,2,7.7,no,6
BW507366,BR-13,M,39,farming,3,3.8,TRUE,6
BW507367,BR-20,M,31,carpentry,10,5.9,yes,1
BW507368,BR-06,M,40,phone repair,10,11.9,TRUE,1
BW507369,BR-23,F,35,carpentry,11,6.4,no,0
BW507370,BR-15,M,28,transport,6,2.4,no,4
BW507371,BR-12,F,63,tailoring,12,4.4,TRUE,0
BW507372,BR-12,F,20,tailoring,4,8.1,False,1
BW507373,BR-10,M,59,tailoring,6,12.5,no,1
BW507374,BR-12,M,47,food vending,6,2.5,True,3
BW507375,BR-02,M,50,tailoring,12,2.9,1,0
BW507376,BR-13,F,48,carpentry,11,6.9,FALSE,2
BW507377,BR-24,M,39,masonry,8,3.5,FALSE,2
BW507378,BR-03,M,48,food vending,7,5.2,False,1
BW507379,BR-12,F,35,phone repair,9,3.3,True,6
BW507380,BR-21,F,62,masonry,4,10.4,1,1
BW507381,BR-12,F,49,transport,12,4.1,False,6
BW507382,BR-02,F,57,carpentry,12,4.4,False,1
BW507383,BR-04,F,26,food vending,5,1.9,True,0
BW507384,BR-06,F,32,petty trade,5,4.1,False,1
BW507385,BR-05,M,64,tailoring,11,3.7,1,1
BW507386,BR-20,F,33,retail shop,3,2.8,False,3
BW507387,BR-08,M,35,petty trade,4,4.9,TRUE,2
BW507388,BR-14,F,54,phone repair,3,4.4,True,1
BW507389,BR-09,F,23,teaching,1,4.5,FALSE,9
BW507390,BR-24,M,62,retail shop,4,0.3,yes,4
BW507391,BR-04,F,22,poultry,6,4.4,TRUE,1
BW507392,BR-02,F,32,tailoring,7,11.3,0,1
BW507393,BR-12,M,23,transport,6,2.3,FALSE,1
BW507394,BR-05,M,34,hairdressing,5,3.5,TRUE,2
BW507395,BR-15,M,46,poultry,5,10.1,True,0
BW507396,BR-09,F,61,masonry,1,3.7,1,1
BW507397,BR-06,M,48,teaching,10,6.1,no,2
BW507398,BR-15,F,51,poultry,5,6.9,TRUE,3
BW507399,BR-16,F,35,tailoring,3,5.8,1,9
BW507400,BR-04,F,24,tailoring,1,5.3,yes,6
BW507401,BR-08,F,36,retail shop,7,6.2,TRUE,1
BW507402,BR-12,F,62,hairdressing,6,2.7,1,1
BW507403,BR-08,F,33,food vending,5,0.9,TRUE,4
BW507404,BR-18,M,20,retail shop,2,11.7,False,1
BW507405,BR-09,F,30,teaching,5,4.9,no,0
BW507406,BR-18,F,61,farming,1,3.8,1,0
BW507407,BR-24,F,38,farming,4,0.9,no,9
BW507408,BR-22,M,37,transport,9,3.7,True,2
BW507409,BR-23,M,58,phone repair,2,3.3,FALSE,4
BW507410,BR-03,M,55,petty trade,10,7.1,True,4
BW507411,BR-10,M,40,tailoring,12,7.0,False,2
BW507412,BR-12,F,52,retail shop,2,1.9,1,2
BW507413,BR-04,F,49,petty trade,12,8.7,FALSE,3
BW507414,BR-06,F,53,food vending,10,7.3,no,1
BW507415,BR-24,F,48,masonry,9,3.1,yes,6
BW507416,BR-20,F,28,phone repair,10,7.6,TRUE,2
BW507417,BR-02,F,43,tailoring,11,8.7,True,1
BW507418,BR-08,F,37,tailoring,1,6.4,1,3
BW507419,BR-17,F,51,hairdressing,1,6.8,no,0
BW507420,BR-13,F,25,transport,4,3.3,FALSE,4
BW507421,BR-24,M,32,tailoring,4,7.7,TRUE,1
BW507422,BR-05,F,60,petty trade,5,3.4,True,6
BW507423,BR-14,F,56,transport,12,4.9,FALSE,6
BW507424,BR-22,F,53,transport,10,1.0,TRUE,1
BW507425,BR-13,F,27,food vending,3,8.7,no,1
BW507426,BR-17,F,46,food vending,7,4.9,TRUE,3
BW507427,BR-08,F,62,hairdressing,10,7.8,1,3
BW507428,BR-04,F,27,hairdressing,2,9.8,0,3
BW507429,BR-04,M,19,hairdressing,11,4.5,yes,0
BW507430,BR-19,F,19,farming,10,15.6,yes,2
BW507431,BR-06,F,23,petty trade,8,1.6,yes,1
BW507432,BR-13,M,49,transport,4,2.5,FALSE,0
BW507433,BR-11,F,23,retail shop,4,1.6,False,0
BW507434,BR-10,F,42,phone repair,7,4.0,False,1
BW507435,BR-14,F,62,retail shop,8,10.6,yes,9
BW507436,BR-24,F,33,phone repair,2,5.0,False,9
BW507437,BR-07,F,54,poultry,11,1.7,1,0
BW507438,BR-14,F,26,masonry,3,5.3,False,6
BW507439,BR-07,F,62,tailoring,5,2.1,FALSE,6
BW507440,BR-07,M,25,phone repair,5,5.6,no,0
BW507441,BR-04,M,64,food vending,9,5.0,False,9
BW507442,BR-23,F,60,phone repair,4,2.0,TRUE,1
BW507443,BR-11,M,40,retail shop,2,5.0,True,3
BW507444,BR-08,F,47,teaching,9,4.6,yes,0
BW507445,BR-08,M,37,poultry,1,6.1,FALSE,1
BW507446,BR-20,F,22,poultry,9,7.3,TRUE,9
BW507447,BR-14,M,38,hairdressing,5,13.7,no,2
BW507448,BR-09,F,26,teaching,9,6.1,False,0
BW507449,BR-04,F,37,tailoring,3,3.4,no,2
BW507450,BR-13,M,25,tailoring,8,13.1,no,4
BW507451,BR-01,F,19,transport,7,2.5,TRUE,0
BW507452,BR-03,F,34,farming,2,7.8,True,9
BW507453,BR-18,F,25,farming,2,9.0,TRUE,1
BW507454,BR-24,M,35,teaching,3,4.7,True,6
BW507455,BR-21,M,52,carpentry,8,8.1,yes,6
BW507456,BR-14,F,50,teaching,10,1.5,True,0
BW507457,BR-05,M,27,hairdressing,11,8.1,yes,3
BW507458,BR-09,M,56,farming,5,9.4,yes,0
BW507459,BR-07,F,27,teaching,10,9.0,False,0
BW507460,BR-03,F,19,transport,3,1.7,yes,3
BW507461,BR-12,F,34,petty trade,3,4.1,False,0
BW507462,BR-07,F,27,farming,9,1.1,TRUE,0
BW507463,BR-17,M,58,masonry,2,4.6,True,4
BW507464,BR-24,M,55,carpentry,1,4.2,TRUE,4
BW507465,BR-15,F,30,retail shop,11,0.5,1,1
BW507466,BR-14,F,35,poultry,4,1.4,False,1
BW507467,BR-18,F,32,hairdressing,2,10.5,TRUE,0
BW507468,BR-07,F,25,retail shop,8,5.6,True,2
BW507469,BR-02,F,56,masonry,8,0.8,FALSE,1
BW507470,BR-24,M,30,carpentry,12,5.7,True,4
BW507471,BR-03,F,52,petty trade,7,7.4,1,1
BW507472,BR-17,F,35,phone repair,5,5.1,0,3
BW507473,BR-16,F,27,retail shop,2,1.2,yes,6
BW507474,BR-20,F,64,retail shop,7,5.5,no,4
BW507475,BR-08,F,22,petty trade,2,4.3,yes,3
BW507476,BR-06,F,58,transport,3,8.5,TRUE,9
BW507477,BR-24,F,38,hairdressing,12,8.3,1,3
BW507478,BR-16,F,22,poultry,3,0.4,TRUE,4
BW507479,BR-12,M,64,phone repair,2,5.6,False,0
BW507480,BR-05,F,45,phone repair,6,6.5,1,1
BW507481,BR-23,F,43,hairdressing,3,8.8,FALSE,6
BW507482,BR-23,F,59,food vending,9,6.6,0,1
BW507483,BR-18,F,28,farming,8,5.2,True,2
BW507484,BR-15,M,44,masonry,1,2.7,0,0
BW507485,BR-19,F,60,food vending,5,0.4,True,0
BW507486,BR-10,M,39,hairdressing,12,2.0,yes,3
BW507487,BR-16,M,60,phone repair,11,6.7,yes,9
BW507488,BR-23,M,46,retail shop,2,8.9,False,2
BW507489,BR-06,F,28,hairdressing,12,6.9,FALSE,0
BW507490,BR-15,F,41,poultry,5,6.1,FALSE,3
BW507491,BR-17,F,49,hairdressing,11,7.5,FALSE,3
BW507492,BR-23,F,23,petty trade,1,4.2,1,4
BW507493,BR-09,M,63,poultry,9,3.4,True,6
BW507494,BR-12,F,54,petty trade,5,1.7,no,0
BW507495,BR-20,F,22,poultry,12,9.5,True,1
BW507496,BR-09,F,27,farming,3,6.4,FALSE,1
BW507497,BR-02,F,33,food vending,1,1.0,1,9
BW507498,BR-17,F,51,retail shop,12,5.8,1,0
BW507499,BR-08,M,42,food vending,3,8.5,FALSE,6
BW507500,BR-24,F,41,food vending,8,8.7,yes,1
BW507501,BR-03,M,33,masonry,2,18.1,TRUE,0
BW507502,BR-07,F,27,food vending,1,7.3,TRUE,0
BW507503,BR-20,M,47,tailoring,11,9.1,False,6
BW507504,BR-07,M,19,phone repair,8,8.3,FALSE,0
BW507505,BR-14,F,52,masonry,4,5.4,FALSE,0
BW507506,BR-16,F,50,hairdressing,8,8.8,1,9
BW507507,BR-03,M,52,masonry,2,6.2,1,4
BW507508,BR-14,M,32,teaching,4,3.3,1,0
BW507509,BR-23,F,44,phone repair,11,6.3,True,3
BW507510,BR-19,F,45,masonry,7,17.0,TRUE,6
BW507511,BR-09,F,51,retail shop,5,2.9,1,0
BW507512,BR-18,M,56,phone repair,10,10.5,True,9
BW507513,BR-07,M,53,phone repair,12,5.0,yes,3
BW507514,BR-11,F,52,retail shop,5,5.5,FALSE,0
BW507515,BR-19,F,27,farming,7,4.3,no,3
BW507516,BR-24,F,60,hairdressing,10,8.2,1,3
BW507517,BR-12,F,45,teaching,10,1.3,TRUE,9
BW507518,BR-11,F,58,tailoring,2,3.1,1,0
BW507519,BR-16,M,30,carpentry,9,3.4,False,6
BW507520,BR-07,F,47,poultry,1,8.3,0,4
BW507521,BR-20,F,30,phone repair,10,5.0,yes,4
BW507522,BR-10,M,23,food vending,9,11.3,True,6
BW507523,BR-03,M,29,farming,12,0.9,TRUE,1
BW507524,BR-02,F,36,food vending,5,1.0,0,0
BW507525,BR-20,F,57,food vending,1,2.3,0,0
BW507526,BR-17,F,25,teaching,11,0.6,yes,4
BW507527,BR-21,M,36,poultry,11,5.7,no,0
BW507528,BR-22,M,43,farming,10,1.8,0,0
BW507529,BR-15,M,31,carpentry,1,5.8,no,1
BW507530,BR-19,F,54,carpentry,11,2.9,yes,3
BW507531,BR-22,F,49,poultry,1,1.5,False,6
BW507532,BR-03,F,21,farming,4,10.8,False,4
BW507533,BR-21,F,49,carpentry,9,5.5,TRUE,1
BW507534,BR-09,M,33,teaching,3,6.9,False,1
BW507535,BR-23,F,64,teaching,3,12.2,TRUE,6
BW507536,BR-01,F,33,masonry,5,12.4,no,6
BW507537,BR-08,F,53,masonry,5,10.6,no,1
BW507538,BR-12,F,28,teaching,11,1.8,no,0
BW507539,BR-24,M,34,poultry,5,5.4,True,1
BW507540,BR-13,M,64,carpentry,8,6.3,True,1
BW507541,BR-23,F,63,farming,7,1.6,yes,0
BW507542,BR-22,F,35,farming,10,2.7,FALSE,9
BW507543,BR-20,F,59,food vending,1,4.3,no,6
BW507544,BR-19,F,61,food vending,9,10.1,0,0
BW507545,BR-08,F,23,farming,9,5.1,False,4
BW507546,BR-01,M,43,food vending,3,6.3,no,3
BW507547,BR-24,F,39,masonry,12,9.5,yes,1
BW507548,BR-22,M,58,phone repair,7,5.8,0,0
BW507549,BR-16,F,49,food vending,1,7.9,0,2
BW507550,BR-20,F,50,poultry,5,1.1,0,9
BW507551,BR-12,M,64,poultry,8,1.3,1,6
BW507552,BR-15,F,38,farming,9,16.6,TRUE,0
BW507553,BR-14,F,29,tailoring,12,6.7,False,0
BW507554,BR-08,F,35,transport,7,4.5,True,4
BW507555,BR-24,F,58,transport,5,1.1,0,4
BW507556,BR-07,M,48,phone repair,7,13.2,yes,1
BW507557,BR-16,M,53,retail shop,6,4.4,no,3
BW507558,BR-23,M,56,farming,4,1.3,TRUE,6
BW507559,BR-20,F,56,masonry,5,9.3,1,4
BW507560,BR-09,M,47,tailoring,8,0.6,1,0
BW507561,BR-15,M,38,retail shop,8,5.8,1,1
BW507562,BR-14,F,61,farming,7,2.8,0,9
BW507563,BR-16,F,64,teaching,10,1.9,1,9
BW507564,BR-07,F,22,food vending,7,1.0,yes,4
BW507565,BR-20,F,56,retail shop,12,0.8,False,1
BW507566,BR-02,M,53,teaching,1,3.7,TRUE,1
BW507567,BR-21,F,50,phone repair,4,6.5,TRUE,0
BW507568,BR-13,M,49,transport,11,10.2,TRUE,0
BW507569,BR-24,F,49,transport,1,7.8,True,4
BW507570,BR-24,M,42,hairdressing,10,7.6,yes,2
BW507571,BR-05,F,22,food vending,2,5.1,1,4
BW507572,BR-17,F,27,petty trade,5,3.2,no,1
BW507573,BR-20,F,46,transport,4,6.9,True,6
BW507574,BR-05,M,49,farming,12,4.4,yes,1
BW507575,BR-18,F,25,phone repair,10,9.4,yes,4
BW507576,BR-06,F,30,masonry,5,12.0,False,1
BW507577,BR-11,M,19,masonry,1,15.8,no,0
BW507578,BR-05,F,63,petty trade,12,9.9,no,9
BW507579,BR-05,F,42,hairdressing,10,2.6,1,0
BW507580,BR-17,M,44,food vending,2,5.2,1,0
BW507581,BR-18,F,54,poultry,10,2.0,True,1
BW507582,BR-17,M,34,carpentry,7,0.8,yes,0
BW507583,BR-18,F,61,petty trade,4,6.0,yes,6
BW507584,BR-11,F,64,farming,6,7.4,FALSE,1
BW507585,BR-20,F,20,teaching,10,8.8,True,0
BW507586,BR-02,M,62,carpentry,8,11.4,0,0
BW507587,BR-08,F,48,retail shop,8,8.0,1,3
BW507588,BR-15,F,24,tailoring,1,2.4,no,1
BW507589,BR-14,M,36,transport,2,5.3,yes,4
BW507590,BR-09,F,31,hairdressing,7,9.5,True,4
BW507591,BR-18,M,62,poultry,9,0.4,False,4
BW507592,BR-13,F,58,masonry,5,8.6,False,2
BW507593,BR-04,F,23,carpentry,11,4.7,False,1
BW507594,BR-01,F,39,transport,3,1.8,no,1
BW507595,BR-06,F,44,transport,8,12.0,no,2
BW507596,BR-17,M,43,hairdressing,5,3.2,True,6
BW507597,BR-09,F,31,transport,10,2.2,yes,1
BW507598,BR-24,M,23,phone repair,1,2.2,no,1
BW507599,BR-19,F,31,food vending,4,3.2,0,2
BW507600,BR-19,F,43,masonry,9,9.8,0,0
BW507601,BR-04,F,39,poultry,9,5.3,0,0
BW507602,BR-02,F,23,masonry,10,12.9,False,4
BW507603,BR-05,M,24,carpentry,12,9.8,1,6
BW507604,BR-01,F,60,tailoring,1,3.5,0,6
BW507605,BR-22,F,20,phone repair,9,2.8,TRUE,0
BW507606,BR-11,F,60,masonry,1,3.6,False,3
BW507607,BR-03,F,63,teaching,6,8.1,no,3
BW507608,BR-01,F,31,phone repair,1,7.0,False,0
BW507609,BR-11,F,19,transport,3,11.8,True,1
BW507610,BR-13,F,58,phone repair,6,4.5,yes,0
BW507611,BR-16,F,60,carpentry,3,9.7,False,0
BW507612,BR-18,M,46,food vending,9,7.5,no,1
BW507613,BR-20,F,30,tailoring,5,6.6,no,0
BW507614,BR-02,F,20,petty trade,8,5.7,True,4
BW507615,BR-16,F,57,transport,10,10.2,1,3
BW507616,BR-23,F,35,teaching,3,8.0,FALSE,9
BW507617,BR-23,F,29,transport,3,2.1,yes,1
BW507618,BR-18,M,40,petty trade,1,0.4,no,1
BW507619,BR-11,M,57,masonry,3,9.2,FALSE,3
BW507620,BR-17,M,49,tailoring,10,7.6,yes,2
BW507621,BR-24,F,56,petty trade,3,11.0,no,0
BW507622,BR-16,M,58,carpentry,12,1.5,yes,6
BW507623,BR-03,F,42,petty trade,8,2.0,yes,9
BW507624,BR-22,F,24,carpentry,12,4.3,1,6
BW507625,BR-10,F,41,hairdressing,7,8.1,1,0
BW507626,BR-19,F,55,carpentry,6,0.6,1,6
BW507627,BR-21,F,55,teaching,7,8.6,TRUE,1
BW507628,BR-06,M,59,food vending,4,7.1,False,0
BW507629,BR-20,M,41,masonry,6,6.2,yes,9
BW507630,BR-01,M,35,phone repair,1,2.5,1,0
BW507631,BR-09,M,24,hairdressing,6,1.1,False,1
BW507632,BR-01,F,20,food vending,8,8.9,yes,1
BW507633,BR-10,M,41,hairdressing,4,2.6,TRUE,3
BW507634,BR-18,F,61,tailoring,9,7.6,TRUE,0
BW507635,BR-05,F,62,masonry,9,10.5,1,1
BW507636,BR-21,M,39,transport,8,0.9,0,4
BW507637,BR-02,F,26,transport,11,6.0,0,3
BW507638,BR-03,M,21,transport,4,1.2,yes,9
BW507639,BR-11,F,42,retail shop,9,0.5,no,9
BW507640,BR-04,M,46,masonry,12,4.7,True,4
BW507641,BR-07,F,56,masonry,4,10.2,TRUE,6
BW507642,BR-17,F,56,farming,11,4.3,no,6
BW507643,BR-18,F,38,teaching,11,6.7,yes,3
BW507644,BR-06,M,51,masonry,10,0.3,no,1
BW507645,BR-19,F,28,phone repair,5,7.5,1,4
BW507646,BR-07,F,50,transport,1,2.1,no,0
BW507647,BR-17,M,47,masonry,4,11.2,False,9
BW507648,BR-01,M,24,petty trade,11,9.2,0,3
BW507649,BR-15,F,52,farming,9,7.8,FALSE,1
BW507650,BR-16,F,64,phone repair,6,2.5,yes,0
BW507651,BR-02,M,25,retail shop,10,4.4,TRUE,0
BW507652,BR-05,M,53,carpentry,6,3.8,False,4
BW507653,BR-24,F,28,teaching,4,9.2,yes,0
BW507654,BR-05,M,60,transport,7,5.6,no,0
BW507655,BR-21,M,42,transport,8,6.1,True,0
BW507656,BR-24,M,63,transport,12,4.6,FALSE,2
BW507657,BR-12,F,62,poultry,3,3.7,0,2
BW507658,BR-03,M,62,hairdressing,7,5.7,0,0
BW507659,BR-04,M,27,retail shop,8,7.4,yes,9
BW507660,BR-04,M,59,retail shop,6,4.5,True,0
BW507661,BR-14,F,62,tailoring,3,2.2,FALSE,0
BW507662,BR-17,M,24,poultry,5,4.4,1,2
BW507663,BR-22,M,27,farming,8,9.3,TRUE,0
BW507664,BR-05,F,51,teaching,9,2.7,1,0
BW507665,BR-21,F,30,teaching,6,7.4,1,6
BW507666,BR-06,M,59,transport,6,6.0,0,2
BW507667,BR-12,M,56,transport,4,9.5,yes,1
BW507668,BR-12,M,20,phone repair,4,5.9,TRUE,1
BW507669,BR-10,M,60,poultry,3,7.7,True,1
BW507670,BR-08,F,52,teaching,8,1.4,True,2
BW507671,BR-02,M,26,phone repair,11,6.5,no,1
BW507672,BR-13,F,59,petty trade,9,7.7,TRUE,0
BW507673,BR-11,M,44,farming,8,5.3,False,0
BW507674,BR-03,M,48,petty trade,8,8.4,TRUE,2
BW507675,BR-17,F,47,phone repair,10,5.1,True,6
BW507676,BR-04,M,34,hairdressing,4,3.7,FALSE,3
BW507677,BR-10,F,39,poultry,6,8.8,True,2
BW507678,BR-24,F,46,poultry,2,7.3,TRUE,2
BW507679,BR-03,M,54,hairdressing,9,6.9,FALSE,9
BW507680,BR-09,F,49,hairdressing,4,3.3,0,0
BW507681,BR-08,M,31,teaching,7,2.6,True,1
BW507682,BR-23,M,41,food vending,6,1.7,1,3
BW507683,BR-18,F,62,carpentry,9,11.8,TRUE,1
BW507684,BR-23,M,44,hairdressing,1,8.6,FALSE,2
BW507685,BR-20,F,46,tailoring,12,1.7,no,0
BW507686,BR-21,M,35,hairdressing,6,8.9,True,0
BW507687,BR-10,F,62,farming,7,7.7,yes,2
BW507688,BR-11,F,52,farming,1,5.7,0,0
BW507689,BR-16,F,51,masonry,10,0.8,no,0
BW507690,BR-17,F,59,hairdressing,2,0.6,1,6
BW507691,BR-08,F,29,tailoring,10,5.0,no,4
BW507692,BR-04,F,46,food vending,10,5.8,True,1
BW507693,BR-03,F,63,carpentry,12,2.2,1,0
BW507694,BR-17,F,53,phone repair,1,8.2,False,4
BW507695,BR-05,M,44,poultry,3,12.8,no,1
BW507696,BR-01,F,62,transport,11,6.2,TRUE,4
BW507697,BR-24,M,24,teaching,4,14.8,yes,9
BW507698,BR-15,M,51,masonry,11,6.7,yes,4
BW507699,BR-22,F,33,carpentry,10,4.5,TRUE,9
BW507700,BR-20,M,28,farming,7,6.5,0,6
BW507701,BR-17,F,62,poultry,11,4.6,no,0
BW507702,BR-09,F,21,masonry,4,3.4,True,0
BW507703,BR-17,F,29,masonry,5,4.8,0,4
BW507704,BR-02,M,26,phone repair,7,6.2,0,1
BW507705,BR-07,F,61,masonry,2,9.2,yes,3
BW507706,BR-13,M,53,hairdressing,1,11.0,no,2
BW507707,BR-21,F,34,teaching,10,11.8,0,1
BW507708,BR-06,M,33,transport,12,9.4,yes,0
BW507709,BR-02,F,54,retail shop,10,5.2,True,0
BW507710,BR-12,F,30,carpentry,6,6.4,TRUE,6
BW507711,BR-13,F,32,poultry,9,8.9,FALSE,6
BW507712,BR-15,M,44,phone repair,2,0.8,1,6
BW507713,BR-16,F,53,poultry,1,10.2,FALSE,3
BW507714,BR-04,F,41,farming,3,5.0,no,1
BW507715,BR-07,M,63,petty trade,1,4.6,True,4
BW507716,BR-21,F,26,farming,3,5.5,0,9
BW507717,BR-06,F,63,carpentry,10,1.4,FALSE,0
BW507718,BR-06,F,55,hairdressing,4,5.5,True,1
BW507719,BR-02,F,60,poultry,11,1.1,TRUE,1
BW507720,BR-12,F,42,farming,2,2.9,1,1
BW507721,BR-17,F,46,tailoring,4,7.3,TRUE,1
BW507722,BR-09,M,56,teaching,1,10.3,FALSE,1
BW507723,BR-16,M,63,transport,3,10.2,no,3
BW507724,BR-13,F,56,hairdressing,9,4.7,1,1
BW507725,BR-03,M,43,farming,9,7.9,True,0
BW507726,BR-22,M,50,petty trade,3,10.0,0,4
BW507727,BR-22,M,24,phone repair,12,4.3,1,3
BW507728,BR-21,F,24,petty trade,11,10.3,FALSE,2
BW507729,BR-02,F,23,phone repair,5,6.6,TRUE,9
BW507730,BR-19,M,62,food vending,2,7.7,0,4
BW507731,BR-14,M,49,masonry,3,6.9,False,4
BW507732,BR-06,F,21,teaching,8,8.2,False,1
BW507733,BR-16,M,33,tailoring,9,9.2,1,3
BW507734,BR-02,F,42,food vending,10,8.3,yes,6
BW507735,BR-14,F,30,masonry,3,6.3,yes,9
BW507736,BR-22,F,59,petty trade,6,5.9,True,0
BW507737,BR-04,M,36,farming,11,7.8,yes,4
BW507738,BR-21,F,30,retail shop,8,12.9,TRUE,6
BW507739,BR-06,F,20,farming,10,13.1,TRUE,9
BW507740,BR-20,F,61,masonry,8,3.4,no,2
BW507741,BR-05,M,19,masonry,8,6.0,TRUE,0
BW507742,BR-13,M,43,poultry,2,3.4,False,1
BW507743,BR-18,M,21,masonry,11,5.9,True,1
BW507744,BR-21,F,40,masonry,12,7.3,no,1
BW507745,BR-24,F,19,hairdressing,12,5.9,no,2
BW507746,BR-21,M,30,teaching,12,2.0,1,0
BW507747,BR-20,M,38,teaching,12,14.1,1,2
BW507748,BR-14,F,38,tailoring,12,10.1,False,2
BW507749,BR-16,F,19,tailoring,8,5.0,yes,1
BW507750,BR-13,F,42,food vending,6,9.9,yes,3
BW507751,BR-12,F,61,hairdressing,9,5.7,TRUE,0
BW507752,BR-06,F,22,phone repair,12,3.4,0,0
BW507753,BR-11,F,39,hairdressing,4,0.4,False,4
BW507754,BR-04,F,59,petty trade,10,0.4,False,1
BW507755,BR-13,F,27,teaching,12,4.4,TRUE,3
BW507756,BR-12,M,51,farming,2,1.6,FALSE,0
BW507757,BR-10,F,45,hairdressing,6,3.1,TRUE,9
BW507758,BR-19,M,22,teaching,10,1.6,False,0
BW507759,BR-21,F,47,hairdressing,12,10.8,0,3
BW507760,BR-12,F,48,carpentry,7,9.8,yes,6
BW507761,BR-12,F,40,tailoring,12,1.3,TRUE,3
BW507762,BR-16,F,60,poultry,10,2.0,True,6
BW507763,BR-13,M,48,carpentry,10,2.2,1,0
BW507764,BR-08,F,34,retail shop,10,6.1,yes,4
BW507765,BR-13,F,22,carpentry,7,7.6,FALSE,0
BW507766,BR-07,M,43,food vending,3,8.1,FALSE,9
BW507767,BR-06,M,57,masonry,12,3.1,False,3
BW507768,BR-02,M,57,hairdressing,9,3.7,1,4
BW507769,BR-01,M,23,phone repair,10,11.8,no,1
BW507770,BR-15,M,50,retail shop,7,8.8,True,2
BW507771,BR-10,M,47,teaching,2,0.5,False,9
BW507772,BR-08,M,43,carpentry,10,9.3,False,0
BW507773,BR-22,F,45,farming,4,6.7,False,0
BW507774,BR-09,M,60,tailoring,11,11.1,False,1
BW507775,BR-16,M,19,retail shop,12,0.6,True,3
BW507776,BR-06,M,57,petty trade,6,6.4,1,6
BW507777,BR-18,F,28,hairdressing,6,5.9,no,9
BW507778,BR-07,F,53,masonry,6,0.3,1,3
BW507779,BR-19,M,53,tailoring,2,9.1,1,9
BW507780,BR-06,F,40,masonry,6,1.3,0,0
BW507781,BR-06,F,56,hairdressing,1,8.2,FALSE,2
BW507782,BR-11,F,37,transport,4,6.1,0,2
BW507783,BR-08,M,28,poultry,11,10.9,0,0
BW507784,BR-05,M,62,tailoring,10,1.2,FALSE,2
BW507785,BR-22,F,58,retail shop,10,3.8,0,0
BW507786,BR-10,F,49,phone repair,9,9.6,yes,0
BW507787,BR-17,F,34,masonry,1,0.7,True,3
BW507788,BR-17,M,58,tailoring,1,0.4,False,0
BW507789,BR-20,M,61,carpentry,1,0.8,False,0
BW507790,BR-10,M,62,poultry,8,3.4,0,9
BW507791,BR-23,F,46,carpentry,11,7.8,0,6
BW507792,BR-06,M,27,phone repair,11,13.9,TRUE,1
BW507793,BR-14,M,54,farming,11,8.3,FALSE,2
BW507794,BR-12,F,30,phone repair,8,16.2,no,0
BW507795,BR-23,M,55,tailoring,11,1.2,False,3
BW507796,BR-08,F,41,tailoring,4,4.7,no,2
BW507797,BR-09,F,54,poultry,11,7.5,no,6
BW507798,BR-17,F,62,poultry,5,2.6,1,1
BW507799,BR-24,F,23,carpentry,2,1.8,0,3
BW507800,BR-05,M,43,masonry,2,8.1,FALSE,9
BW507801,BR-12,F,52,phone repair,6,1.2,TRUE,0
BW507802,BR-18,M,24,petty trade,3,2.0,TRUE,2
BW507803,BR-19,F,19,petty trade,3,6.3,FALSE,6
BW507804,BR-08,F,24,retail shop,11,8.0,no,3
BW507805,BR-20,F,36,retail shop,5,14.0,no,6
BW507806,BR-11,F,26,tailoring,7,8.1,0,3
BW507807,BR-17,F,46,tailoring,8,11.3,FALSE,0
BW507808,BR-06,F,58,food vending,10,12.2,0,1
BW507809,BR-10,F,49,masonry,6,1.5,TRUE,0
BW507810,BR-09,F,64,farming,10,1.4,0,9
BW507811,BR-13,M,56,farming,1,2.1,FALSE,4
BW507812,BR-10,M,33,masonry,11,1.6,FALSE,9
BW507813,BR-16,F,47,masonry,6,14.9,no,0
BW507814,BR-12,M,51,phone repair,9,2.2,True,6
BW507815,BR-16,F,57,food vending,8,11.8,FALSE,0
BW507816,BR-05,F,43,farming,8,5.5,FALSE,4
BW507817,BR-09,M,27,petty trade,10,1.9,TRUE,1
BW507818,BR-07,M,25,poultry,7,0.7,yes,2
BW507819,BR-18,M,50,phone repair,9,9.6,1,0
BW507820,BR-07,F,52,carpentry,1,1.3,TRUE,4
BW507821,BR-20,F,26,carpentry,9,9.8,1,2
BW507822,BR-19,M,19,hairdressing,5,0.9,FALSE,6
BW507823,BR-05,M,38,retail shop,1,10.9,FALSE,4
BW507824,BR-19,F,23,food vending,4,8.6,0,4
BW507825,BR-10,F,64,poultry,12,8.9,1,0
BW507826,BR-22,F,35,hairdressing,1,13.2,FALSE,0
BW507827,BR-17,M,61,poultry,4,1.6,no,2
BW507828,BR-01,F,21,phone repair,12,9.6,yes,3
BW507829,BR-18,F,29,hairdressing,7,4.9,0,3
BW507830,BR-15,M,42,food vending,4,8.3,FALSE,6
BW507831,BR-04,M,27,petty trade,5,6.0,yes,3
BW507832,BR-01,F,40,masonry,12,9.2,False,1
BW507833,BR-18,F,60,transport,10,8.7,1,4
BW507834,BR-01,F,50,retail shop,10,0.4,no,0
BW507835,BR-20,F,37,masonry,11,2.8,TRUE,0
BW507836,BR-14,F,48,tailoring,1,7.0,0,6
BW507837,BR-21,M,50,retail shop,12,7.8,1,4
BW507838,BR-13,F,51,phone repair,11,2.3,False,1
BW507839,BR-14,M,41,food vending,12,2.4,0,0
BW507840,BR-20,F,59,carpentry,11,7.0,yes,1
BW507841,BR-08,F,53,farming,10,5.9,FALSE,6
BW507842,BR-16,F,56,poultry,11,9.6,no,6
BW507843,BR-20,M,25,hairdressing,4,3.6,no,1
BW507844,BR-16,M,34,poultry,12,7.7,TRUE,0
BW507845,BR-06,M,61,carpentry,1,3.4,0,9
BW507846,BR-24,M,45,carpentry,3,6.0,True,0
BW507847,BR-22,M,39,poultry,2,3.4,0,6
BW507848,BR-15,F,49,carpentry,1,1.0,False,3
BW507849,BR-15,F,29,food vending,7,9.3,False,0
BW507850,BR-24,M,62,tailoring,1,1.1,FALSE,4
BW507851,BR-06,M,44,food vending,1,8.3,TRUE,4
BW507852,BR-08,M,45,teaching,5,1.7,yes,0
BW507853,BR-14,F,42,hairdressing,8,7.7,True,0
BW507854,BR-21,F,64,hairdressing,3,1.6,TRUE,0
BW507855,BR-03,M,46,phone repair,3,7.8,TRUE,3
BW507856,BR-14,F,62,teaching,1,10.5,1,1
BW507857,BR-20,F,61,teaching,6,7.9,False,1
BW507858,BR-02,F,38,poultry,12,11.3,no,9
BW507859,BR-22,F,43,poultry,6,9.3,1,1
BW507860,BR-05,F,49,petty trade,7,4.6,no,0
BW507861,BR-04,F,46,transport,5,4.5,yes,4
BW507862,BR-03,F,47,food vending,6,7.7,False,1
BW507863,BR-13,F,61,phone repair,1,11.1,TRUE,9
BW507864,BR-18,F,41,tailoring,9,2.0,True,1
BW507865,BR-04,F,23,food vending,7,4.2,FALSE,9
BW507866,BR-10,M,35,poultry,7,8.6,1,6
BW507867,BR-11,M,26,teaching,11,5.9,0,0
BW507868,BR-10,F,50,petty trade,3,12.3,yes,4
BW507869,BR-16,M,25,teaching,6,4.1,FALSE,6
BW507870,BR-05,M,47,food vending,4,11.0,False,2
BW507871,BR-14,M,58,tailoring,2,11.8,yes,6
BW507872,BR-14,M,43,hairdressing,4,10.5,0,2
BW507873,BR-20,F,32,petty trade,7,0.5,TRUE,6
BW507874,BR-24,M,39,carpentry,1,7.5,FALSE,1
BW507875,BR-02,F,59,masonry,10,3.6,FALSE,1
BW507876,BR-04,F,56,farming,11,1.7,TRUE,3
BW507877,BR-18,F,24,hairdressing,12,2.6,0,1
BW507878,BR-22,M,32,poultry,3,1.3,False,1
BW507879,BR-10,M,35,carpentry,4,3.2,False,3
BW507880,BR-19,M,29,petty trade,7,6.9,yes,4
BW507881,BR-22,F,61,masonry,7,3.3,True,0
BW507882,BR-09,F,63,phone repair,3,5.7,True,1
BW507883,BR-04,F,46,masonry,6,9.6,0,2
BW507884,BR-07,F,34,masonry,9,11.7,0,9
BW507885,BR-05,F,29,transport,8,1.7,yes,0
BW507886,BR-10,M,49,tailoring,6,3.6,FALSE,0
BW507887,BR-06,F,49,masonry,5,7.8,0,3
BW507888,BR-03,F,27,masonry,12,5.2,True,1
BW507889,BR-11,M,54,food vending,4,10.6,no,0
BW507890,BR-17,M,60,hairdressing,1,2.2,FALSE,4
BW507891,BR-06,M,24,transport,3,0.2,yes,9
BW507892,BR-07,M,32,carpentry,12,4.0,yes,9
BW507893,BR-14,F,21,masonry,6,13.0,no,0
BW507894,BR-06,F,37,tailoring,10,0.3,True,0
BW507895,BR-20,F,53,masonry,11,9.9,0,2
BW507896,BR-16,M,53,hairdressing,3,5.7,0,0
BW507897,BR-01,M,25,poultry,7,4.3,TRUE,9
BW507898,BR-06,M,27,poultry,10,0.6,False,3
BW507899,BR-04,F,25,transport,9,6.1,FALSE,2
BW507900,BR-20,M,25,phone repair,2,5.2,no,3
BW507901,BR-11,M,33,poultry,5,6.0,0,1
BW507902,BR-02,F,53,hairdressing,11,3.0,0,6
BW507903,BR-12,M,39,transport,11,8.2,FALSE,3
BW507904,BR-10,F,52,carpentry,10,3.5,True,0
BW507905,BR-17,M,37,food vending,9,8.9,yes,2
BW507906,BR-08,F,38,carpentry,4,9.0,0,1
BW507907,BR-21,F,64,transport,9,3.7,yes,4
BW507908,BR-09,F,34,masonry,10,7.1,0,2
BW507909,BR-05,M,43,phone repair,3,2.1,1,3
BW507910,BR-15,M,50,transport,12,13.7,0,1
BW507911,BR-14,F,22,carpentry,10,14.8,0,0
BW507912,BR-04,F,42,masonry,2,8.7,yes,6
BW507913,BR-21,M,47,transport,9,7.3,1,1
BW507914,BR-12,F,49,masonry,8,7.0,False,1
BW507915,BR-18,F,39,farming,3,0.8,FALSE,1
BW507916,BR-20,F,52,transport,8,2.6,True,1
BW507917,BR-14,M,53,tailoring,1,5.7,False,0
BW507918,BR-14,F,30,food vending,9,15.0,0,9
BW507919,BR-08,F,38,carpentry,7,13.5,TRUE,9
BW507920,BR-10,M,28,masonry,7,5.4,0,4
BW507921,BR-05,F,31,tailoring,3,3.0,FALSE,6
BW507922,BR-17,M,40,phone repair,1,3.5,0,9
BW507923,BR-04,F,51,hairdressing,12,1.1,True,1
BW507924,BR-22,M,34,tailoring,11,6.1,False,4
BW507925,BR-16,F,26,teaching,4,2.0,0,1
BW507926,BR-16,F,27,hairdressing,1,1.3,FALSE,9
BW507927,BR-21,M,20,poultry,10,0.4,TRUE,1
BW507928,BR-11,M,48,carpentry,11,3.3,TRUE,9
BW507929,BR-21,F,33,tailoring,2,4.6,1,3
BW507930,BR-22,F,63,retail shop,9,5.8,TRUE,0
BW507931,BR-18,F,30,transport,12,2.7,0,3
BW507932,BR-12,F,37,petty trade,5,10.4,0,1
BW507933,BR-04,F,57,retail shop,1,6.7,True,1
BW507934,BR-12,F,35,phone repair,9,0.2,no,6
BW507935,BR-14,F,30,tailoring,8,5.2,TRUE,2
BW507936,BR-09,F,27,carpentry,7,2.9,1,2
BW507937,BR-09,M,33,poultry,12,0.8,1,0
BW507938,BR-06,F,35,retail shop,8,6.5,TRUE,3
BW507939,BR-01,F,60,retail shop,12,7.3,no,9
BW507940,BR-19,F,55,teaching,5,6.3,FALSE,1
BW507941,BR-23,F,45,food vending,7,1.4,0,4
BW507942,BR-03,M,21,transport,2,7.1,False,1
BW507943,BR-15,M,63,petty trade,2,0.9,True,0
BW507944,BR-03,M,19,teaching,1,6.5,no,9
BW507945,BR-06,F,39,transport,5,1.5,no,4
BW507946,BR-12,F,22,retail shop,11,0.7,yes,1
BW507947,BR-01,M,35,tailoring,7,5.9,yes,3
BW507948,BR-07,F,27,teaching,1,0.4,1,6
BW507949,BR-12,F,45,carpentry,10,2.5,yes,4
BW507950,BR-14,M,42,hairdressing,12,6.9,1,1
BW507951,BR-08,F,51,farming,5,9.2,1,4
BW507952,BR-16,F,58,masonry,9,6.2,True,2
BW507953,BR-05,F,21,phone repair,10,0.5,FALSE,6
BW507954,BR-04,F,22,hairdressing,7,6.4,TRUE,4
BW507955,BR-13,F,46,food vending,11,6.7,no,2
BW507956,BR-05,M,46,tailoring,1,5.3,True,2
BW507957,BR-01,M,64,teaching,6,15.5,1,0
BW507958,BR-12,F,60,tailoring,4,7.7,0,4
BW507959,BR-03,M,40,teaching,9,3.0,0,3
BW507960,BR-18,F,45,phone repair,2,9.3,FALSE,1
BW507961,BR-17,M,63,retail shop,4,7.2,FALSE,9
BW507962,BR-20,F,20,transport,5,9.2,False,1
BW507963,BR-03,F,40,petty trade,2,9.7,FALSE,1
BW507964,BR-07,M,64,hairdressing,2,7.7,0,0
BW507965,BR-14,M,23,food vending,2,1.6,1,2
BW507966,BR-24,M,27,masonry,11,10.2,0,1
BW507967,BR-09,F,45,tailoring,4,0.8,True,9
BW507968,BR-17,M,27,tailoring,9,6.5,FALSE,4
BW507969,BR-06,F,21,carpentry,4,11.2,0,0
BW507970,BR-17,F,57,tailoring,11,6.6,yes,3
BW507971,BR-14,F,57,teaching,11,3.1,FALSE,1
BW507972,BR-12,M,29,phone repair,6,5.6,0,6
BW507973,BR-04,F,32,retail shop,9,11.6,0,0
BW507974,BR-21,F,57,farming,5,10.3,0,0
BW507975,BR-03,F,32,phone repair,4,5.2,True,4
BW507976,BR-08,M,50,hairdressing,6,5.5,False,9
BW507977,BR-16,M,19,farming,3,2.5,1,0
BW507978,BR-02,M,23,petty trade,11,2.6,False,4
BW507979,BR-23,F,20,farming,11,10.2,yes,4
BW507980,BR-12,F,22,poultry,8,2.0,FALSE,0
BW507981,BR-17,F,58,food vending,8,8.3,FALSE,3
BW507982,BR-10,M,61,tailoring,6,6.3,no,1
BW507983,BR-21,F,44,carpentry,7,8.0,FALSE,6
BW507984,BR-03,F,30,food vending,5,3.9,True,1
BW507985,BR-13,M,41,phone repair,8,5.1,1,0
BW507986,BR-23,F,28,teaching,10,3.3,TRUE,3
BW507987,BR-10,F,19,poultry,7,5.9,yes,6
BW507988,BR-05,M,53,petty trade,8,3.8,True,0
BW507989,BR-04,F,61,food vending,2,5.9,True,6
BW507990,BR-02,M,47,hairdressing,8,11.1,0,3
BW507991,BR-24,F,32,retail shop,6,2.1,False,2
BW507992,BR-09,M,25,teaching,10,11.4,no,0
BW507993,BR-06,M,47,phone repair,7,3.7,yes,6
BW507994,BR-08,F,62,retail shop,11,5.4,True,1
BW507995,BR-10,F,58,hairdressing,6,0.3,0,4
BW507996,BR-02,F,50,hairdressing,7,5.2,FALSE,2
BW507997,BR-10,F,39,retail shop,1,0.7,0,2
BW507998,BR-16,M,24,carpentry,2,5.1,no,9
BW507999,BR-15,F,37,hairdressing,3,6.2,True,4
BW508000,BR-05,M,57,transport,5,8.0,1,1
BW508001,BR-06,M,56,tailoring,10,7.7,yes,0
BW508002,BR-17,F,36,food vending,2,7.0,yes,1
BW508003,BR-16,M,23,farming,9,3.5,FALSE,1
BW508004,BR-08,M,22,food vending,10,8.7,yes,0
BW508005,BR-03,M,52,tailoring,2,1.2,1,1
BW508006,BR-20,F,28,phone repair,5,0.8,no,4
BW508007,BR-10,F,62,hairdressing,1,10.1,no,0
BW508008,BR-09,M,42,retail shop,5,8.2,0,1
BW508009,BR-15,F,38,masonry,3,4.5,yes,1
BW508010,BR-02,F,19,farming,7,0.3,False,0
BW508011,BR-01,M,38,farming,10,2.8,no,2
BW508012,BR-16,F,25,carpentry,12,6.8,FALSE,0
BW508013,BR-08,F,51,petty trade,6,6.7,1,3
BW508014,BR-14,F,36,teaching,10,4.3,FALSE,0
BW508015,BR-11,M,61,hairdressing,6,7.2,0,4
BW508016,BR-02,M,61,transport,8,5.6,False,9
BW508017,BR-16,M,47,petty trade,2,6.2,False,1
BW508018,BR-05,M,64,petty trade,3,7.8,False,0
BW508019,BR-10,F,27,masonry,11,6.2,FALSE,4
BW508020,BR-17,F,39,poultry,10,3.6,yes,0
BW508021,BR-20,F,58,tailoring,4,8.2,yes,9
BW508022,BR-09,F,42,food vending,2,3.6,False,3
BW508023,BR-21,M,27,transport,9,12.3,TRUE,6
BW508024,BR-14,F,36,hairdressing,9,0.8,False,4
BW508025,BR-05,M,48,carpentry,4,0.4,TRUE,6
BW508026,BR-01,F,55,transport,3,4.9,no,9
BW508027,BR-07,F,29,phone repair,3,4.3,1,4
BW508028,BR-04,F,29,phone repair,12,1.2,FALSE,1
BW508029,BR-08,F,53,masonry,12,1.9,0,6
BW508030,BR-02,M,47,masonry,2,3.5,1,3
BW508031,BR-04,M,19,transport,1,8.0,1,1
BW508032,BR-02,F,44,petty trade,6,6.4,True,1
BW508033,BR-06,F,35,transport,9,3.2,FALSE,0
BW508034,BR-09,M,35,teaching,4,12.3,0,0
BW508035,BR-12,F,42,retail shop,10,2.2,TRUE,1
BW508036,BR-03,F,44,masonry,7,14.1,yes,1
BW508037,BR-05,F,53,carpentry,1,7.6,yes,4
BW508038,BR-14,F,21,phone repair,12,1.5,0,0
BW508039,BR-19,M,44,transport,4,3.5,True,1
BW508040,BR-12,F,27,teaching,1,3.8,yes,2
BW508041,BR-06,F,22,transport,11,1.2,no,0
BW508042,BR-17,M,52,transport,6,0.8,False,1
BW508043,BR-13,M,62,carpentry,9,2.4,1,6
BW508044,BR-11,M,54,food vending,10,8.9,True,0
BW508045,BR-22,F,26,farming,7,9.7,True,1
BW508046,BR-03,F,36,teaching,2,3.1,False,1
BW508047,BR-24,M,45,farming,8,11.0,0,9
BW508048,BR-10,F,33,masonry,2,12.0,False,3
BW508049,BR-13,M,21,retail shop,4,4.0,0,1
BW508050,BR-18,F,58,petty trade,10,4.3,True,1
BW508051,BR-11,F,39,carpentry,6,4.7,FALSE,3
BW508052,BR-03,M,23,teaching,11,6.4,yes,3
BW508053,BR-21,F,34,masonry,6,4.8,no,6
BW508054,BR-09,F,47,petty trade,9,4.6,0,9
BW508055,BR-10,M,19,retail shop,1,3.2,True,2
BW508056,BR-06,F,42,food vending,6,3.4,True,0
BW508057,BR-01,F,19,petty trade,12,1.1,False,6
BW508058,BR-16,F,51,hairdressing,8,0.9,True,6
BW508059,BR-07,M,36,tailoring,7,7.3,False,4
BW508060,BR-20,M,61,poultry,6,2.5,1,1
BW508061,BR-17,F,39,petty trade,4,4.8,0,0
BW508062,BR-10,F,64,food vending,11,6.3,FALSE,9
BW508063,BR-12,F,59,tailoring,8,10.6,1,0
BW508064,BR-08,F,51,transport,8,9.8,FALSE,1
BW508065,BR-17,M,41,food vending,3,1.0,no,2
BW508066,BR-20,F,40,retail shop,10,6.2,TRUE,2
BW508067,BR-18,M,23,hairdressing,6,4.3,True,1
BW508068,BR-06,F,61,poultry,1,6.2,0,0
BW508069,BR-17,F,24,tailoring,3,6.9,0,3
BW508070,BR-06,M,19,teaching,8,5.1,no,0
BW508071,BR-04,F,50,hairdressing,10,3.6,TRUE,9
BW508072,BR-13,M,63,phone repair,4,1.3,yes,1
BW508073,BR-02,M,29,retail shop,1,2.1,True,6
BW508074,BR-03,F,51,tailoring,1,6.4,0,2
BW508075,BR-07,F,40,masonry,7,6.8,0,3
BW508076,BR-19,M,27,hairdressing,2,9.5,TRUE,9
BW508077,BR-15,F,47,teaching,7,4.6,1,3
BW508078,BR-03,F,38,retail shop,1,2.8,1,9
BW508079,BR-16,M,22,carpentry,6,0.6,0,0
BW508080,BR-09,F,56,tailoring,2,6.2,yes,1
BW508081,BR-03,M,40,phone repair,9,0.9,yes,9
BW508082,BR-18,F,63,food vending,6,6.8,1,0
BW508083,BR-12,F,39,petty trade,9,14.7,0,1
BW508084,BR-10,F,62,farming,2,9.0,no,4
BW508085,BR-06,F,62,teaching,2,3.3,True,3
BW508086,BR-08,F,23,transport,1,3.5,0,0
BW508087,BR-04,F,42,phone repair,6,9.1,False,9
BW508088,BR-14,M,26,teaching,11,3.3,no,0
BW508089,BR-14,F,31,transport,4,9.3,TRUE,6
BW508090,BR-16,F,21,food vending,4,2.4,True,6
BW508091,BR-02,F,51,teaching,12,1.9,1,3
BW508092,BR-14,M,29,retail shop,8,8.2,1,9
BW508093,BR-12,M,39,carpentry,6,0.5,False,1
BW508094,BR-10,M,60,food vending,6,3.7,True,1
BW508095,BR-06,F,25,farming,1,4.0,TRUE,6
BW508096,BR-16,M,59,teaching,12,2.9,True,4
BW508097,BR-06,F,54,tailoring,5,3.3,TRUE,4
BW508098,BR-04,F,58,farming,8,7.4,False,2
BW508099,BR-24,M,51,farming,10,2.4,no,9
BW508100,BR-11,F,52,masonry,8,8.8,FALSE,1
BW508101,BR-14,M,60,tailoring,11,9.9,TRUE,9
BW508102,BR-02,M,49,hairdressing,2,5.0,FALSE,1
BW508103,BR-11,M,38,masonry,6,5.8,1,1
BW508104,BR-07,M,48,carpentry,11,3.9,no,3
BW508105,BR-04,M,51,carpentry,6,6.3,True,6
BW508106,BR-19,F,51,petty trade,11,11.0,True,9
BW508107,BR-01,M,25,masonry,8,5.5,False,0
BW508108,BR-07,F,45,masonry,2,6.0,FALSE,0
BW508109,BR-22,M,60,transport,9,4.3,1,0
BW508110,BR-02,F,20,transport,8,3.1,yes,0
BW508111,BR-22,F,42,farming,2,0.2,1,0
BW508112,BR-02,F,51,teaching,1,6.0,True,1
BW508113,BR-08,F,24,food vending,12,1.8,yes,4
BW508114,BR-23,F,37,carpentry,7,0.5,TRUE,2
BW508115,BR-13,F,32,teaching,1,12.6,FALSE,3
BW508116,BR-18,F,52,masonry,7,0.4,1,6
BW508117,BR-03,M,57,retail shop,12,11.0,FALSE,1
BW508118,BR-16,M,40,phone repair,7,2.2,False,3
BW508119,BR-03,F,62,phone repair,2,2.9,True,9
BW508120,BR-04,F,51,tailoring,8,6.2,True,4
BW508121,BR-05,M,36,teaching,10,4.0,True,1
BW508122,BR-06,F,62,masonry,9,3.2,0,0
BW508123,BR-11,M,51,retail shop,4,5.8,True,4
BW508124,BR-11,F,23,masonry,10,8.3,False,4
BW508125,BR-13,F,27,petty trade,2,11.4,FALSE,4
BW508126,BR-07,F,29,carpentry,1,3.2,0,1
BW508127,BR-17,M,63,masonry,12,4.9,no,1
BW508128,BR-03,F,39,phone repair,5,4.9,FALSE,2
BW508129,BR-09,M,42,food vending,1,7.0,yes,4
BW508130,BR-01,F,51,phone repair,9,6.4,False,1
BW508131,BR-08,F,27,food vending,12,3.0,no,3
BW508132,BR-19,F,60,masonry,9,4.5,False,9
BW508133,BR-14,M,63,teaching,7,5.7,no,1
BW508134,BR-03,F,60,food vending,5,6.6,FALSE,1
BW508135,BR-15,F,27,teaching,4,9.5,TRUE,1
BW508136,BR-12,F,32,teaching,4,5.8,no,3
BW508137,BR-02,F,53,poultry,5,3.9,TRUE,1
BW508138,BR-08,F,53,phone repair,10,9.6,yes,6
BW508139,BR-05,F,27,phone repair,4,10.9,1,6
BW508140,BR-20,M,64,masonry,3,1.9,yes,2
BW508141,BR-06,F,40,food vending,10,0.3,True,6
BW508142,BR-09,M,38,hairdressing,2,5.3,no,1
BW508143,BR-03,M,54,poultry,12,8.6,1,9
BW508144,BR-06,F,36,phone repair,1,1.9,0,0
BW508145,BR-06,F,53,teaching,7,1.2,True,0
BW508146,BR-19,F,59,farming,2,7.3,True,1
BW508147,BR-04,F,57,carpentry,12,2.6,no,1
BW508148,BR-05,F,61,retail shop,1,0.9,True,1
BW508149,BR-16,M,58,carpentry,9,5.0,0,2
BW508150,BR-18,M,50,retail shop,12,6.3,True,1
BW508151,BR-17,F,51,petty trade,3,2.2,1,9
BW508152,BR-18,F,25,retail shop,6,8.2,False,0
BW508153,BR-24,M,22,poultry,1,7.6,0,9
BW508154,BR-12,F,44,phone repair,6,1.9,FALSE,0
BW508155,BR-22,F,34,carpentry,6,1.3,no,1
BW508156,BR-03,M,63,masonry,8,10.3,False,4
BW508157,BR-09,F,62,phone repair,4,6.7,1,9
BW508158,BR-05,F,30,food vending,1,2.3,yes,0
BW508159,BR-12,M,31,poultry,12,4.4,False,0
BW508160,BR-01,M,44,phone repair,3,6.2,TRUE,1
BW508161,BR-20,F,28,petty trade,12,7.8,TRUE,0
BW508162,BR-12,F,37,food vending,3,0.9,False,1
BW508163,BR-20,F,57,masonry,8,8.5,1,1
BW508164,BR-05,F,22,poultry,4,6.2,no,1
BW508165,BR-21,F,21,hairdressing,11,8.1,yes,9
BW508166,BR-18,F,58,farming,8,1.3,0,9
BW508167,BR-23,F,46,teaching,11,2.1,no,3
BW508168,BR-07,F,52,hairdressing,9,6.3,TRUE,2
BW508169,BR-01,M,26,transport,5,9.2,False,2
BW508170,BR-23,F,57,farming,9,6.8,False,3
BW508171,BR-11,M,20,farming,12,9.9,FALSE,1
BW508172,BR-20,F,35,hairdressing,11,5.9,False,6
BW508173,BR-01,F,56,farming,6,9.5,no,4
BW508174,BR-22,F,23,poultry,9,5.9,0,0
BW508175,BR-05,M,47,transport,6,9.6,yes,4
BW508176,BR-23,F,55,phone repair,11,0.6,TRUE,3
BW508177,BR-08,M,52,retail shop,6,2.7,FALSE,0
BW508178,BR-06,F,43,masonry,4,4.5,TRUE,1
BW508179,BR-18,M,64,phone repair,10,2.8,0,6
BW508180,BR-09,F,46,food vending,9,8.1,0,1
BW508181,BR-13,M,21,carpentry,12,2.4,0,1
BW508182,BR-21,F,56,petty trade,11,0.9,False,3
BW508183,BR-16,M,46,tailoring,7,0.4,no,0
BW508184,BR-07,F,42,poultry,8,5.4,yes,1
BW508185,BR-09,F,24,food vending,12,8.7,TRUE,2
BW508186,BR-12,M,29,hairdressing,2,7.0,yes,3
BW508187,BR-21,F,33,phone repair,8,7.8,no,3
BW508188,BR-03,M,27,carpentry,5,7.0,yes,3
BW508189,BR-08,F,42,tailoring,11,3.9,0,2
BW508190,BR-05,F,21,farming,2,11.6,yes,1
BW508191,BR-14,F,58,carpentry,9,0.6,True,9
BW508192,BR-19,F,21,carpentry,4,0.8,0,4
BW508193,BR-24,F,19,masonry,1,7.4,0,9
BW508194,BR-13,M,28,transport,5,6.3,1,9
BW508195,BR-16,F,30,farming,3,8.8,TRUE,1
BW508196,BR-23,F,52,poultry,6,2.0,TRUE,1
BW508197,BR-20,F,41,retail shop,6,4.3,False,6
BW508198,BR-18,M,23,teaching,5,7.4,TRUE,3
BW508199,BR-17,F,62,teaching,1,1.3,FALSE,1
BW508200,BR-23,M,59,petty trade,12,9.8,FALSE,4
BW508201,BR-09,F,34,teaching,2,7.8,no,1
BW508202,BR-10,M,42,tailoring,8,0.5,TRUE,2
BW508203,BR-10,F,54,hairdressing,6,1.6,True,1
BW508204,BR-03,F,27,farming,3,6.6,FALSE,2
BW508205,BR-16,F,28,carpentry,10,2.1,TRUE,3
BW508206,BR-05,M,32,carpentry,2,6.5,yes,1
BW508207,BR-19,F,37,hairdressing,8,1.3,0,9
BW508208,BR-24,F,25,transport,1,13.0,yes,1
BW508209,BR-16,M,39,hairdressing,6,2.6,1,9
BW508210,BR-22,M,61,teaching,4,5.9,no,4
BW508211,BR-03,F,34,poultry,11,1.7,yes,6
BW508212,BR-13,F,42,retail shop,3,5.6,True,4
BW508213,BR-22,M,46,poultry,1,2.7,yes,9
BW508214,BR-22,F,43,transport,6,0.9,FALSE,6
BW508215,BR-17,F,46,retail shop,4,0.3,FALSE,4
BW508216,BR-08,M,54,hairdressing,5,6.8,FALSE,1
BW508217,BR-06,F,38,carpentry,5,2.4,1,9
BW508218,BR-15,F,22,hairdressing,1,7.0,True,2
BW508219,BR-19,F,36,food vending,1,7.0,TRUE,9
BW508220,BR-12,M,33,tailoring,11,13.7,yes,9
BW508221,BR-11,F,58,masonry,4,4.4,yes,0
BW508222,BR-05,F,41,retail shop,5,2.2,0,3
BW508223,BR-21,M,58,masonry,9,9.5,yes,9
BW508224,BR-23,F,43,phone repair,9,1.6,1,2
BW508225,BR-09,M,57,poultry,12,1.2,True,3
BW508226,BR-17,F,29,teaching,1,5.1,0,2
BW508227,BR-06,F,37,tailoring,1,1.7,FALSE,3
BW508228,BR-22,F,54,masonry,8,3.9,TRUE,4
BW508229,BR-13,F,19,carpentry,4,2.6,yes,9
BW508230,BR-12,F,38,food vending,7,3.6,1,1
BW508231,BR-14,M,42,transport,1,3.4,yes,2
BW508232,BR-20,F,45,teaching,4,8.6,no,3
BW508233,BR-08,M,34,retail shop,7,6.4,1,1
BW508234,BR-13,F,23,transport,2,5.5,1,4
BW508235,BR-06,F,27,poultry,11,8.1,1,6
BW508236,BR-22,F,53,transport,3,11.0,True,4
BW508237,BR-18,F,40,retail shop,12,5.0,True,2
BW508238,BR-06,F,30,poultry,1,3.3,no,1
BW508239,BR-12,F,28,carpentry,7,9.4,yes,6
BW508240,BR-09,F,48,petty trade,4,9.2,False,1
BW508241,BR-04,F,50,carpentry,4,1.4,yes,3
BW508242,BR-14,F,36,carpentry,5,7.3,1,9
BW508243,BR-20,M,22,tailoring,12,4.3,1,1
BW508244,BR-15,F,37,food vending,2,7.0,FALSE,0
BW508245,BR-04,F,36,poultry,8,11.9,FALSE,0
BW508246,BR-15,F,20,food vending,4,9.9,True,6
BW508247,BR-10,F,50,transport,3,2.7,TRUE,3
BW508248,BR-17,M,57,transport,4,5.6,1,1
BW508249,BR-07,F,19,phone repair,5,5.8,0,4
BW508250,BR-03,F,60,teaching,11,3.6,1,6
BW508251,BR-07,F,29,teaching,11,6.7,FALSE,0
BW508252,BR-05,F,38,hairdressing,6,4.6,0,4
BW508253,BR-01,M,44,tailoring,7,6.0,yes,0
BW508254,BR-14,M,62,farming,6,6.4,FALSE,1
BW508255,BR-14,M,59,masonry,4,4.8,True,3
BW508256,BR-12,M,52,retail shop,8,6.3,TRUE,9
BW508257,BR-08,F,44,hairdressing,9,1.3,FALSE,0
BW508258,BR-02,F,43,poultry,3,0.4,1,0
BW508259,BR-15,F,42,farming,11,2.4,FALSE,4
BW508260,BR-13,F,60,retail shop,7,0.5,False,9
BW508261,BR-23,F,56,retail shop,4,5.9,0,0
BW508262,BR-02,M,47,poultry,10,9.8,False,9
BW508263,BR-16,F,19,tailoring,2,0.7,yes,0
BW508264,BR-03,F,35,farming,7,1.3,yes,9
BW508265,BR-23,F,31,food vending,3,10.2,yes,6
BW508266,BR-15,F,30,hairdressing,8,0.7,no,6
BW508267,BR-24,F,55,carpentry,3,2.6,no,4
BW508268,BR-04,F,37,carpentry,6,1.9,True,0
BW508269,BR-18,F,33,tailoring,3,3.1,FALSE,2
BW508270,BR-18,F,48,transport,12,2.9,0,3
BW508271,BR-12,M,42,carpentry,1,5.3,FALSE,6
BW508272,BR-21,F,35,poultry,6,1.7,True,4
BW508273,BR-04,M,60,tailoring,12,13.9,no,6
BW508274,BR-16,F,60,food vending,5,0.9,1,1
BW508275,BR-24,F,22,retail shop,12,5.2,no,4
BW508276,BR-21,M,31,poultry,8,3.9,no,3
BW508277,BR-01,M,58,tailoring,11,3.7,yes,1
BW508278,BR-24,F,38,carpentry,1,5.8,True,4
BW508279,BR-17,M,42,farming,10,8.1,no,6
BW508280,BR-16,F,19,tailoring,8,8.6,1,4
BW508281,BR-22,F,25,farming,3,5.4,True,9
BW508282,BR-03,F,39,farming,2,6.5,False,0
BW508283,BR-23,M,29,retail shop,4,7.2,0,3
BW508284,BR-17,F,27,hairdressing,11,3.0,no,4
BW508285,BR-14,M,32,retail shop,4,8.1,False,0
BW508286,BR-20,M,26,tailoring,1,1.7,FALSE,9
BW508287,BR-07,F,34,transport,9,6.7,yes,1
BW508288,BR-16,F,50,teaching,5,3.9,FALSE,3
BW508289,BR-13,F,57,food vending,1,3.0,no,1
BW508290,BR-08,M,43,poultry,10,10.3,True,0
BW508291,BR-14,M,64,poultry,10,0.6,yes,9
BW508292,BR-05,M,22,tailoring,9,4.3,TRUE,1
BW508293,BR-22,M,32,transport,7,2.8,yes,0
BW508294,BR-18,F,42,phone repair,4,8.4,FALSE,0
BW508295,BR-16,M,31,tailoring,7,2.4,TRUE,0
BW508296,BR-06,F,46,hairdressing,12,6.5,False,0
BW508297,BR-21,M,47,petty trade,8,9.8,no,4
BW508298,BR-05,M,35,food vending,8,7.2,True,1
BW508299,BR-18,M,55,carpentry,12,9.5,0,3
BW508300,BR-06,F,51,phone repair,5,8.9,FALSE,2
BW508301,BR-03,M,31,transport,12,6.6,TRUE,2
BW508302,BR-18,M,41,food vending,10,2.7,yes,4
BW508303,BR-22,F,37,retail shop,10,6.6,1,1
BW508304,BR-04,F,59,masonry,11,3.3,True,1
BW508305,BR-22,M,64,retail shop,7,5.7,True,0
BW508306,BR-14,F,35,masonry,5,6.0,0,6
BW508307,BR-23,M,60,transport,1,7.3,FALSE,4
BW508308,BR-16,F,28,retail shop,11,9.7,FALSE,0
BW508309,BR-19,M,25,farming,12,7.4,1,2
BW508310,BR-13,F,46,masonry,6,1.1,0,9
BW508311,BR-24,F,60,phone repair,12,2.4,True,0
BW508312,BR-18,F,55,hairdressing,9,1.3,1,0
BW508313,BR-06,M,38,phone repair,2,6.1,False,1
BW508314,BR-07,F,64,masonry,3,5.6,1,2
BW508315,BR-24,M,48,hairdressing,1,5.3,True,1
BW508316,BR-10,F,44,carpentry,9,2.8,no,3
BW508317,BR-14,M,57,hairdressing,1,3.1,0,0
BW508318,BR-09,F,33,farming,4,4.0,FALSE,9
BW508319,BR-08,M,34,tailoring,1,3.2,0,0
BW508320,BR-09,F,59,hairdressing,1,7.2,True,0
BW508321,BR-24,M,29,carpentry,11,11.1,True,3
BW508322,BR-16,M,25,masonry,9,6.2,0,0
BW508323,BR-06,F,54,phone repair,12,6.4,no,2
BW508324,BR-05,F,45,carpentry,1,7.6,yes,6
BW508325,BR-19,F,27,transport,10,6.6,no,2
BW508326,BR-23,F,36,retail shop,5,10.2,0,3
BW508327,BR-02,M,27,food vending,3,6.0,FALSE,3
BW508328,BR-04,F,40,poultry,10,8.0,1,6
BW508329,BR-24,F,64,poultry,9,2.0,0,3
BW508330,BR-14,F,48,farming,11,1.6,yes,2
BW508331,BR-14,M,27,phone repair,8,1.6,yes,1
BW508332,BR-06,M,60,hairdressing,2,2.5,True,3
BW508333,BR-12,F,47,teaching,12,6.2,False,4
BW508334,BR-23,F,64,transport,1,7.3,1,3
BW508335,BR-10,F,30,phone repair,5,5.9,FALSE,0
BW508336,BR-14,M,51,transport,4,5.8,True,0
BW508337,BR-17,F,60,food vending,5,6.0,1,4
BW508338,BR-05,F,45,teaching,3,9.4,1,0
BW508339,BR-16,F,54,retail shop,6,8.0,yes,0
BW508340,BR-12,F,21,phone repair,10,11.4,no,1
BW508341,BR-06,F,42,teaching,10,10.5,1,4
BW508342,BR-15,F,40,food vending,9,8.3,True,2
BW508343,BR-24,M,34,poultry,11,4.6,1,9
BW508344,BR-08,M,25,transport,8,4.9,True,6
BW508345,BR-22,F,37,transport,5,2.1,1,2
BW508346,BR-14,M,48,petty trade,10,2.2,0,1
BW508347,BR-13,F,41,farming,4,5.2,yes,0
BW508348,BR-18,F,57,food vending,2,9.0,1,3
BW508349,BR-19,F,26,teaching,1,2.2,0,4
BW508350,BR-06,F,22,teaching,6,6.4,no,1
BW508351,BR-14,F,42,carpentry,2,9.0,no,0
BW508352,BR-16,M,58,poultry,3,5.8,False,1
BW508353,BR-22,F,25,petty trade,8,2.4,1,0
BW508354,BR-02,M,54,retail shop,6,5.8,False,3
BW508355,BR-07,M,58,tailoring,12,6.7,False,6
BW508356,BR-18,F,62,farming,12,4.8,FALSE,0
BW508357,BR-24,F,33,teaching,10,4.6,TRUE,1
BW508358,BR-17,F,59,farming,7,0.9,FALSE,0
BW508359,BR-10,M,51,masonry,6,0.3,False,3
BW508360,BR-15,M,60,retail shop,6,10.5,yes,0
BW508361,BR-06,F,53,transport,7,9.3,False,0
BW508362,BR-14,M,31,carpentry,2,0.9,yes,4
BW508363,BR-20,M,29,phone repair,12,5.0,1,6
BW508364,BR-21,F,35,food vending,7,4.7,0,1
BW508365,BR-10,M,27,hairdressing,2,5.4,TRUE,2
BW508366,BR-17,M,48,petty trade,11,5.4,True,1
BW508367,BR-10,F,34,farming,2,5.3,0,2
BW508368,BR-08,F,49,petty trade,8,4.2,False,2
BW508369,BR-10,F,58,poultry,9,5.1,False,4
BW508370,BR-15,M,51,teaching,11,6.6,1,1
BW508371,BR-07,F,56,masonry,3,10.0,TRUE,2
BW508372,BR-21,M,29,retail shop,9,4.2,False,1
BW508373,BR-20,F,38,transport,10,6.6,False,4
BW508374,BR-18,F,59,tailoring,1,5.4,1,0
BW508375,BR-14,F,54,farming,9,1.9,TRUE,6
BW508376,BR-24,F,35,transport,9,4.7,no,3
BW508377,BR-05,M,29,teaching,3,1.2,False,0
BW508378,BR-13,F,49,tailoring,5,2.1,FALSE,4
BW508379,BR-22,F,20,poultry,3,12.5,yes,1
BW508380,BR-14,M,32,carpentry,4,1.4,TRUE,1
BW508381,BR-22,F,19,tailoring,3,6.7,True,9
BW508382,BR-07,F,47,teaching,5,6.3,TRUE,4
BW508383,BR-05,F,51,farming,5,5.0,TRUE,1
BW508384,BR-17,F,42,farming,2,7.9,True,4
BW508385,BR-11,M,52,tailoring,5,2.4,1,0
BW508386,BR-20,F,57,food vending,8,8.7,True,4
BW508387,BR-17,F,20,teaching,5,5.3,1,1
BW508388,BR-20,M,20,masonry,12,8.3,False,0
BW508389,BR-17,M,28,food vending,7,0.6,1,0
BW508390,BR-14,F,29,retail shop,9,0.4,TRUE,4
BW508391,BR-09,F,38,poultry,7,0.6,False,1
BW508392,BR-14,F,48,petty trade,4,9.3,TRUE,1
BW508393,BR-08,M,27,carpentry,8,7.4,True,4
BW508394,BR-17,F,41,transport,1,6.8,yes,1
BW508395,BR-06,F,50,poultry,5,9.3,TRUE,4
BW508396,BR-22,F,47,phone repair,5,6.9,TRUE,9
BW508397,BR-20,F,61,hairdressing,12,5.9,TRUE,3
BW508398,BR-10,M,30,hairdressing,2,6.8,yes,2
BW508399,BR-22,F,57,teaching,5,7.6,TRUE,4
BW508400,BR-22,M,19,teaching,4,4.0,yes,2
BW508401,BR-19,F,47,food vending,4,10.3,TRUE,9
BW508402,BR-16,F,25,masonry,2,15.1,1,2
BW508403,BR-09,F,37,food vending,3,6.4,no,1
BW508404,BR-07,F,64,teaching,1,3.8,0,3
BW508405,BR-03,F,26,food vending,9,1.2,0,0
BW508406,BR-15,F,30,retail shop,6,0.7,0,2
BW508407,BR-05,F,54,transport,11,13.0,FALSE,1
BW508408,BR-23,F,55,poultry,5,12.8,False,2
BW508409,BR-02,F,41,hairdressing,1,9.7,True,6
BW508410,BR-12,F,47,farming,6,1.2,False,6
BW508411,BR-08,M,49,teaching,7,1.9,True,6
BW508412,BR-04,F,26,transport,4,3.2,False,1
BW508413,BR-15,F,32,poultry,12,11.8,no,9
BW508414,BR-14,M,32,poultry,4,7.7,0,2
BW508415,BR-23,M,52,transport,10,9.1,1,0
BW508416,BR-10,M,63,food vending,3,0.5,0,0
BW508417,BR-24,F,52,masonry,10,2.8,no,3
BW508418,BR-02,M,49,retail shop,11,0.5,yes,4
BW508419,BR-18,F,45,farming,3,8.9,TRUE,9
BW508420,BR-20,F,51,transport,8,0.7,FALSE,1
BW508421,BR-20,F,42,phone repair,1,3.6,FALSE,6
BW508422,BR-24,F,62,tailoring,1,5.0,0,6
BW508423,BR-06,F,40,carpentry,9,5.1,False,6
BW508424,BR-13,F,36,phone repair,4,7.0,0,9
BW508425,BR-10,F,54,transport,3,4.7,TRUE,2
BW508426,BR-24,F,22,transport,5,4.8,yes,2
BW508427,BR-12,M,47,masonry,11,5.4,FALSE,4
BW508428,BR-18,F,62,carpentry,7,2.6,0,1
BW508429,BR-01,F,64,transport,2,4.0,1,0
BW508430,BR-18,M,26,phone repair,1,3.3,TRUE,3
BW508431,BR-23,F,35,carpentry,3,7.9,yes,2
BW508432,BR-17,F,60,phone repair,1,13.5,0,9
BW508433,BR-24,F,38,masonry,4,4.7,True,0
BW508434,BR-22,M,47,food vending,6,1.9,1,9
BW508435,BR-10,M,27,retail shop,5,4.0,False,4
BW508436,BR-04,M,56,retail shop,10,5.1,1,0
BW508437,BR-12,M,50,retail shop,7,4.7,False,4
BW508438,BR-12,M,58,poultry,11,4.2,True,2
BW508439,BR-23,F,59,masonry,8,2.8,False,0
BW508440,BR-05,F,44,food vending,12,9.0,True,1
BW508441,BR-08,F,54,masonry,10,4.0,FALSE,1
BW508442,BR-01,M,61,phone repair,5,3.7,FALSE,6
BW508443,BR-23,F,38,phone repair,12,1.4,FALSE,0
BW508444,BR-16,F,35,transport,4,5.6,no,3
BW508445,BR-10,F,38,carpentry,7,7.5,TRUE,1
BW508446,BR-18,F,52,tailoring,3,5.0,0,4
BW508447,BR-24,F,42,poultry,3,7.1,no,3
BW508448,BR-15,M,38,phone repair,7,0.9,0,6
BW508449,BR-07,M,20,retail shop,8,9.1,True,0
BW508450,BR-14,F,33,carpentry,6,1.5,no,3
BW508451,BR-13,F,36,retail shop,9,9.9,False,1
BW508452,BR-01,F,36,teaching,2,4.3,False,3
BW508453,BR-09,F,38,retail shop,3,12.3,yes,2
BW508454,BR-19,F,33,phone repair,10,0.9,yes,1
BW508455,BR-05,F,46,retail shop,7,2.0,False,1
BW508456,BR-06,M,50,hairdressing,8,1.2,True,4
BW508457,BR-11,M,31,masonry,4,12.8,False,9
BW508458,BR-01,M,62,masonry,12,0.3,1,1
BW508459,BR-09,F,45,transport,7,2.2,no,1
BW508460,BR-09,M,52,farming,7,7.8,FALSE,9
BW508461,BR-09,F,19,food vending,12,11.3,0,1
BW508462,BR-09,F,45,masonry,9,0.4,1,6
BW508463,BR-10,F,44,retail shop,12,12.9,0,1
BW508464,BR-22,F,30,petty trade,7,10.0,FALSE,2
BW508465,BR-22,M,36,farming,3,8.7,FALSE,3
BW508466,BR-06,F,63,masonry,9,0.9,no,9
BW508467,BR-12,F,64,transport,7,3.5,False,9
BW508468,BR-18,F,45,hairdressing,6,4.1,0,4
BW508469,BR-20,F,36,transport,10,1.0,TRUE,9
BW508470,BR-15,F,51,masonry,1,11.7,FALSE,0
BW508471,BR-24,F,54,poultry,12,4.1,True,9
BW508472,BR-14,M,21,masonry,2,7.6,False,0
BW508473,BR-22,F,40,retail shop,8,10.5,0,2
BW508474,BR-24,F,26,phone repair,5,5.2,FALSE,1
BW508475,BR-17,F,47,farming,11,4.6,yes,9
BW508476,BR-07,F,62,phone repair,12,6.1,yes,6
BW508477,BR-19,F,42,teaching,4,1.2,True,0
BW508478,BR-20,M,30,teaching,2,2.0,True,4
BW508479,BR-14,F,58,hairdressing,6,8.2,0,6
BW508480,BR-03,M,36,carpentry,12,2.3,no,1
BW508481,BR-12,F,57,hairdressing,6,1.8,TRUE,3
BW508482,BR-10,F,58,food vending,6,3.4,FALSE,1
BW508483,BR-11,F,42,tailoring,9,8.1,yes,4
BW508484,BR-23,F,33,hairdressing,10,5.3,yes,1
BW508485,BR-09,M,52,transport,3,9.8,0,4
BW508486,BR-03,M,48,farming,10,5.2,1,0
BW508487,BR-10,M,25,farming,1,9.8,no,3
BW508488,BR-20,M,64,farming,12,3.0,FALSE,2
BW508489,BR-12,F,42,carpentry,5,3.7,yes,9
BW508490,BR-05,F,49,masonry,11,3.2,TRUE,0
BW508491,BR-07,F,28,food vending,3,0.6,TRUE,6
BW508492,BR-09,M,56,transport,2,9.2,TRUE,9
BW508493,BR-20,M,29,hairdressing,9,11.5,yes,1
BW508494,BR-21,F,58,phone repair,8,1.2,yes,6
BW508495,BR-08,F,22,teaching,3,5.9,True,0
BW508496,BR-18,M,24,transport,3,9.4,FALSE,0
BW508497,BR-24,F,62,transport,8,2.5,FALSE,0
BW508498,BR-04,F,42,hairdressing,7,11.2,1,1
BW508499,BR-05,M,32,food vending,4,4.7,False,0
BW508500,BR-02,M,60,retail shop,10,2.6,TRUE,9
BW508501,BR-10,F,35,farming,7,4.2,0,9
BW508502,BR-21,M,19,phone repair,2,7.3,True,1
BW508503,BR-05,M,40,retail shop,7,0.3,FALSE,6
BW508504,BR-23,F,37,food vending,9,4.8,TRUE,3
BW508505,BR-02,F,41,petty trade,12,0.9,TRUE,6
BW508506,BR-18,M,19,food vending,9,6.9,1,1
BW508507,BR-07,M,37,carpentry,10,4.0,no,0
BW508508,BR-14,M,61,transport,4,9.6,True,1
BW508509,BR-08,M,54,phone repair,4,3.7,TRUE,2
BW508510,BR-03,F,22,masonry,8,11.4,yes,6
BW508511,BR-08,F,20,masonry,4,0.4,True,0
BW508512,BR-07,F,64,tailoring,9,10.0,0,4
BW508513,BR-05,M,38,petty trade,6,3.7,no,0
BW508514,BR-13,M,27,phone repair,10,5.1,TRUE,4
BW508515,BR-20,M,55,poultry,5,4.1,1,1
BW508516,BR-10,M,19,masonry,5,4.1,1,3
BW508517,BR-21,M,58,petty trade,4,6.1,True,9
BW508518,BR-20,F,55,carpentry,7,9.8,0,4
BW508519,BR-12,M,38,petty trade,7,8.7,no,9
BW508520,BR-20,F,23,farming,9,8.1,True,1
BW508521,BR-03,F,45,hairdressing,11,13.6,False,1
BW508522,BR-19,M,58,tailoring,5,7.0,yes,1
BW508523,BR-20,F,40,hairdressing,4,5.3,TRUE,1
BW508524,BR-15,M,43,teaching,6,7.4,FALSE,0
BW508525,BR-13,F,27,tailoring,4,10.8,TRUE,0
BW508526,BR-24,M,63,petty trade,4,5.4,0,6
BW508527,BR-13,F,48,hairdressing,2,4.0,yes,2
BW508528,BR-12,F,54,tailoring,8,3.2,FALSE,2
BW508529,BR-06,F,25,tailoring,3,10.0,FALSE,9
BW508530,BR-02,F,62,teaching,5,5.7,0,3
BW508531,BR-18,M,28,teaching,5,8.3,True,1
BW508532,BR-22,M,55,carpentry,11,5.2,TRUE,4
BW508533,BR-13,M,64,transport,4,6.6,yes,0
BW508534,BR-11,M,38,carpentry,11,7.4,no,9
BW508535,BR-04,M,59,teaching,2,14.8,True,3
BW508536,BR-08,F,53,teaching,7,3.3,False,3
BW508537,BR-01,F,57,petty trade,1,14.4,TRUE,4
BW508538,BR-20,M,37,transport,5,7.6,False,1
BW508539,BR-24,M,20,farming,11,5.6,FALSE,9
BW508540,BR-24,F,52,poultry,4,0.6,1,3
BW508541,BR-18,F,21,petty trade,2,6.2,False,2
BW508542,BR-12,F,57,hairdressing,3,3.2,FALSE,9
BW508543,BR-05,M,52,carpentry,5,1.0,1,6
BW508544,BR-15,F,35,hairdressing,11,10.1,True,9
BW508545,BR-11,F,25,petty trade,3,1.2,no,6
BW508546,BR-09,F,57,teaching,9,5.1,False,9
BW508547,BR-16,M,55,transport,9,10.2,yes,1
BW508548,BR-17,F,32,tailoring,3,15.5,yes,9
BW508549,BR-07,F,52,transport,2,4.8,1,0
BW508550,BR-12,F,35,tailoring,1,4.5,FALSE,9
BW508551,BR-14,M,48,petty trade,9,3.3,1,2
BW508552,BR-16,F,34,petty trade,12,12.0,True,0
BW508553,BR-12,M,33,phone repair,11,0.7,True,9
BW508554,BR-12,M,55,masonry,6,6.3,1,0
BW508555,BR-08,M,57,farming,6,3.8,True,9
BW508556,BR-20,M,34,food vending,10,3.1,False,1
BW508557,BR-18,F,56,petty trade,3,3.7,yes,9
BW508558,BR-15,F,64,tailoring,11,6.0,1,4
BW508559,BR-04,F,37,farming,7,4.5,False,1
BW508560,BR-19,F,54,carpentry,5,4.5,no,2
BW508561,BR-09,M,52,food vending,1,0.3,True,9
BW508562,BR-22,F,35,farming,3,4.2,TRUE,4
BW508563,BR-13,M,54,transport,2,7.3,TRUE,3
BW508564,BR-23,F,57,transport,10,3.7,1,0
BW508565,BR-07,F,57,retail shop,2,2.5,0,0
BW508566,BR-17,F,49,teaching,11,5.6,FALSE,9
BW508567,BR-11,M,57,teaching,10,5.3,False,2
BW508568,BR-04,F,25,farming,8,1.7,1,3
BW508569,BR-10,M,31,carpentry,12,1.6,no,6
BW508570,BR-08,F,24,poultry,2,5.5,TRUE,9
BW508571,BR-09,M,64,hairdressing,3,5.1,False,2
BW508572,BR-03,M,52,food vending,11,5.3,no,0
BW508573,BR-13,M,44,hairdressing,3,6.0,1,4
BW508574,BR-23,F,53,poultry,7,3.3,no,4
BW508575,BR-03,F,48,tailoring,2,5.6,no,6
BW508576,BR-04,F,36,transport,11,7.9,False,2
BW508577,BR-09,F,21,retail shop,3,1.6,True,4
BW508578,BR-13,M,55,tailoring,10,9.9,TRUE,2
BW508579,BR-08,F,49,tailoring,11,10.5,1,6
BW508580,BR-16,M,19,poultry,4,5.4,FALSE,4
BW508581,BR-07,M,19,carpentry,1,0.3,False,9
BW508582,BR-09,M,37,farming,9,9.1,FALSE,1
BW508583,BR-16,F,61,petty trade,10,4.3,True,0
BW508584,BR-09,M,39,masonry,2,7.5,1,4
BW508585,BR-10,F,44,tailoring,8,4.1,1,9
BW508586,BR-14,M,36,carpentry,7,6.2,no,1
BW508587,BR-03,F,55,phone repair,4,6.8,no,1
BW508588,BR-17,M,38,transport,12,9.7,yes,9
BW508589,BR-07,F,38,carpentry,1,2.9,TRUE,9
BW508590,BR-21,M,58,hairdressing,5,1.2,no,3
BW508591,BR-15,M,32,masonry,4,0.2,FALSE,6
BW508592,BR-14,F,27,tailoring,9,1.7,TRUE,0
BW508593,BR-11,M,49,farming,6,3.6,False,0
BW508594,BR-19,F,43,tailoring,10,4.0,0,1
BW508595,BR-14,F,30,carpentry,7,7.3,no,3
BW508596,BR-14,M,57,carpentry,4,11.8,False,6
BW508597,BR-09,F,30,farming,7,13.7,FALSE,9
BW508598,BR-12,F,52,hairdressing,1,1.4,0,1
BW508599,BR-10,M,22,tailoring,11,1.9,FALSE,0
BW508600,BR-13,M,59,phone repair,3,7.2,no,3
BW508601,BR-24,M,37,retail shop,7,4.0,True,1
BW508602,BR-02,F,40,transport,7,6.5,TRUE,4
BW508603,BR-22,F,61,transport,3,7.0,no,2
BW508604,BR-19,F,54,masonry,5,1.9,TRUE,0
BW508605,BR-19,F,23,transport,4,2.1,FALSE,0
BW508606,BR-07,F,42,poultry,1,7.9,FALSE,2
BW508607,BR-23,F,52,phone repair,8,1.0,1,0
BW508608,BR-01,M,40,food vending,5,2.2,1,1
BW508609,BR-21,M,39,transport,4,1.7,TRUE,0
BW508610,BR-06,M,59,petty trade,5,6.1,FALSE,0
BW508611,BR-20,F,58,carpentry,2,4.8,1,3
BW508612,BR-19,M,45,teaching,10,7.3,yes,4
BW508613,BR-10,M,31,carpentry,5,8.0,TRUE,1
BW508614,BR-07,M,49,carpentry,11,1.0,False,2
BW508615,BR-09,M,35,food vending,2,4.8,True,1
BW508616,BR-24,F,45,farming,7,6.3,0,0
BW508617,BR-02,F,56,teaching,6,4.8,True,1
BW508618,BR-04,F,19,phone repair,6,11.5,0,0
BW508619,BR-15,F,29,teaching,6,10.1,1,1
BW508620,BR-08,M,59,poultry,1,7.4,False,4
BW508621,BR-17,F,33,retail shop,6,8.2,FALSE,0
BW508622,BR-13,F,60,farming,4,11.5,True,9
BW508623,BR-02,M,37,food vending,1,9.1,FALSE,6
BW508624,BR-01,M,64,tailoring,5,1.7,no,9
BW508625,BR-18,M,60,poultry,5,6.3,yes,1
BW508626,BR-04,M,45,food vending,1,4.9,1,0
BW508627,BR-09,F,43,food vending,9,2.9,FALSE,1
BW508628,BR-09,F,25,teaching,4,4.8,yes,0
BW508629,BR-19,M,42,tailoring,7,0.3,0,1
BW508630,BR-10,F,44,hairdressing,10,6.1,yes,3
BW508631,BR-11,F,49,teaching,10,9.0,True,6
BW508632,BR-13,M,40,masonry,8,3.0,False,0
BW508633,BR-03,F,47,poultry,12,3.1,no,4
BW508634,BR-16,F,42,poultry,7,2.3,False,0
BW508635,BR-19,M,35,masonry,2,8.9,yes,0
BW508636,BR-23,M,43,tailoring,5,3.5,1,0
BW508637,BR-15,F,56,food vending,12,5.0,yes,3
BW508638,BR-06,M,42,phone repair,10,1.8,yes,6
BW508639,BR-14,M,46,retail shop,6,0.6,TRUE,1
BW508640,BR-02,M,38,food vending,1,4.4,1,6
BW508641,BR-14,F,23,phone repair,3,10.4,False,0
BW508642,BR-01,M,25,masonry,12,1.0,False,2
BW508643,BR-11,F,61,phone repair,10,7.7,True,9
BW508644,BR-05,M,23,food vending,4,12.7,True,4
BW508645,BR-11,F,27,phone repair,8,6.2,False,0
BW508646,BR-11,F,51,retail shop,9,6.8,True,0
BW508647,BR-20,F,55,masonry,12,5.6,no,4
BW508648,BR-08,F,48,transport,1,13.4,1,2
BW508649,BR-11,F,50,tailoring,7,5.0,1,4
BW508650,BR-05,F,59,masonry,9,7.4,1,1
BW508651,BR-16,F,34,tailoring,9,8.6,TRUE,1
BW508652,BR-04,M,30,tailoring,12,6.8,FALSE,4
BW508653,BR-18,M,46,hairdressing,4,5.6,FALSE,0
BW508654,BR-02,F,56,phone repair,3,5.4,0,2
BW508655,BR-22,M,34,hairdressing,6,6.0,yes,6
BW508656,BR-01,M,50,petty trade,5,4.2,TRUE,1
BW508657,BR-12,M,25,petty trade,10,7.5,1,6
BW508658,BR-24,F,45,phone repair,5,3.9,1,6
BW508659,BR-07,M,27,transport,6,4.9,True,2
BW508660,BR-18,M,62,teaching,8,1.8,yes,1
BW508661,BR-20,M,49,masonry,10,1.4,False,3
BW508662,BR-21,M,52,teaching,10,5.4,TRUE,6
BW508663,BR-02,M,21,poultry,1,4.6,yes,4
BW508664,BR-14,F,21,phone repair,4,3.0,FALSE,0
BW508665,BR-11,F,57,masonry,4,8.0,FALSE,0
BW508666,BR-08,M,34,petty trade,1,3.4,FALSE,2
BW508667,BR-04,F,34,teaching,3,3.5,FALSE,2
BW508668,BR-12,M,19,transport,2,7.0,yes,6
BW508669,BR-19,M,29,petty trade,7,4.1,FALSE,2
BW508670,BR-17,M,30,farming,10,11.8,no,0
BW508671,BR-03,F,52,carpentry,12,2.7,True,2
BW508672,BR-16,F,56,retail shop,7,2.4,False,4
BW508673,BR-21,F,24,retail shop,12,4.9,FALSE,1
BW508674,BR-09,F,54,masonry,9,4.7,1,1
BW508675,BR-06,M,25,phone repair,11,3.8,yes,4
BW508676,BR-03,F,25,carpentry,8,11.5,1,2
BW508677,BR-12,F,19,phone repair,8,6.7,TRUE,4
BW508678,BR-01,F,36,farming,11,11.0,no,4
BW508679,BR-17,F,37,carpentry,9,1.3,0,9
BW508680,BR-04,M,29,food vending,10,5.2,1,1
BW508681,BR-11,M,25,transport,10,6.7,1,1
BW508682,BR-22,M,39,transport,11,3.8,no,0
BW508683,BR-17,M,47,poultry,1,4.5,False,1
BW508684,BR-03,F,51,carpentry,1,1.7,0,2
BW508685,BR-05,F,19,masonry,1,10.4,no,1
BW508686,BR-09,F,49,tailoring,4,0.4,no,1
BW508687,BR-12,F,46,food vending,10,8.8,0,6
BW508688,BR-13,F,21,masonry,8,3.7,False,6
BW508689,BR-01,F,58,hairdressing,5,3.1,FALSE,0
BW508690,BR-18,F,28,food vending,5,7.2,yes,2
BW508691,BR-20,M,52,carpentry,5,5.4,1,0
BW508692,BR-06,F,27,teaching,9,3.7,True,9
BW508693,BR-07,M,30,food vending,11,7.8,no,9
BW508694,BR-20,F,41,masonry,9,1.6,1,1
BW508695,BR-07,M,48,farming,3,9.2,False,6
BW508696,BR-20,F,50,poultry,12,7.1,1,0
BW508697,BR-21,F,64,masonry,3,8.3,no,9
BW508698,BR-20,M,50,food vending,3,6.8,0,3
BW508699,BR-10,F,40,retail shop,6,4.4,yes,1
BW508700,BR-12,F,19,transport,4,7.5,1,4
BW508701,BR-02,M,64,tailoring,6,6.3,0,1
BW508702,BR-01,F,20,teaching,8,8.4,1,6
BW508703,BR-06,M,22,tailoring,4,0.4,False,0
BW508704,BR-08,M,44,retail shop,10,7.6,TRUE,0
BW508705,BR-22,F,58,food vending,5,6.9,TRUE,4
BW508706,BR-18,M,45,phone repair,11,2.0,False,0
BW508707,BR-07,F,47,hairdressing,3,7.4,yes,0
BW508708,BR-05,F,32,transport,7,7.3,no,0
BW508709,BR-01,F,36,carpentry,2,8.7,yes,4
BW508710,BR-10,F,62,teaching,7,7.8,yes,6
BW508711,BR-10,M,36,phone repair,8,12.2,no,2
BW508712,BR-13,M,52,retail shop,9,5.9,no,1
BW508713,BR-19,M,38,tailoring,4,7.5,no,4
BW508714,BR-22,F,46,phone repair,8,1.7,True,6
BW508715,BR-06,F,39,retail shop,9,9.3,FALSE,6
BW508716,BR-20,F,34,tailoring,7,11.7,TRUE,2
BW508717,BR-16,F,49,retail shop,12,4.8,TRUE,4
BW508718,BR-19,M,42,food vending,11,10.6,True,0
BW508719,BR-09,M,38,retail shop,6,4.1,yes,1
BW508720,BR-23,F,38,masonry,3,12.1,FALSE,0
BW508721,BR-21,F,41,transport,1,9.5,no,4
BW508722,BR-11,F,37,transport,3,1.8,no,9
BW508723,BR-10,F,63,food vending,4,6.1,True,9
BW508724,BR-16,M,25,petty trade,5,2.4,FALSE,2
BW508725,BR-23,M,50,food vending,1,8.9,False,1
BW508726,BR-12,F,38,transport,9,15.3,True,9
BW508727,BR-22,F,64,farming,8,5.0,True,0
BW508728,BR-21,M,32,transport,3,4.6,yes,6
BW508729,BR-24,M,63,retail shop,2,7.3,True,3
BW508730,BR-08,M,27,teaching,1,9.2,no,6
BW508731,BR-17,F,23,hairdressing,9,2.0,FALSE,6
BW508732,BR-15,F,55,teaching,10,4.5,1,3
BW508733,BR-15,M,31,tailoring,8,5.8,1,6
BW508734,BR-18,F,20,tailoring,10,2.3,TRUE,1
BW508735,BR-20,F,33,poultry,7,11.0,0,0
BW508736,BR-11,F,42,hairdressing,9,5.0,0,9
BW508737,BR-14,F,58,poultry,7,4.1,no,2
BW508738,BR-06,F,61,teaching,9,5.1,1,0
BW508739,BR-01,M,36,teaching,3,5.6,FALSE,4
BW508740,BR-04,F,42,tailoring,2,2.5,0,1
BW508741,BR-16,M,32,retail shop,3,4.9,False,9
BW508742,BR-05,F,36,teaching,9,11.5,yes,4
BW508743,BR-21,F,37,phone repair,1,3.7,0,0
BW508744,BR-09,M,43,masonry,4,5.9,TRUE,1
BW508745,BR-22,F,46,masonry,4,10.9,False,1
BW508746,BR-17,M,23,masonry,8,8.8,1,1
BW508747,BR-16,F,59,farming,8,8.9,yes,1
BW508748,BR-12,F,21,tailoring,7,5.5,1,2
BW508749,BR-11,F,22,poultry,12,3.1,0,4
BW508750,BR-05,F,37,masonry,7,10.6,yes,0
BW508751,BR-21,M,21,phone repair,11,6.1,False,2
BW508752,BR-03,M,30,teaching,4,2.2,0,1
BW508753,BR-09,M,20,food vending,5,1.6,False,6
BW508754,BR-06,F,63,retail shop,6,7.9,FALSE,1
BW508755,BR-14,F,36,transport,11,4.5,1,2
BW508756,BR-15,F,46,retail shop,2,7.6,False,4
BW508757,BR-07,M,51,teaching,4,0.9,0,0
BW508758,BR-02,F,49,retail shop,1,2.0,True,6
BW508759,BR-02,F,35,phone repair,8,7.3,0,2
BW508760,BR-11,F,60,hairdressing,2,4.4,True,1
BW508761,BR-23,M,20,tailoring,3,11.0,False,1
BW508762,BR-14,F,44,hairdressing,11,2.0,True,2
BW508763,BR-19,M,53,teaching,1,9.0,0,1
BW508764,BR-16,F,24,poultry,10,5.0,False,1
BW508765,BR-22,F,40,petty trade,9,3.2,TRUE,4
BW508766,BR-24,M,55,food vending,3,12.8,FALSE,4
BW508767,BR-07,F,26,tailoring,11,4.0,no,0
BW508768,BR-17,M,47,petty trade,2,8.8,0,0
BW508769,BR-12,M,41,masonry,10,2.8,no,2
BW508770,BR-21,M,54,masonry,11,2.5,no,3
BW508771,BR-22,M,38,masonry,11,7.3,True,3
BW508772,BR-16,M,58,masonry,2,6.5,0,3
BW508773,BR-13,M,38,masonry,2,5.8,True,2
BW508774,BR-18,F,28,poultry,1,5.4,1,6
BW508775,BR-05,F,52,tailoring,1,2.5,FALSE,1
BW508776,BR-21,F,40,teaching,6,11.5,True,1
BW508777,BR-21,F,58,farming,11,9.2,1,4
BW508778,BR-23,M,19,carpentry,6,3.5,1,6
BW508779,BR-12,M,60,food vending,5,2.8,0,3
BW508780,BR-18,M,39,carpentry,12,7.5,1,1
BW508781,BR-19,M,20,carpentry,4,2.6,FALSE,6
BW508782,BR-02,M,47,poultry,11,6.2,FALSE,0
BW508783,BR-15,F,34,tailoring,1,4.5,0,0
BW508784,BR-22,M,35,hairdressing,4,3.0,True,4
BW508785,BR-23,M,53,poultry,6,7.7,TRUE,4
BW508786,BR-22,F,37,petty trade,11,6.3,FALSE,2
BW508787,BR-01,F,25,transport,9,4.7,False,4
BW508788,BR-20,F,58,poultry,5,9.7,0,9
BW508789,BR-04,F,56,petty trade,2,5.5,yes,3
BW508790,BR-20,M,24,hairdressing,5,6.2,yes,6
BW508791,BR-13,M,42,phone repair,12,2.0,0,2
BW508792,BR-05,F,21,petty trade,11,7.6,yes,9
BW508793,BR-12,F,42,poultry,5,10.3,FALSE,1
BW508794,BR-04,M,21,masonry,1,5.8,False,0
BW508795,BR-14,F,50,phone repair,5,4.6,1,3
BW508796,BR-12,M,27,teaching,1,10.0,FALSE,0
BW508797,BR-23,M,34,transport,6,1.4,yes,6
BW508798,BR-21,F,53,poultry,1,0.8,1,1
BW508799,BR-14,F,57,poultry,2,2.5,False,0
BW508800,BR-09,F,47,petty trade,6,7.1,no,4
BW508801,BR-22,M,49,carpentry,8,4.2,True,0
BW508802,BR-09,F,23,hairdressing,8,5.3,0,2
BW508803,BR-22,M,23,retail shop,9,8.3,0,4
BW508804,BR-13,F,34,tailoring,12,4.4,TRUE,9
BW508805,BR-16,M,30,phone repair,5,12.4,TRUE,1
BW508806,BR-07,M,39,transport,12,10.8,yes,9
BW508807,BR-18,M,60,retail shop,12,6.8,no,2
BW508808,BR-15,M,29,masonry,7,10.9,False,1
BW508809,BR-07,M,29,transport,9,1.5,1,4
BW508810,BR-21,M,39,petty trade,7,5.1,0,0
BW508811,BR-14,M,40,hairdressing,2,7.6,True,1
BW508812,BR-22,F,53,tailoring,8,5.5,1,1
BW508813,BR-03,M,56,food vending,5,7.7,True,2
BW508814,BR-05,F,44,farming,4,1.0,FALSE,0
BW508815,BR-03,F,24,teaching,1,0.5,1,9
BW508816,BR-10,F,57,poultry,5,13.1,FALSE,4
BW508817,BR-09,M,50,carpentry,8,4.7,FALSE,3
BW508818,BR-07,F,30,teaching,7,7.3,False,3
BW508819,BR-07,F,34,poultry,10,12.0,1,0
BW508820,BR-23,M,32,petty trade,7,0.8,yes,3
BW508821,BR-19,M,59,poultry,3,6.6,False,0
BW508822,BR-21,M,40,poultry,2,1.5,TRUE,9
BW508823,BR-15,F,55,transport,10,3.9,False,1
BW508824,BR-07,F,59,masonry,7,3.8,no,4
BW508825,BR-10,F,20,farming,4,0.8,TRUE,2
BW508826,BR-04,F,21,carpentry,5,7.5,True,9
BW508827,BR-18,F,27,tailoring,6,2.0,0,0
BW508828,BR-05,F,58,transport,6,0.9,True,1
BW508829,BR-03,F,62,hairdressing,12,5.9,yes,6
BW508830,BR-03,F,30,food vending,11,10.9,TRUE,9
BW508831,BR-10,M,63,petty trade,1,4.5,TRUE,0
BW508832,BR-15,M,23,farming,5,11.3,FALSE,1
BW508833,BR-03,M,61,transport,2,10.8,TRUE,1
BW508834,BR-19,F,28,hairdressing,7,9.3,no,6
BW508835,BR-23,M,19,poultry,8,5.0,yes,3
BW508836,BR-08,F,52,carpentry,12,2.0,True,6
BW508837,BR-24,F,35,poultry,3,4.4,1,9
BW508838,BR-22,M,34,farming,1,1.6,True,1
BW508839,BR-09,M,29,farming,6,4.0,yes,0
BW508840,BR-24,F,32,farming,4,3.3,0,6
BW508841,BR-16,F,61,masonry,12,8.1,TRUE,1
BW508842,BR-10,F,23,petty trade,9,4.2,yes,3
BW508843,BR-18,F,20,phone repair,11,0.2,TRUE,0
BW508844,BR-21,F,49,poultry,4,4.9,yes,9
BW508845,BR-02,F,26,petty trade,7,4.3,TRUE,1
BW508846,BR-02,M,19,food vending,7,7.5,yes,4
BW508847,BR-03,F,22,petty trade,5,7.2,True,0
BW508848,BR-02,M,42,petty trade,4,5.1,yes,0
BW508849,BR-23,F,57,masonry,2,3.0,TRUE,6
BW508850,BR-17,F,43,tailoring,10,10.1,True,9
BW508851,BR-05,M,34,phone repair,1,3.3,TRUE,1
BW508852,BR-16,F,54,masonry,10,6.5,TRUE,6
BW508853,BR-01,F,60,masonry,9,0.2,False,4
BW508854,BR-01,F,34,farming,7,11.1,TRUE,1
BW508855,BR-06,F,43,retail shop,10,13.1,TRUE,3
BW508856,BR-11,F,47,retail shop,3,14.7,True,3
BW508857,BR-17,F,27,transport,11,3.3,FALSE,2
BW508858,BR-08,F,59,poultry,2,8.8,FALSE,1
BW508859,BR-19,F,34,transport,12,8.8,0,9
BW508860,BR-19,M,41,masonry,4,11.5,True,0
BW508861,BR-01,M,39,retail shop,8,5.8,False,1
BW508862,BR-20,F,34,food vending,8,1.0,1,0
BW508863,BR-02,M,36,poultry,8,7.6,0,1
BW508864,BR-22,F,36,retail shop,11,4.6,no,1
BW508865,BR-19,F,64,phone repair,3,3.0,True,0
BW508866,BR-04,M,27,phone repair,11,7.5,no,3
BW508867,BR-02,M,54,hairdressing,5,12.4,True,1
BW508868,BR-23,M,60,phone repair,6,2.7,TRUE,1
BW508869,BR-03,F,33,petty trade,1,8.5,FALSE,9
BW508870,BR-22,F,35,teaching,12,10.8,no,4
BW508871,BR-11,F,33,hairdressing,3,1.4,no,1
BW508872,BR-18,F,58,farming,7,6.0,FALSE,1
BW508873,BR-08,F,26,food vending,5,6.5,1,0
BW508874,BR-03,F,32,transport,3,5.3,False,3
BW508875,BR-10,M,23,transport,3,0.2,True,1
BW508876,BR-05,F,23,retail shop,6,4.0,False,2
BW508877,BR-11,M,28,masonry,2,7.1,False,0
BW508878,BR-14,F,51,transport,8,6.4,1,6
BW508879,BR-06,M,28,phone repair,8,3.5,False,0
BW508880,BR-12,M,62,hairdressing,9,3.9,TRUE,1
BW508881,BR-05,F,29,petty trade,8,2.1,no,9
BW508882,BR-10,M,38,retail shop,2,6.4,True,0
BW508883,BR-24,F,55,petty trade,7,5.2,FALSE,0
BW508884,BR-02,M,36,phone repair,8,4.3,FALSE,1
BW508885,BR-07,F,42,carpentry,7,6.9,no,6
BW508886,BR-07,F,62,retail shop,3,2.2,no,0
BW508887,BR-17,F,33,teaching,4,0.7,False,1
BW508888,BR-14,M,63,hairdressing,12,4.8,yes,1
BW508889,BR-22,F,22,farming,9,1.7,0,1
BW508890,BR-24,F,25,phone repair,2,1.0,1,1
BW508891,BR-03,M,24,retail shop,9,7.8,False,1
BW508892,BR-16,M,32,transport,4,4.9,yes,4
BW508893,BR-07,F,55,masonry,6,3.3,True,4
BW508894,BR-11,M,59,carpentry,6,7.2,1,2
BW508895,BR-14,F,26,petty trade,5,8.5,True,2
BW508896,BR-10,M,35,carpentry,4,0.8,no,0
BW508897,BR-08,M,25,tailoring,5,2.9,0,1
BW508898,BR-09,M,30,phone repair,2,7.1,True,4
BW508899,BR-04,F,19,petty trade,1,9.7,no,3
BW508900,BR-23,M,56,retail shop,7,9.3,1,1
BW508901,BR-05,M,59,farming,6,8.8,no,2
BW508902,BR-05,M,54,masonry,12,12.9,yes,1
BW508903,BR-24,M,50,phone repair,3,2.2,yes,6
BW508904,BR-14,M,51,food vending,9,4.8,yes,1
BW508905,BR-17,F,25,farming,11,1.8,yes,9
BW508906,BR-15,M,29,transport,8,8.3,FALSE,1
BW508907,BR-17,F,42,petty trade,8,12.9,FALSE,1
BW508908,BR-20,M,53,hairdressing,11,14.0,0,0
BW508909,BR-16,F,40,transport,10,11.3,False,3
BW508910,BR-15,M,50,phone repair,10,3.6,FALSE,4
BW508911,BR-08,M,23,phone repair,2,1.0,False,9
BW508912,BR-09,F,61,phone repair,12,7.3,0,2
BW508913,BR-20,F,24,phone repair,4,7.7,False,1
BW508914,BR-14,F,41,retail shop,2,3.5,True,0
BW508915,BR-22,M,57,farming,4,3.7,no,1
BW508916,BR-12,M,57,masonry,3,13.9,yes,0
BW508917,BR-14,F,20,food vending,7,6.7,FALSE,3
BW508918,BR-03,M,43,petty trade,1,8.8,yes,0
BW508919,BR-16,M,33,petty trade,6,9.1,True,6
BW508920,BR-08,M,25,teaching,12,4.5,TRUE,2
BW508921,BR-06,F,19,phone repair,2,8.8,no,0
BW508922,BR-17,M,46,tailoring,5,6.7,True,2
BW508923,BR-01,F,49,poultry,12,3.3,1,1
BW508924,BR-07,F,31,hairdressing,5,4.6,no,4
BW508925,BR-08,F,64,farming,11,2.0,yes,4
BW508926,BR-23,M,51,farming,3,3.5,FALSE,1
BW508927,BR-08,F,30,transport,4,3.1,FALSE,2
BW508928,BR-11,M,40,farming,5,1.0,no,4
BW508929,BR-07,M,30,food vending,9,8.1,True,1
BW508930,BR-18,M,37,carpentry,7,14.2,yes,4
BW508931,BR-01,F,57,poultry,2,0.7,1,0
BW508932,BR-09,M,21,petty trade,5,12.3,True,1
BW508933,BR-09,F,28,poultry,5,2.6,TRUE,0
BW508934,BR-22,F,45,retail shop,5,10.5,yes,6
BW508935,BR-15,F,29,poultry,7,0.2,no,0
BW508936,BR-03,M,58,petty trade,6,7.5,FALSE,1
BW508937,BR-22,F,35,hairdressing,7,6.4,no,0
BW508938,BR-06,F,27,tailoring,5,4.0,yes,1
BW508939,BR-23,M,56,petty trade,12,9.1,no,1
BW508940,BR-21,F,46,petty trade,3,7.7,1,0
BW508941,BR-20,F,43,phone repair,9,5.2,1,2
BW508942,BR-17,M,29,teaching,10,7.6,TRUE,9
BW508943,BR-20,M,57,farming,8,2.7,yes,1
BW508944,BR-20,F,22,retail shop,9,3.2,False,9
BW508945,BR-21,F,54,carpentry,8,8.5,TRUE,1
BW508946,BR-01,M,59,carpentry,3,8.3,yes,1
BW508947,BR-08,F,53,food vending,7,1.8,0,0
BW508948,BR-11,F,38,poultry,7,3.5,yes,4
BW508949,BR-06,M,22,food vending,5,9.5,no,0
BW508950,BR-05,M,39,masonry,8,8.3,1,3
BW508951,BR-08,F,60,masonry,8,1.6,1,1
BW508952,BR-15,M,34,farming,9,7.0,False,1
BW508953,BR-07,F,20,poultry,1,13.2,no,1
BW508954,BR-06,F,50,petty trade,6,4.5,True,3
BW508955,BR-05,F,43,poultry,10,5.9,False,9
BW508956,BR-04,F,29,petty trade,7,2.5,no,9
BW508957,BR-14,M,21,transport,6,10.1,True,2
BW508958,BR-03,F,20,food vending,3,2.2,yes,9
BW508959,BR-21,F,38,hairdressing,7,4.2,TRUE,0
BW508960,BR-10,F,40,phone repair,11,1.4,0,0
BW508961,BR-16,M,23,hairdressing,9,6.6,0,0
BW508962,BR-21,F,48,poultry,7,4.6,True,1
BW508963,BR-01,M,53,farming,3,5.3,yes,3
BW508964,BR-19,M,30,teaching,8,9.7,no,1
BW508965,BR-04,F,51,farming,12,1.6,FALSE,6
BW508966,BR-14,M,47,carpentry,8,1.7,0,1
BW508967,BR-12,F,19,petty trade,8,7.6,False,2
BW508968,BR-23,F,52,retail shop,6,3.1,TRUE,1
BW508969,BR-07,M,48,transport,5,13.3,FALSE,3
BW508970,BR-19,F,32,retail shop,8,2.3,TRUE,9
BW508971,BR-01,M,30,phone repair,9,4.8,FALSE,1
BW508972,BR-15,M,41,masonry,5,6.1,False,3
BW508973,BR-15,F,37,petty trade,4,5.0,TRUE,3
BW508974,BR-22,M,51,transport,2,6.5,TRUE,0
BW508975,BR-06,M,28,farming,10,3.5,FALSE,4
BW508976,BR-06,M,59,farming,11,6.1,False,2
BW508977,BR-12,F,42,retail shop,10,7.8,FALSE,2
BW508978,BR-17,F,27,tailoring,4,4.7,1,1
BW508979,BR-08,F,40,retail shop,8,0.8,True,0
BW508980,BR-03,F,50,transport,5,8.7,no,2
BW508981,BR-21,F,20,farming,8,6.0,FALSE,1
BW508982,BR-11,M,38,food vending,10,3.4,False,2
BW508983,BR-07,M,51,retail shop,12,6.2,True,6
BW508984,BR-23,M,43,carpentry,9,2.9,0,0
BW508985,BR-03,F,30,masonry,3,1.5,0,9
BW508986,BR-04,M,44,petty trade,5,6.7,False,1
BW508987,BR-23,F,52,teaching,2,10.0,FALSE,3
BW508988,BR-13,M,33,poultry,9,6.1,FALSE,2
BW508989,BR-22,M,62,teaching,4,5.0,False,0
BW508990,BR-24,M,38,poultry,3,1.7,0,0
BW508991,BR-07,M,51,farming,10,11.1,no,9
BW508992,BR-11,F,55,carpentry,3,7.7,TRUE,3
BW508993,BR-05,F,44,food vending,7,3.9,False,0
BW508994,BR-19,F,54,retail shop,9,3.5,TRUE,9
BW508995,BR-08,M,60,teaching,1,5.2,FALSE,1
BW508996,BR-14,F,31,food vending,8,5.4,no,0
BW508997,BR-09,M,47,poultry,5,0.5,False,2
BW508998,BR-09,M,62,masonry,6,9.3,0,6
BW508999,BR-05,M,60,hairdressing,3,9.8,no,4
BW509000,BR-16,F,33,carpentry,4,6.9,yes,3
BW509001,BR-13,F,21,teaching,10,3.1,0,1
BW509002,BR-07,F,62,farming,10,7.9,False,2
BW509003,BR-15,M,25,masonry,6,0.4,FALSE,4
BW509004,BR-10,M,28,retail shop,4,6.5,False,1
BW509005,BR-19,M,37,tailoring,10,4.8,True,2
BW509006,BR-15,F,32,masonry,7,10.2,0,9
BW509007,BR-11,F,60,retail shop,8,13.6,False,1
BW509008,BR-14,F,63,transport,12,11.4,no,6
BW509009,BR-16,M,26,phone repair,12,6.1,no,6
BW509010,BR-17,F,36,petty trade,5,7.5,True,4
BW509011,BR-23,F,26,petty trade,7,5.0,TRUE,6
BW509012,BR-07,F,63,carpentry,1,5.3,TRUE,1
BW509013,BR-03,F,31,carpentry,1,3.9,0,6
BW509014,BR-01,M,45,transport,4,5.9,no,0
BW509015,BR-09,F,24,food vending,9,4.2,FALSE,4
BW509016,BR-02,F,61,petty trade,11,12.8,True,9
BW509017,BR-20,F,35,retail shop,6,1.7,no,2
BW509018,BR-06,F,62,hairdressing,8,1.8,no,2
BW509019,BR-21,F,25,farming,2,6.6,False,6
BW509020,BR-09,M,26,transport,12,9.9,TRUE,6
BW509021,BR-22,M,28,food vending,7,5.0,False,1
BW509022,BR-11,M,39,carpentry,7,3.2,no,0
BW509023,BR-06,M,62,phone repair,3,2.3,TRUE,6
BW509024,BR-09,M,28,petty trade,1,10.5,no,0
BW509025,BR-14,F,47,teaching,4,3.4,FALSE,6
BW509026,BR-10,F,56,transport,7,1.9,1,3
BW509027,BR-16,M,57,hairdressing,4,3.9,1,1
BW509028,BR-21,F,58,petty trade,2,3.9,False,2
BW509029,BR-21,F,52,hairdressing,1,1.3,yes,2
BW509030,BR-08,F,24,poultry,10,7.3,FALSE,0
BW509031,BR-05,F,55,tailoring,12,10.7,1,1
BW509032,BR-09,F,38,transport,10,2.7,False,9
BW509033,BR-09,F,39,hairdressing,11,3.0,1,2
BW509034,BR-15,F,34,poultry,3,0.9,1,2
BW509035,BR-04,M,41,teaching,8,1.1,0,2
BW509036,BR-06,M,26,petty trade,12,2.0,0,0
BW509037,BR-12,F,63,hairdressing,7,8.9,True,9
BW509038,BR-21,F,53,teaching,1,4.4,no,0
BW509039,BR-14,M,62,phone repair,4,4.9,0,6
BW509040,BR-05,M,39,carpentry,12,7.1,1,2
BW509041,BR-04,F,46,tailoring,9,10.0,FALSE,0
BW509042,BR-13,M,32,hairdressing,9,3.0,1,1
BW509043,BR-17,F,55,petty trade,8,6.2,1,0
BW509044,BR-19,M,53,phone repair,12,7.4,0,2
BW509045,BR-16,F,27,tailoring,5,11.0,yes,0
BW509046,BR-17,F,39,hairdressing,5,0.4,FALSE,9
BW509047,BR-22,F,41,retail shop,8,11.5,FALSE,6
BW509048,BR-24,F,28,phone repair,10,10.9,TRUE,0
BW509049,BR-11,F,51,petty trade,2,1.6,yes,0
BW509050,BR-22,F,59,farming,6,7.0,False,1
BW509051,BR-23,M,59,teaching,5,10.5,True,1
BW509052,BR-22,F,21,petty trade,1,9.7,1,9
BW509053,BR-19,F,51,food vending,4,14.1,True,0
BW509054,BR-02,M,58,food vending,11,10.8,no,0
BW509055,BR-15,M,53,retail shop,11,0.7,1,3
BW509056,BR-21,M,22,hairdressing,5,0.8,1,4
BW509057,BR-19,M,55,teaching,9,10.9,yes,4
BW509058,BR-18,F,39,poultry,8,5.2,yes,6
BW509059,BR-24,F,58,teaching,8,1.6,TRUE,1
BW509060,BR-13,F,36,tailoring,8,1.1,yes,2
BW509061,BR-21,F,20,teaching,7,5.5,True,1
BW509062,BR-13,F,50,masonry,7,2.9,True,2
BW509063,BR-23,F,44,teaching,2,4.1,0,4
BW509064,BR-10,M,59,poultry,4,3.9,0,0
BW509065,BR-08,M,36,phone repair,8,10.8,TRUE,0
BW509066,BR-14,F,24,tailoring,7,8.9,FALSE,1
BW509067,BR-08,F,19,petty trade,1,1.1,no,2
BW509068,BR-22,M,36,food vending,3,10.4,no,4
BW509069,BR-01,M,21,masonry,12,5.3,0,0
BW509070,BR-06,F,50,teaching,4,7.4,TRUE,6
BW509071,BR-10,M,32,farming,5,3.2,yes,1
BW509072,BR-17,M,53,tailoring,1,9.7,0,9
BW509073,BR-22,M,37,food vending,5,2.1,no,2
BW509074,BR-10,F,38,carpentry,3,3.5,no,4
BW509075,BR-11,F,42,food vending,6,5.4,False,2
BW509076,BR-24,F,59,tailoring,10,5.7,True,2
BW509077,BR-08,F,46,poultry,1,8.3,no,3
BW509078,BR-04,M,31,petty trade,6,1.9,yes,1
BW509079,BR-21,F,64,hairdressing,9,7.4,0,0
BW509080,BR-13,F,34,carpentry,4,1.2,1,1
BW509081,BR-24,F,40,tailoring,7,9.7,True,3
BW509082,BR-12,F,36,carpentry,11,18.0,yes,3
BW509083,BR-22,F,46,poultry,8,3.6,FALSE,0
BW509084,BR-14,F,41,retail shop,3,7.6,TRUE,4
BW509085,BR-18,F,61,masonry,8,9.2,TRUE,3
BW509086,BR-24,F,19,poultry,7,5.9,1,3
BW509087,BR-07,F,40,teaching,2,3.7,no,9
BW509088,BR-24,F,44,food vending,8,13.8,True,1
BW509089,BR-22,M,19,petty trade,9,8.5,True,4
BW509090,BR-24,M,44,food vending,8,9.3,True,9
BW509091,BR-20,F,20,transport,11,4.1,yes,1
BW509092,BR-04,F,33,retail shop,8,0.7,1,4
BW509093,BR-09,F,50,phone repair,9,16.2,TRUE,0
BW509094,BR-15,F,31,teaching,1,10.6,True,6
BW509095,BR-20,F,50,teaching,8,4.8,1,9
BW509096,BR-07,F,48,teaching,5,3.8,1,4
BW509097,BR-12,F,54,masonry,4,12.2,FALSE,1
BW509098,BR-11,F,63,poultry,3,9.1,1,9
BW509099,BR-24,F,34,tailoring,5,3.8,yes,0
BW509100,BR-06,M,56,tailoring,8,9.9,FALSE,1
BW509101,BR-19,F,21,poultry,1,1.1,yes,9
BW509102,BR-03,F,23,poultry,11,4.0,True,1
BW509103,BR-09,M,55,carpentry,7,10.3,True,9
BW509104,BR-04,F,48,hairdressing,9,1.5,True,0
BW509105,BR-07,F,33,transport,11,8.9,TRUE,1
BW509106,BR-07,M,34,hairdressing,3,8.3,no,9
BW509107,BR-15,F,34,teaching,12,4.5,FALSE,1
BW509108,BR-08,F,35,farming,4,2.0,FALSE,9
BW509109,BR-09,F,38,retail shop,7,1.0,FALSE,0
BW509110,BR-07,M,60,farming,5,2.0,yes,1
BW509111,BR-07,M,53,masonry,2,0.8,0,0
BW509112,BR-16,F,55,tailoring,4,7.7,FALSE,2
BW509113,BR-07,F,37,food vending,9,3.8,no,4
BW509114,BR-23,M,31,masonry,11,4.1,no,3
BW509115,BR-10,F,37,phone repair,10,0.6,1,0
BW509116,BR-16,M,20,tailoring,11,6.3,True,9
BW509117,BR-14,F,41,poultry,3,5.8,True,0
BW509118,BR-09,F,19,farming,7,2.8,True,2
BW509119,BR-13,F,23,poultry,1,1.8,True,9
BW509120,BR-07,M,34,carpentry,10,4.1,no,4
BW509121,BR-09,F,35,phone repair,6,2.3,1,9
BW509122,BR-07,F,63,masonry,8,6.2,no,2
BW509123,BR-07,F,21,transport,6,6.0,1,1
BW509124,BR-03,M,22,teaching,7,3.9,yes,0
BW509125,BR-10,M,26,tailoring,9,11.0,yes,3
BW509126,BR-09,F,52,petty trade,8,1.1,FALSE,3
BW509127,BR-05,F,37,masonry,9,5.8,no,6
BW509128,BR-22,F,60,tailoring,3,11.1,0,0
BW509129,BR-24,M,63,petty trade,10,5.2,1,3
BW509130,BR-13,M,55,phone repair,4,10.7,True,9
BW509131,BR-01,M,25,farming,1,6.3,TRUE,0
BW509132,BR-03,F,40,poultry,12,3.7,False,2
BW509133,BR-09,M,55,farming,1,5.7,yes,2
BW509134,BR-16,F,41,retail shop,10,8.1,TRUE,1
BW509135,BR-01,F,38,teaching,8,4.8,False,1
BW509136,BR-12,F,62,carpentry,1,10.8,1,3
BW509137,BR-19,F,35,poultry,3,10.0,FALSE,6
BW509138,BR-14,M,51,teaching,1,8.0,0,2
BW509139,BR-08,F,27,teaching,3,15.9,yes,9
BW509140,BR-04,F,55,farming,12,10.8,TRUE,6
BW509141,BR-01,F,47,phone repair,12,2.4,1,0
BW509142,BR-19,F,37,retail shop,2,3.7,1,0
BW509143,BR-19,F,56,food vending,9,3.0,no,2
BW509144,BR-20,M,23,carpentry,5,11.6,0,2
BW509145,BR-23,M,23,carpentry,11,8.1,TRUE,4
BW509146,BR-24,M,30,food vending,2,7.0,1,0
BW509147,BR-09,M,34,poultry,5,3.1,True,1
BW509148,BR-17,M,42,hairdressing,11,10.6,TRUE,1
BW509149,BR-17,M,25,farming,5,10.9,1,0
BW509150,BR-09,F,20,masonry,6,4.9,True,3
BW509151,BR-12,M,35,poultry,12,10.6,False,2
BW509152,BR-24,M,22,retail shop,11,3.9,yes,0
BW509153,BR-18,F,33,transport,11,9.0,1,9
BW509154,BR-14,F,22,teaching,1,8.9,False,1
BW509155,BR-03,M,49,petty trade,3,3.1,TRUE,9
BW509156,BR-09,M,64,retail shop,7,7.3,False,2
BW509157,BR-14,M,31,petty trade,7,0.8,no,2
BW509158,BR-14,F,21,tailoring,8,5.6,no,0
BW509159,BR-07,M,40,petty trade,4,12.8,False,9
BW509160,BR-14,M,54,masonry,5,1.3,yes,0
BW509161,BR-05,F,53,poultry,8,4.8,yes,9
BW509162,BR-05,F,50,transport,5,5.1,FALSE,4
BW509163,BR-01,F,46,hairdressing,5,8.6,no,9
BW509164,BR-16,M,54,phone repair,6,2.4,False,0
BW509165,BR-09,M,25,teaching,6,9.8,yes,2
BW509166,BR-16,M,53,carpentry,9,9.6,True,1
BW509167,BR-12,M,42,petty trade,1,0.7,no,0
BW509168,BR-17,M,27,masonry,6,0.6,0,3
BW509169,BR-13,M,30,carpentry,3,6.3,0,4
BW509170,BR-12,F,38,retail shop,5,3.5,TRUE,1
BW509171,BR-19,F,28,carpentry,3,5.0,0,3
BW509172,BR-13,F,63,poultry,1,2.2,yes,1
BW509173,BR-21,F,57,petty trade,9,7.1,True,2
BW509174,BR-16,F,36,carpentry,11,2.0,no,1
BW509175,BR-17,F,38,tailoring,7,5.6,0,1
BW509176,BR-20,M,36,hairdressing,4,2.5,0,1
BW509177,BR-04,M,22,food vending,6,0.4,1,1
BW509178,BR-20,F,47,poultry,9,4.3,0,0
BW509179,BR-02,M,40,carpentry,11,2.7,FALSE,1
BW509180,BR-11,M,44,farming,9,6.1,0,9
BW509181,BR-22,M,45,carpentry,4,6.3,True,6
BW509182,BR-11,F,38,farming,4,1.1,no,0
BW509183,BR-17,F,38,poultry,6,1.4,FALSE,1
BW509184,BR-13,F,61,farming,2,0.2,1,3
BW509185,BR-23,M,30,farming,6,6.0,1,3
BW509186,BR-18,M,36,phone repair,11,1.2,FALSE,0
BW509187,BR-13,F,20,teaching,8,1.6,no,0
BW509188,BR-06,F,31,tailoring,7,5.0,True,0
BW509189,BR-24,M,56,phone repair,4,3.9,yes,6
BW509190,BR-14,M,57,farming,2,0.7,yes,9
BW509191,BR-16,F,49,transport,9,0.8,yes,4
BW509192,BR-14,M,51,tailoring,2,2.6,False,0
BW509193,BR-22,F,34,phone repair,2,7.5,yes,3
BW509194,BR-01,M,52,teaching,7,4.6,yes,9
BW509195,BR-10,M,30,farming,6,7.4,no,9
BW509196,BR-19,M,47,phone repair,6,2.8,True,4
BW509197,BR-21,F,35,hairdressing,10,0.3,1,6
BW509198,BR-10,F,59,poultry,5,5.3,True,2
BW509199,BR-01,M,51,farming,4,7.9,TRUE,6
BW509200,BR-23,F,56,farming,2,12.6,FALSE,1
BW509201,BR-18,F,27,farming,8,6.0,False,4
BW509202,BR-16,F,50,poultry,12,6.0,0,6
BW509203,BR-12,M,19,carpentry,5,6.9,FALSE,3
BW509204,BR-21,M,33,farming,2,0.3,1,9
BW509205,BR-07,F,26,carpentry,10,11.2,True,9
BW509206,BR-20,F,39,phone repair,8,2.8,0,9
BW509207,BR-14,F,26,petty trade,6,9.5,False,4
BW509208,BR-19,F,54,transport,8,4.7,True,0
BW509209,BR-24,F,51,farming,6,0.2,FALSE,6
BW509210,BR-07,F,27,petty trade,12,13.0,yes,1
BW509211,BR-10,M,31,hairdressing,2,0.7,True,4
BW509212,BR-15,F,49,phone repair,1,1.9,True,9
BW509213,BR-19,M,53,masonry,3,2.5,no,1
BW509214,BR-03,F,37,transport,4,5.1,True,4
BW509215,BR-16,F,39,petty trade,8,4.8,yes,4
BW509216,BR-17,M,44,transport,10,10.0,1,3
BW509217,BR-01,M,42,carpentry,8,3.5,0,1
BW509218,BR-09,F,27,carpentry,12,10.5,TRUE,1
BW509219,BR-04,F,33,petty trade,2,2.6,no,2
BW509220,BR-05,F,50,tailoring,2,3.5,no,1
BW509221,BR-04,F,44,tailoring,7,6.5,1,0
BW509222,BR-09,F,49,transport,1,0.4,False,3
BW509223,BR-17,M,35,transport,8,5.0,FALSE,9
BW509224,BR-24,F,61,phone repair,5,0.3,no,2
BW509225,BR-19,M,33,teaching,2,0.2,False,1
BW509226,BR-24,F,21,phone repair,6,14.7,False,3
BW509227,BR-15,F,45,retail shop,7,3.7,TRUE,0
BW509228,BR-08,F,55,teaching,9,5.5,0,3
BW509229,BR-19,M,40,farming,1,14.1,False,0
BW509230,BR-19,F,21,food vending,5,5.6,True,2
BW509231,BR-22,M,44,tailoring,12,8.2,FALSE,2
BW509232,BR-16,M,47,retail shop,2,6.2,yes,9
BW509233,BR-24,M,63,tailoring,12,2.0,False,9
BW509234,BR-03,F,50,food vending,1,6.3,yes,3
BW509235,BR-24,F,46,carpentry,4,9.2,True,6
BW509236,BR-02,M,42,poultry,4,4.5,FALSE,1
BW509237,BR-05,F,43,carpentry,2,1.0,1,0
BW509238,BR-23,M,59,teaching,6,1.9,no,1
BW509239,BR-04,M,49,hairdressing,3,4.6,1,0
BW509240,BR-24,M,21,retail shop,5,0.4,0,4
BW509241,BR-10,F,41,masonry,5,4.9,False,0
BW509242,BR-21,M,50,hairdressing,1,1.2,1,1
BW509243,BR-21,F,56,masonry,2,8.7,FALSE,6
BW509244,BR-10,M,41,phone repair,4,3.8,True,1
BW509245,BR-06,F,49,petty trade,11,9.9,yes,0
BW509246,BR-11,F,57,teaching,1,6.9,0,2
BW509247,BR-10,F,23,phone repair,7,7.8,TRUE,2
BW509248,BR-06,M,58,masonry,8,3.7,TRUE,3
BW509249,BR-08,F,19,food vending,12,2.2,0,0
BW509250,BR-08,F,54,tailoring,5,3.4,FALSE,4
BW509251,BR-20,M,53,petty trade,2,4.6,FALSE,1
BW509252,BR-11,F,19,retail shop,9,6.4,TRUE,1
BW509253,BR-06,M,61,tailoring,6,2.5,no,9
BW509254,BR-20,F,37,tailoring,7,12.7,yes,9
BW509255,BR-12,F,49,farming,3,1.7,TRUE,2
BW509256,BR-06,F,30,petty trade,4,4.1,yes,0
BW509257,BR-08,M,53,teaching,6,2.8,False,1
BW509258,BR-18,F,27,phone repair,3,5.6,1,0
BW509259,BR-02,M,63,teaching,7,2.9,TRUE,0
BW509260,BR-24,M,32,tailoring,3,8.3,1,1
BW509261,BR-11,F,40,phone repair,11,4.7,1,0
BW509262,BR-14,F,37,masonry,10,3.4,True,6
BW509263,BR-21,M,39,masonry,7,4.3,1,6
BW509264,BR-06,M,52,hairdressing,7,8.1,FALSE,0
BW509265,BR-23,M,31,teaching,2,2.9,False,6
BW509266,BR-22,F,41,hairdressing,11,5.8,True,1
BW509267,BR-04,F,48,transport,3,7.7,yes,0
BW509268,BR-20,M,52,retail shop,8,1.5,False,3
BW509269,BR-13,F,46,teaching,10,6.0,True,1
BW509270,BR-17,F,33,phone repair,11,4.8,yes,9
BW509271,BR-15,F,46,food vending,10,8.5,1,0
BW509272,BR-08,F,45,tailoring,8,4.0,TRUE,3
BW509273,BR-23,F,33,petty trade,11,8.2,True,9
BW509274,BR-06,F,48,tailoring,12,0.5,yes,0
BW509275,BR-01,F,57,teaching,5,3.7,False,4
BW509276,BR-06,F,23,phone repair,5,2.8,TRUE,0
BW509277,BR-16,F,58,transport,3,5.2,1,9
BW509278,BR-04,M,34,masonry,4,0.8,no,4
BW509279,BR-22,M,39,poultry,7,10.9,yes,1
BW509280,BR-24,M,30,phone repair,2,2.8,FALSE,9
BW509281,BR-12,F,63,poultry,9,6.5,False,1
BW509282,BR-23,M,39,poultry,11,0.3,FALSE,0
BW509283,BR-14,F,60,retail shop,10,6.4,TRUE,9
BW509284,BR-21,F,21,phone repair,6,6.0,TRUE,0
BW509285,BR-13,F,21,farming,5,6.6,FALSE,0
BW509286,BR-18,M,44,food vending,4,6.8,FALSE,4
BW509287,BR-17,F,37,food vending,4,4.9,yes,4
BW509288,BR-21,M,19,masonry,3,7.1,True,3
BW509289,BR-17,M,61,transport,8,2.1,1,3
BW509290,BR-15,M,36,tailoring,7,1.5,0,1
BW509291,BR-02,M,64,tailoring,4,3.5,TRUE,4
BW509292,BR-18,M,61,farming,11,6.4,no,4
BW509293,BR-02,M,30,transport,11,0.2,True,9
BW509294,BR-09,F,39,carpentry,1,10.1,1,1
BW509295,BR-14,M,40,petty trade,7,14.0,1,0
BW509296,BR-15,F,59,poultry,6,5.7,True,1
BW509297,BR-07,M,25,hairdressing,2,1.5,True,0
BW509298,BR-08,F,61,phone repair,5,9.3,yes,0
BW509299,BR-04,F,23,transport,7,9.4,True,4
BW509300,BR-05,M,33,transport,7,11.7,False,1
BW509301,BR-22,F,55,masonry,3,1.9,FALSE,0
BW509302,BR-10,F,29,hairdressing,3,0.9,yes,1
BW509303,BR-04,F,44,farming,7,9.1,True,1
BW509304,BR-15,M,49,carpentry,9,11.7,FALSE,1
BW509305,BR-22,F,21,farming,9,3.7,no,6
BW509306,BR-23,M,22,transport,11,9.8,yes,9
BW509307,BR-13,F,31,phone repair,9,2.9,TRUE,2
BW509308,BR-20,M,30,farming,5,6.6,True,0
BW509309,BR-23,F,23,food vending,9,11.9,no,6
BW509310,BR-21,F,58,carpentry,7,3.3,True,6
BW509311,BR-04,M,19,tailoring,12,10.4,no,0
BW509312,BR-10,M,63,transport,10,10.9,no,9
BW509313,BR-06,M,27,transport,11,7.2,0,9
BW509314,BR-11,M,37,poultry,4,3.6,no,4
BW509315,BR-15,F,38,petty trade,2,1.3,yes,0
BW509316,BR-15,F,41,teaching,9,5.1,0,1
BW509317,BR-05,F,41,farming,10,9.8,yes,3
BW509318,BR-23,M,22,teaching,10,6.6,False,9
BW509319,BR-11,F,32,retail shop,1,3.0,True,2
BW509320,BR-13,M,45,carpentry,8,3.8,yes,0
BW509321,BR-21,M,24,teaching,3,8.4,FALSE,0
BW509322,BR-14,F,57,carpentry,8,2.7,1,0
BW509323,BR-12,F,50,transport,5,2.3,False,9
BW509324,BR-24,F,34,retail shop,11,3.0,False,4
BW509325,BR-10,M,55,transport,1,10.7,TRUE,4
BW509326,BR-22,F,43,farming,3,13.5,1,9
BW509327,BR-16,F,48,teaching,10,6.4,True,4
BW509328,BR-22,F,46,food vending,7,10.5,1,0
BW509329,BR-22,F,47,poultry,6,4.3,True,1
BW509330,BR-16,M,20,retail shop,8,4.9,FALSE,2
BW509331,BR-11,F,47,phone repair,9,7.5,no,2
BW509332,BR-21,M,19,carpentry,12,8.0,True,3
BW509333,BR-24,M,21,poultry,3,6.0,1,1
BW509334,BR-15,M,42,carpentry,11,5.2,True,0
BW509335,BR-01,F,29,farming,5,8.6,True,1
BW509336,BR-05,F,32,phone repair,11,11.6,0,4
BW509337,BR-05,F,28,hairdressing,5,8.8,0,6
BW509338,BR-11,M,29,phone repair,9,4.6,TRUE,6
BW509339,BR-02,M,20,masonry,8,7.6,True,2
BW509340,BR-23,M,47,carpentry,7,8.6,yes,1
BW509341,BR-21,M,37,poultry,7,6.8,TRUE,3
BW509342,BR-13,M,51,masonry,5,3.1,TRUE,1
BW509343,BR-24,M,20,phone repair,3,1.2,1,0
BW509344,BR-22,F,29,masonry,6,2.5,yes,3
BW509345,BR-20,F,37,masonry,10,1.7,no,0
BW509346,BR-07,F,29,food vending,4,3.8,False,1
BW509347,BR-17,M,20,retail shop,8,1.3,False,3
BW509348,BR-07,M,37,transport,6,10.7,TRUE,3
BW509349,BR-14,F,33,tailoring,11,17.2,TRUE,2
BW509350,BR-24,M,25,tailoring,8,8.7,1,0
BW509351,BR-15,F,58,poultry,8,7.3,yes,1
BW509352,BR-20,F,23,transport,3,5.3,FALSE,2
BW509353,BR-12,M,38,farming,10,8.7,0,2
BW509354,BR-01,F,64,poultry,3,5.9,FALSE,0
BW509355,BR-05,F,22,farming,3,6.8,1,9
BW509356,BR-16,F,30,masonry,12,5.9,False,1
BW509357,BR-05,F,35,teaching,4,4.0,TRUE,0
BW509358,BR-03,M,42,hairdressing,12,0.4,0,3
BW509359,BR-21,F,64,retail shop,12,6.4,TRUE,9
BW509360,BR-21,M,40,retail shop,3,0.3,False,3
BW509361,BR-21,F,50,masonry,7,9.1,no,1
BW509362,BR-14,M,28,tailoring,2,1.7,yes,3
BW509363,BR-10,M,47,hairdressing,8,2.8,1,0
BW509364,BR-13,M,49,carpentry,1,4.9,True,0
BW509365,BR-16,M,59,tailoring,2,3.2,False,1
BW509366,BR-05,F,28,masonry,2,20.7,True,6
BW509367,BR-19,F,64,tailoring,7,2.2,TRUE,2
BW509368,BR-15,F,26,hairdressing,6,4.2,yes,3
BW509369,BR-11,F,35,retail shop,11,4.6,TRUE,2
BW509370,BR-17,F,54,hairdressing,3,2.6,False,1
BW509371,BR-05,M,54,phone repair,7,5.6,False,1
BW509372,BR-21,M,20,retail shop,1,2.7,0,2
BW509373,BR-09,M,28,retail shop,3,13.4,False,6
BW509374,BR-22,F,55,petty trade,3,0.5,1,1
BW509375,BR-15,F,23,phone repair,8,3.0,FALSE,2
BW509376,BR-21,M,43,hairdressing,3,12.7,0,3
BW509377,BR-04,M,22,farming,7,1.5,yes,1
BW509378,BR-16,F,37,teaching,2,6.2,TRUE,4
BW509379,BR-10,M,40,teaching,1,4.3,no,4
BW509380,BR-17,M,21,masonry,3,7.8,no,4
BW509381,BR-15,F,20,food vending,8,11.4,yes,1
BW509382,BR-15,F,48,teaching,2,5.5,0,0
BW509383,BR-11,F,43,carpentry,5,7.2,0,3
BW509384,BR-19,M,37,tailoring,3,7.1,False,4
BW509385,BR-19,F,55,phone repair,4,3.1,True,3
BW509386,BR-10,M,45,petty trade,12,0.3,yes,9
BW509387,BR-19,M,44,transport,9,4.1,yes,0
BW509388,BR-19,F,56,phone repair,12,0.2,TRUE,4
BW509389,BR-24,F,57,masonry,6,9.7,yes,0
BW509390,BR-22,F,52,petty trade,10,8.0,1,9
BW509391,BR-13,F,47,tailoring,12,3.0,False,1
BW509392,BR-09,F,64,petty trade,7,0.4,True,6
BW509393,BR-22,F,45,retail shop,4,1.8,1,4
BW509394,BR-17,F,61,teaching,7,2.8,1,0
BW509395,BR-17,M,38,masonry,6,0.7,False,2
BW509396,BR-14,F,38,petty trade,10,11.6,0,0
BW509397,BR-04,F,30,farming,4,13.5,False,1
BW509398,BR-16,F,24,carpentry,6,2.0,False,0
BW509399,BR-17,F,28,transport,12,11.3,TRUE,0
BW509400,BR-03,F,36,food vending,6,3.9,True,4
BW509401,BR-20,M,41,phone repair,4,6.9,yes,6
BW509402,BR-06,M,60,food vending,4,5.3,yes,0
BW509403,BR-05,M,54,farming,8,10.3,True,6
BW509404,BR-17,F,58,retail shop,11,4.2,TRUE,2
BW509405,BR-18,F,60,food vending,1,6.3,yes,0
BW509406,BR-21,F,47,poultry,11,12.1,no,6
BW509407,BR-04,M,61,farming,3,0.5,no,3
BW509408,BR-10,F,47,masonry,8,6.9,TRUE,4
BW509409,BR-07,F,21,carpentry,7,8.6,TRUE,6
BW509410,BR-01,F,63,poultry,7,5.1,no,3
BW509411,BR-12,F,22,phone repair,4,5.8,1,4
BW509412,BR-13,F,25,petty trade,4,12.7,TRUE,1
BW509413,BR-17,F,63,teaching,5,9.1,0,0
BW509414,BR-20,M,33,transport,3,3.6,yes,1
BW509415,BR-03,F,24,carpentry,9,2.5,yes,1
BW509416,BR-18,F,33,hairdressing,9,9.3,1,3
BW509417,BR-02,F,19,poultry,9,1.6,0,4
BW509418,BR-17,F,63,teaching,10,9.3,1,6
BW509419,BR-10,F,38,petty trade,9,8.4,1,6
BW509420,BR-18,F,64,retail shop,4,4.3,0,0
BW509421,BR-02,F,25,poultry,5,11.0,1,1
BW509422,BR-22,M,35,farming,1,3.0,no,0
BW509423,BR-02,F,40,farming,5,5.4,0,9
BW509424,BR-01,F,45,carpentry,1,10.8,yes,0
BW509425,BR-22,F,57,food vending,2,5.2,0,2
BW509426,BR-08,F,63,masonry,11,8.1,False,0
BW509427,BR-13,F,19,masonry,9,5.1,0,4
BW509428,BR-09,M,32,poultry,6,9.7,TRUE,9
BW509429,BR-22,F,43,carpentry,5,3.9,yes,1
BW509430,BR-13,F,37,poultry,1,4.6,no,4
BW509431,BR-05,F,37,retail shop,11,2.5,no,2
BW509432,BR-14,F,39,transport,3,11.4,TRUE,4
BW509433,BR-18,F,53,farming,6,0.7,TRUE,0
BW509434,BR-13,M,27,farming,6,13.7,1,1
BW509435,BR-13,F,23,food vending,6,10.2,0,0
BW509436,BR-02,F,41,petty trade,5,6.0,yes,0
BW509437,BR-18,M,42,food vending,5,2.9,yes,2
BW509438,BR-23,F,45,petty trade,11,10.6,no,9
BW509439,BR-14,M,52,hairdressing,7,2.7,yes,1
BW509440,BR-09,F,40,hairdressing,10,0.3,0,2
BW509441,BR-05,F,39,farming,7,8.1,False,0
BW509442,BR-19,F,57,teaching,8,7.4,False,4
BW509443,BR-21,M,20,hairdressing,12,8.3,1,0
BW509444,BR-06,F,63,food vending,2,4.3,TRUE,4
BW509445,BR-22,F,47,tailoring,8,5.5,no,4
BW509446,BR-20,M,52,poultry,11,2.3,0,1
BW509447,BR-08,F,41,farming,8,4.5,0,9
BW509448,BR-21,M,56,transport,12,4.4,TRUE,1
BW509449,BR-16,F,59,petty trade,3,9.6,FALSE,1
BW509450,BR-12,F,59,phone repair,4,4.6,no,9
BW509451,BR-01,F,36,food vending,3,4.3,True,9
BW509452,BR-02,M,52,farming,8,1.2,True,3
BW509453,BR-23,M,61,phone repair,7,10.1,0,0
BW509454,BR-04,F,29,carpentry,6,6.4,1,2
BW509455,BR-22,F,62,farming,3,1.6,FALSE,3
BW509456,BR-22,M,54,retail shop,3,8.4,no,4
BW509457,BR-09,F,62,phone repair,9,5.8,1,0
BW509458,BR-18,F,55,retail shop,10,2.8,yes,6
BW509459,BR-10,F,36,petty trade,6,7.3,False,6
BW509460,BR-17,F,60,petty trade,4,1.5,yes,1
BW509461,BR-18,F,55,teaching,9,3.0,yes,3
BW509462,BR-09,M,27,phone repair,2,7.3,0,1
BW509463,BR-19,F,20,poultry,4,9.2,yes,3
BW509464,BR-04,M,46,farming,11,0.7,FALSE,6
BW509465,BR-11,M,64,retail shop,6,3.9,no,0
BW509466,BR-22,F,57,hairdressing,6,0.3,FALSE,0
BW509467,BR-18,F,45,hairdressing,3,4.0,1,6
BW509468,BR-08,F,24,carpentry,12,4.1,TRUE,4
BW509469,BR-19,F,28,masonry,7,0.5,TRUE,0
BW509470,BR-03,F,43,petty trade,7,7.5,no,3
BW509471,BR-15,M,55,farming,4,12.0,0,1
BW509472,BR-17,M,60,transport,11,3.1,False,3
BW509473,BR-02,F,51,teaching,7,6.6,True,1
BW509474,BR-10,M,31,hairdressing,2,5.2,yes,3
BW509475,BR-12,M,38,teaching,11,4.5,FALSE,3
BW509476,BR-07,F,26,carpentry,4,2.6,FALSE,1
BW509477,BR-10,M,19,farming,7,3.3,no,0
BW509478,BR-12,F,21,hairdressing,5,6.6,TRUE,3
BW509479,BR-15,M,33,masonry,11,13.0,TRUE,0
BW509480,BR-05,F,25,food vending,6,3.5,1,1
BW509481,BR-16,F,50,petty trade,6,1.1,False,0
BW509482,BR-03,F,64,hairdressing,2,7.1,yes,4
BW509483,BR-22,M,28,food vending,7,7.8,no,1
BW509484,BR-16,F,27,food vending,6,1.8,yes,3
BW509485,BR-02,M,45,masonry,3,5.0,no,3
BW509486,BR-03,F,34,phone repair,9,10.0,1,4
BW509487,BR-01,F,40,teaching,7,7.5,1,6
BW509488,BR-02,M,44,food vending,9,7.4,no,1
BW509489,BR-16,F,43,food vending,4,9.3,1,4
BW509490,BR-05,F,55,transport,9,6.1,no,1
BW509491,BR-07,M,63,tailoring,8,8.6,0,1
BW509492,BR-21,M,42,hairdressing,8,7.6,no,9
BW509493,BR-03,F,35,tailoring,5,4.8,True,0
BW509494,BR-18,F,51,phone repair,6,10.8,0,2
BW509495,BR-22,F,27,teaching,10,3.0,False,3
BW509496,BR-04,F,36,masonry,7,7.8,TRUE,2
BW509497,BR-06,M,49,farming,9,9.5,0,2
BW509498,BR-21,F,20,petty trade,10,8.0,0,0
BW509499,BR-21,M,38,tailoring,3,5.8,True,2
BW509500,BR-11,F,20,hairdressing,6,7.0,TRUE,3
BW509501,BR-05,F,36,hairdressing,1,1.6,True,4
BW509502,BR-11,M,35,food vending,1,3.7,True,2
BW509503,BR-11,F,54,transport,9,6.4,0,1
BW509504,BR-09,M,48,masonry,11,0.3,FALSE,9
BW509505,BR-10,M,46,hairdressing,7,13.4,FALSE,0
BW509506,BR-22,F,25,petty trade,12,7.4,1,1
BW509507,BR-14,M,41,retail shop,7,3.9,0,2
BW509508,BR-04,M,50,petty trade,1,9.9,True,1
BW509509,BR-22,F,39,food vending,11,12.6,True,6
BW509510,BR-24,F,50,retail shop,4,10.5,0,1
BW509511,BR-09,F,55,retail shop,3,11.5,False,9
BW509512,BR-15,M,26,carpentry,9,6.6,no,1
BW509513,BR-13,M,52,phone repair,11,2.0,0,6
BW509514,BR-16,F,54,masonry,5,12.4,TRUE,0
BW509515,BR-17,M,23,carpentry,7,7.1,0,1
BW509516,BR-05,M,47,carpentry,12,8.6,0,2
BW509517,BR-16,M,63,petty trade,6,4.4,TRUE,9
BW509518,BR-04,F,20,masonry,9,6.5,1,0
BW509519,BR-10,F,54,farming,12,2.9,FALSE,2
BW509520,BR-13,F,22,retail shop,6,7.0,True,1
BW509521,BR-06,M,33,masonry,1,4.8,False,6
BW509522,BR-08,F,37,masonry,12,5.8,False,0
BW509523,BR-01,M,54,retail shop,1,5.8,1,9
BW509524,BR-16,F,29,farming,11,1.9,0,1
BW509525,BR-14,F,31,transport,6,1.9,False,0
BW509526,BR-06,M,28,retail shop,8,1.4,FALSE,0
BW509527,BR-24,M,40,teaching,10,3.9,True,1
BW509528,BR-17,F,19,petty trade,12,1.8,FALSE,0
BW509529,BR-01,F,64,phone repair,4,16.2,TRUE,4
BW509530,BR-08,M,22,food vending,2,10.0,True,9
BW509531,BR-16,F,31,carpentry,4,11.4,True,1
BW509532,BR-16,M,34,masonry,2,9.8,True,2
BW509533,BR-14,M,33,petty trade,11,13.5,no,4
BW509534,BR-12,F,55,poultry,3,11.8,TRUE,0
BW509535,BR-11,M,27,transport,2,7.4,yes,2
BW509536,BR-19,F,52,carpentry,9,9.1,yes,3
BW509537,BR-09,F,59,teaching,12,7.9,False,1
BW509538,BR-18,F,30,petty trade,6,8.3,0,1
BW509539,BR-13,F,32,phone repair,8,8.7,no,2
BW509540,BR-19,M,28,teaching,12,7.6,0,0
BW509541,BR-12,F,42,petty trade,9,3.1,1,2
BW509542,BR-17,F,36,phone repair,6,9.2,True,4
BW509543,BR-18,F,32,transport,8,1.5,no,2
BW509544,BR-04,F,54,petty trade,6,5.3,False,1
BW509545,BR-18,M,54,retail shop,8,8.1,0,0
BW509546,BR-11,M,58,retail shop,8,8.6,1,2
BW509547,BR-21,F,40,masonry,6,1.9,1,2
BW509548,BR-05,F,34,masonry,5,3.2,TRUE,4
BW509549,BR-21,F,58,poultry,2,12.3,yes,6
BW509550,BR-24,F,44,transport,3,6.0,False,2
BW509551,BR-03,M,32,teaching,5,2.2,yes,1
BW509552,BR-16,M,29,retail shop,6,2.5,no,0
BW509553,BR-21,M,48,transport,2,3.8,no,0
BW509554,BR-13,F,56,petty trade,1,6.6,True,9
BW509555,BR-22,F,61,masonry,9,6.8,FALSE,9
BW509556,BR-23,F,27,transport,11,13.9,FALSE,1
BW509557,BR-10,F,37,poultry,2,9.3,TRUE,2
BW509558,BR-03,F,54,poultry,1,3.7,0,0
BW509559,BR-12,M,59,tailoring,10,13.4,0,0
BW509560,BR-06,M,22,food vending,3,1.1,1,6
BW509561,BR-21,F,36,tailoring,6,4.1,no,4
BW509562,BR-14,F,48,farming,1,8.3,0,6
BW509563,BR-03,F,36,phone repair,12,0.9,FALSE,1
BW509564,BR-18,F,24,hairdressing,5,5.4,no,1
BW509565,BR-11,F,63,tailoring,5,7.9,1,4
BW509566,BR-11,F,63,hairdressing,10,2.5,TRUE,4
BW509567,BR-13,M,34,poultry,8,10.8,True,6
BW509568,BR-15,F,46,phone repair,3,2.6,1,2
BW509569,BR-21,M,54,petty trade,11,1.0,yes,9
BW509570,BR-20,F,55,tailoring,12,6.7,FALSE,6
BW509571,BR-18,M,23,food vending,10,6.0,TRUE,1
BW509572,BR-20,F,53,tailoring,10,8.9,TRUE,2
BW509573,BR-24,F,42,petty trade,6,1.1,FALSE,6
BW509574,BR-04,F,20,teaching,4,0.4,yes,1
BW509575,BR-11,M,35,tailoring,8,2.5,0,1
BW509576,BR-04,F,62,transport,4,4.3,FALSE,6
BW509577,BR-09,F,28,teaching,4,0.8,yes,9
BW509578,BR-20,F,41,teaching,5,4.8,False,3
BW509579,BR-03,M,40,transport,6,9.1,False,2
BW509580,BR-03,M,27,food vending,8,11.6,FALSE,0
BW509581,BR-17,M,24,masonry,9,0.8,0,1
BW509582,BR-02,F,51,masonry,3,1.1,yes,2
BW509583,BR-22,F,31,teaching,6,2.2,True,1
BW509584,BR-11,M,60,masonry,8,5.7,True,3
BW509585,BR-13,F,55,petty trade,3,5.7,TRUE,9
BW509586,BR-11,F,35,masonry,5,6.1,False,4
BW509587,BR-10,M,21,food vending,7,6.5,False,1
BW509588,BR-07,M,60,food vending,11,6.6,FALSE,6
BW509589,BR-13,M,57,masonry,1,6.8,False,1
BW509590,BR-15,F,19,carpentry,6,2.2,FALSE,0
BW509591,BR-23,F,21,petty trade,6,1.7,False,3
BW509592,BR-15,F,54,tailoring,10,11.5,TRUE,4
BW509593,BR-18,F,22,masonry,9,3.8,TRUE,0
BW509594,BR-05,F,51,food vending,3,3.2,False,6
BW509595,BR-06,M,37,farming,12,5.9,False,0
BW509596,BR-24,M,59,hairdressing,4,3.3,1,4
BW509597,BR-23,M,34,teaching,5,2.1,TRUE,9
BW509598,BR-15,F,51,farming,3,3.9,1,2
BW509599,BR-22,F,35,masonry,1,9.9,FALSE,6
BW509600,BR-09,M,62,poultry,5,3.1,yes,1
BW509601,BR-17,F,48,carpentry,10,2.3,0,3
BW509602,BR-08,F,55,masonry,8,4.2,False,1
BW509603,BR-10,F,56,retail shop,12,10.5,FALSE,9
BW509604,BR-23,M,49,farming,2,2.8,FALSE,9
BW509605,BR-21,M,59,transport,12,7.8,TRUE,1
BW509606,BR-23,F,47,phone repair,3,15.2,False,2
BW509607,BR-13,F,19,hairdressing,4,3.1,TRUE,1
BW509608,BR-05,F,54,poultry,4,2.6,FALSE,0
BW509609,BR-12,M,40,phone repair,2,0.7,FALSE,1
BW509610,BR-18,F,62,transport,7,6.0,1,0
BW509611,BR-22,F,40,hairdressing,3,9.9,True,4
BW509612,BR-06,M,44,phone repair,12,1.1,0,0
BW509613,BR-12,F,23,food vending,4,0.6,False,0
BW509614,BR-22,F,55,hairdressing,12,4.9,1,2
BW509615,BR-16,F,40,food vending,7,3.2,False,4
BW509616,BR-18,F,50,masonry,9,3.8,TRUE,3
BW509617,BR-24,M,57,petty trade,8,12.0,TRUE,2
BW509618,BR-16,M,21,phone repair,4,5.5,False,1
BW509619,BR-13,F,58,phone repair,9,5.0,1,6
BW509620,BR-15,F,57,hairdressing,12,13.9,1,1
BW509621,BR-04,F,63,petty trade,2,2.5,False,1
BW509622,BR-23,F,37,teaching,5,7.1,TRUE,3
BW509623,BR-13,F,41,carpentry,11,6.3,False,6
BW509624,BR-04,F,56,retail shop,7,3.1,True,1
BW509625,BR-16,F,50,hairdressing,9,9.3,True,6
BW509626,BR-07,F,46,hairdressing,6,4.6,FALSE,1
BW509627,BR-09,F,54,petty trade,6,1.2,FALSE,9
BW509628,BR-13,F,63,petty trade,1,3.6,True,3
BW509629,BR-16,F,29,masonry,8,0.2,no,4
BW509630,BR-23,M,24,food vending,6,6.2,1,9
BW509631,BR-11,F,60,hairdressing,5,0.6,FALSE,1
BW509632,BR-15,M,25,poultry,5,10.0,FALSE,1
BW509633,BR-10,F,48,carpentry,3,0.5,FALSE,0
BW509634,BR-04,M,51,food vending,11,3.2,no,6
BW509635,BR-07,F,61,teaching,8,4.4,no,3
BW509636,BR-18,M,38,poultry,3,7.7,0,6
BW509637,BR-08,M,58,food vending,10,8.0,1,1
BW509638,BR-03,F,49,poultry,8,7.5,True,4
BW509639,BR-09,F,37,petty trade,8,1.4,FALSE,0
BW509640,BR-15,M,31,teaching,1,2.7,no,2
BW509641,BR-14,F,28,teaching,11,5.3,1,9
BW509642,BR-02,M,23,retail shop,6,5.1,no,0
BW509643,BR-22,F,42,carpentry,2,5.5,False,6
BW509644,BR-21,F,40,tailoring,1,5.9,1,1
BW509645,BR-18,F,49,retail shop,4,3.6,yes,0
BW509646,BR-08,F,40,tailoring,2,4.2,TRUE,9
BW509647,BR-18,F,54,carpentry,9,13.0,True,6
BW509648,BR-02,M,34,phone repair,11,11.2,yes,6
BW509649,BR-24,F,56,food vending,10,8.7,FALSE,1
BW509650,BR-08,M,46,hairdressing,11,8.8,False,1
BW509651,BR-12,F,62,phone repair,10,7.9,yes,2
BW509652,BR-22,M,55,phone repair,2,6.4,yes,9
BW509653,BR-09,F,20,poultry,5,6.3,0,4
BW509654,BR-14,F,28,carpentry,2,2.3,FALSE,0
BW509655,BR-21,M,20,transport,2,5.3,1,9
BW509656,BR-05,M,46,carpentry,5,1.5,no,1
BW509657,BR-03,F,45,farming,6,6.0,0,1
BW509658,BR-14,F,28,farming,6,6.8,TRUE,1
BW509659,BR-15,M,59,teaching,4,1.4,no,2
BW509660,BR-05,F,52,phone repair,5,12.8,TRUE,0
BW509661,BR-22,F,28,hairdressing,7,0.5,True,4
BW509662,BR-06,F,55,tailoring,9,8.4,True,4
BW509663,BR-08,F,44,petty trade,6,6.1,TRUE,1
BW509664,BR-20,F,22,farming,7,0.4,0,4
BW509665,BR-11,M,48,tailoring,4,5.8,TRUE,4
BW509666,BR-09,M,61,carpentry,10,5.2,no,0
BW509667,BR-22,F,27,transport,5,3.9,TRUE,9
BW509668,BR-17,F,40,phone repair,8,6.9,0,0
BW509669,BR-10,F,27,retail shop,7,5.8,yes,6
BW509670,BR-20,M,54,masonry,1,4.9,FALSE,4
BW509671,BR-02,F,24,phone repair,5,9.3,FALSE,1
BW509672,BR-03,F,29,food vending,1,4.3,FALSE,0
BW509673,BR-20,F,54,phone repair,11,5.6,FALSE,4
BW509674,BR-08,M,43,transport,1,0.6,False,3
BW509675,BR-05,F,36,transport,3,1.5,TRUE,0
BW509676,BR-19,M,33,transport,6,8.7,TRUE,0
BW509677,BR-19,M,64,food vending,11,9.1,False,3
BW509678,BR-12,F,42,farming,5,1.3,0,0
BW509679,BR-07,M,54,masonry,2,9.1,0,1
BW509680,BR-07,F,37,phone repair,5,4.6,yes,1
BW509681,BR-24,M,45,masonry,5,2.1,False,3
BW509682,BR-24,F,51,petty trade,1,2.9,0,2
BW509683,BR-06,F,23,hairdressing,2,6.0,False,2
BW509684,BR-15,F,21,teaching,5,6.5,False,1
BW509685,BR-20,F,26,teaching,3,6.7,False,1
BW509686,BR-02,F,49,hairdressing,7,6.4,FALSE,6
BW509687,BR-13,F,37,masonry,8,1.0,yes,2
BW509688,BR-23,F,62,carpentry,12,0.2,FALSE,2
BW509689,BR-02,M,61,farming,2,5.4,0,4
BW509690,BR-17,F,54,petty trade,9,2.1,True,1
BW509691,BR-06,M,42,carpentry,5,5.3,True,9
BW509692,BR-13,M,55,transport,11,2.2,no,1
BW509693,BR-13,F,19,food vending,9,3.5,True,6
BW509694,BR-01,M,59,food vending,1,3.6,yes,9
BW509695,BR-11,F,36,transport,11,6.4,yes,1
BW509696,BR-14,F,44,retail shop,8,8.8,False,3
BW509697,BR-21,M,43,phone repair,11,7.4,yes,0
BW509698,BR-02,M,30,carpentry,3,0.7,0,6
BW509699,BR-03,F,44,food vending,1,6.6,yes,0
BW509700,BR-01,F,45,carpentry,3,1.9,FALSE,4
BW509701,BR-13,F,34,teaching,6,8.6,TRUE,2
BW509702,BR-17,F,20,petty trade,7,9.2,yes,2
BW509703,BR-24,F,60,retail shop,9,7.3,0,1
BW509704,BR-03,M,31,farming,6,2.8,no,2
BW509705,BR-14,M,34,tailoring,7,4.8,yes,1
BW509706,BR-22,F,22,retail shop,12,5.0,TRUE,1
BW509707,BR-16,M,23,transport,9,5.2,1,3
BW509708,BR-03,M,42,phone repair,8,4.8,FALSE,4
BW509709,BR-05,M,42,farming,6,9.4,False,1
BW509710,BR-01,F,23,transport,8,4.4,True,0
BW509711,BR-10,F,57,teaching,11,1.6,1,0
BW509712,BR-20,F,32,food vending,3,7.6,True,1
BW509713,BR-05,F,62,tailoring,9,2.3,True,0
BW509714,BR-12,F,41,phone repair,9,10.7,1,6
BW509715,BR-17,M,35,teaching,2,9.1,False,9
BW509716,BR-10,F,49,retail shop,12,1.9,no,0
BW509717,BR-24,M,44,transport,11,2.4,TRUE,0
BW509718,BR-07,M,64,poultry,4,5.8,0,0
BW509719,BR-07,F,36,transport,11,4.9,False,2
BW509720,BR-20,M,52,retail shop,7,2.2,TRUE,2
BW509721,BR-21,M,58,farming,2,8.8,no,0
BW509722,BR-22,M,38,transport,1,1.1,FALSE,1
BW509723,BR-14,F,46,farming,2,1.6,no,0
BW509724,BR-22,F,61,phone repair,9,8.8,True,0
BW509725,BR-18,F,19,retail shop,12,3.4,True,4
BW509726,BR-17,M,21,food vending,7,5.5,no,0
BW509727,BR-03,F,49,petty trade,3,3.2,FALSE,3
BW509728,BR-04,M,29,tailoring,5,8.9,True,6
BW509729,BR-15,F,37,carpentry,11,6.1,FALSE,4
BW509730,BR-08,M,45,tailoring,7,9.6,FALSE,6
BW509731,BR-09,M,60,carpentry,5,8.7,no,9
BW509732,BR-01,M,37,masonry,6,0.6,0,1
BW509733,BR-01,F,47,retail shop,10,8.1,False,0
BW509734,BR-09,M,22,petty trade,8,4.9,False,2
BW509735,BR-20,M,26,food vending,9,11.9,FALSE,0
BW509736,BR-20,F,19,teaching,10,4.0,FALSE,3
BW509737,BR-24,F,24,masonry,1,7.8,no,1
BW509738,BR-02,M,38,transport,12,7.1,False,9
BW509739,BR-19,M,48,transport,8,16.3,TRUE,1
BW509740,BR-16,M,35,food vending,1,5.7,0,6
BW509741,BR-07,F,57,masonry,5,6.0,FALSE,9
BW509742,BR-15,M,52,masonry,12,2.8,False,1
BW509743,BR-20,M,52,petty trade,12,5.1,True,1
BW509744,BR-05,M,62,retail shop,6,3.2,False,0
BW509745,BR-19,F,23,hairdressing,3,8.7,TRUE,9
BW509746,BR-22,M,54,carpentry,1,5.6,1,2
BW509747,BR-11,M,41,tailoring,1,4.3,1,9
BW509748,BR-20,M,53,carpentry,5,1.2,False,0
BW509749,BR-04,F,50,farming,4,2.3,True,0
BW509750,BR-19,F,56,carpentry,7,2.4,True,0
BW509751,BR-17,F,50,food vending,8,0.7,TRUE,3
BW509752,BR-23,M,49,masonry,5,4.0,False,0
BW509753,BR-16,M,22,poultry,8,6.2,no,4
BW509754,BR-13,M,20,poultry,12,4.3,TRUE,1
BW509755,BR-08,F,28,poultry,1,9.8,0,0
BW509756,BR-03,M,32,transport,4,1.0,1,1
BW509757,BR-13,F,33,masonry,10,0.3,no,6
BW509758,BR-20,M,52,tailoring,12,5.8,True,4
BW509759,BR-01,F,39,tailoring,6,8.8,1,1
BW509760,BR-23,F,24,food vending,8,6.1,False,1
BW509761,BR-18,F,29,phone repair,10,10.5,no,6
BW509762,BR-09,F,36,farming,3,11.7,1,0
BW509763,BR-15,M,47,phone repair,11,7.9,False,3
BW509764,BR-19,F,28,carpentry,9,7.6,1,9
BW509765,BR-17,M,45,farming,12,6.9,True,0
BW509766,BR-09,F,52,teaching,3,0.7,TRUE,2
BW509767,BR-16,M,23,food vending,11,2.0,False,4
BW509768,BR-09,F,54,food vending,9,1.6,TRUE,1
BW509769,BR-23,F,51,poultry,5,2.2,FALSE,1
BW509770,BR-12,M,37,teaching,7,7.6,False,0
BW509771,BR-11,F,32,phone repair,10,3.2,False,6
BW509772,BR-08,M,23,farming,8,7.3,True,1
BW509773,BR-18,F,59,hairdressing,8,13.6,True,1
BW509774,BR-07,F,59,hairdressing,3,1.8,0,1
BW509775,BR-06,F,25,hairdressing,3,5.5,FALSE,0
BW509776,BR-09,M,38,tailoring,3,5.8,FALSE,1
BW509777,BR-08,F,42,hairdressing,7,1.0,False,0
BW509778,BR-10,F,64,transport,3,6.6,FALSE,0
BW509779,BR-05,F,43,hairdressing,5,5.1,FALSE,9
BW509780,BR-04,F,23,hairdressing,9,5.1,FALSE,1
BW509781,BR-02,F,53,masonry,3,8.9,False,0
BW509782,BR-22,M,53,phone repair,3,12.3,yes,2
BW509783,BR-18,M,59,teaching,11,9.5,TRUE,0
BW509784,BR-03,F,44,retail shop,11,13.0,0,0
BW509785,BR-13,F,40,retail shop,11,8.7,0,0
BW509786,BR-17,M,28,masonry,4,6.9,0,4
BW509787,BR-04,F,36,food vending,12,4.4,0,6
BW509788,BR-22,F,36,tailoring,5,10.5,no,9
BW509789,BR-02,M,48,farming,12,4.1,TRUE,1
BW509790,BR-05,F,52,farming,12,5.1,0,3
BW509791,BR-05,M,24,poultry,8,1.3,no,1
BW509792,BR-16,F,54,transport,1,6.4,0,6
BW509793,BR-07,F,47,phone repair,9,7.0,yes,1
BW509794,BR-18,M,30,phone repair,11,11.8,TRUE,2
BW509795,BR-13,M,38,tailoring,6,5.2,TRUE,6
BW509796,BR-13,F,61,phone repair,3,1.8,TRUE,6
BW509797,BR-12,F,41,carpentry,4,10.4,FALSE,1
BW509798,BR-08,F,55,petty trade,12,9.5,TRUE,1
BW509799,BR-01,F,35,poultry,6,8.1,True,2
BW509800,BR-20,F,58,tailoring,10,2.9,no,1
BW509801,BR-17,M,60,petty trade,2,11.8,True,0
BW509802,BR-08,F,58,retail shop,10,5.8,FALSE,1
BW509803,BR-11,F,27,farming,8,8.2,yes,6
BW509804,BR-09,F,60,retail shop,9,2.5,0,0
BW509805,BR-24,F,36,petty trade,1,4.0,False,6
BW509806,BR-13,F,50,tailoring,2,0.8,1,0
BW509807,BR-14,F,59,teaching,12,16.8,True,6
BW509808,BR-03,F,37,food vending,2,0.5,1,0
BW509809,BR-23,F,56,petty trade,9,8.6,True,3
BW509810,BR-05,F,40,food vending,9,11.0,FALSE,2
BW509811,BR-02,F,45,carpentry,4,2.5,no,1
BW509812,BR-10,M,25,farming,7,6.5,1,0
BW509813,BR-01,F,62,poultry,10,3.9,0,9
BW509814,BR-17,M,21,petty trade,11,3.1,0,2
BW509815,BR-14,F,27,retail shop,6,9.2,FALSE,6
BW509816,BR-12,F,20,food vending,1,5.3,FALSE,0
BW509817,BR-13,M,42,hairdressing,2,4.9,FALSE,0
BW509818,BR-16,M,35,teaching,11,6.3,yes,1
BW509819,BR-24,M,39,carpentry,12,9.7,yes,3
BW509820,BR-10,M,19,tailoring,9,1.9,True,2
BW509821,BR-02,F,59,transport,5,7.7,True,9
BW509822,BR-12,F,50,transport,3,5.1,TRUE,3
BW509823,BR-10,F,56,petty trade,5,14.0,False,0
BW509824,BR-08,F,27,poultry,12,2.3,0,9
BW509825,BR-22,F,20,teaching,8,7.0,False,1
BW509826,BR-21,F,58,poultry,2,0.4,False,0
BW509827,BR-09,F,51,hairdressing,12,1.8,1,4
BW509828,BR-01,F,39,carpentry,2,3.9,no,3
BW509829,BR-01,F,28,hairdressing,2,0.2,1,2
BW509830,BR-09,F,50,tailoring,5,2.3,True,4
BW509831,BR-10,F,37,transport,1,11.1,yes,4
BW509832,BR-12,F,38,tailoring,4,1.9,False,1
BW509833,BR-16,F,22,hairdressing,2,1.7,True,0
BW509834,BR-18,F,55,phone repair,1,8.8,FALSE,9
BW509835,BR-02,M,56,phone repair,1,6.3,False,9
BW509836,BR-04,M,55,retail shop,1,3.2,True,3
BW509837,BR-19,F,27,poultry,4,13.1,0,1
BW509838,BR-12,F,49,food vending,2,7.5,TRUE,1
BW509839,BR-19,F,61,poultry,10,7.4,TRUE,3
BW509840,BR-15,F,62,tailoring,6,5.9,TRUE,0
BW509841,BR-03,F,42,petty trade,5,1.9,no,0
BW509842,BR-08,F,32,retail shop,6,1.9,False,9
BW509843,BR-13,F,37,retail shop,2,8.2,TRUE,6
BW509844,BR-14,M,36,transport,1,2.0,0,3
BW509845,BR-11,M,29,teaching,6,5.5,0,2
BW509846,BR-22,M,51,tailoring,10,7.9,no,3
BW509847,BR-06,M,27,food vending,7,1.8,yes,1
BW509848,BR-01,F,59,phone repair,12,4.1,yes,0
BW509849,BR-12,F,54,tailoring,1,2.5,yes,1
BW509850,BR-18,F,61,petty trade,6,3.4,TRUE,3
BW509851,BR-02,F,46,masonry,6,1.8,TRUE,1
BW509852,BR-09,M,59,retail shop,3,0.5,TRUE,2
BW509853,BR-22,F,48,food vending,11,2.9,False,0
BW509854,BR-06,M,24,masonry,9,3.5,FALSE,4
BW509855,BR-04,M,60,poultry,7,0.5,True,0
BW509856,BR-04,F,28,carpentry,12,0.8,1,6
BW509857,BR-05,F,20,phone repair,2,1.4,1,3
BW509858,BR-09,F,32,poultry,5,3.5,FALSE,6
BW509859,BR-12,M,23,hairdressing,1,1.2,no,2
BW509860,BR-01,F,45,carpentry,10,9.4,1,9
BW509861,BR-21,M,23,carpentry,5,4.9,no,1
BW509862,BR-08,M,43,tailoring,10,1.4,FALSE,1
BW509863,BR-24,F,51,petty trade,2,1.1,0,0
BW509864,BR-04,F,21,food vending,2,9.6,True,0
BW509865,BR-12,F,31,transport,9,6.3,0,3
BW509866,BR-17,F,51,tailoring,8,4.4,1,3
BW509867,BR-07,F,51,petty trade,9,7.0,TRUE,6
BW509868,BR-07,F,64,hairdressing,4,7.6,False,0
BW509869,BR-12,F,45,petty trade,9,1.9,no,1
BW509870,BR-16,F,63,phone repair,7,9.6,FALSE,3
BW509871,BR-07,F,40,tailoring,1,6.3,no,0
BW509872,BR-21,F,36,farming,5,3.0,True,9
BW509873,BR-02,F,36,farming,1,5.3,no,0
BW509874,BR-23,F,37,tailoring,1,2.6,1,9
BW509875,BR-12,M,56,teaching,5,3.9,1,6
BW509876,BR-15,M,57,tailoring,12,0.6,0,4
BW509877,BR-10,F,36,teaching,12,12.7,TRUE,3
BW509878,BR-22,F,43,retail shop,5,3.3,False,3
BW509879,BR-04,F,19,phone repair,10,4.4,1,0
BW509880,BR-10,F,21,farming,9,5.6,TRUE,6
BW509881,BR-02,F,62,poultry,7,9.3,no,0
BW509882,BR-21,F,21,food vending,9,10.3,1,0
BW509883,BR-24,M,33,teaching,9,0.5,yes,3
BW509884,BR-06,M,34,tailoring,4,7.0,TRUE,1
BW509885,BR-18,F,26,transport,7,5.1,False,6
BW509886,BR-15,F,54,carpentry,2,7.0,1,4
BW509887,BR-08,M,29,carpentry,8,0.4,FALSE,0
BW509888,BR-11,F,44,teaching,6,4.4,1,1
BW509889,BR-02,M,57,tailoring,4,11.4,yes,6
BW509890,BR-09,F,32,poultry,5,6.7,yes,1
BW509891,BR-04,F,25,phone repair,8,13.8,TRUE,1
BW509892,BR-12,F,43,retail shop,4,7.1,TRUE,2
BW509893,BR-09,M,21,food vending,2,6.3,no,1
BW509894,BR-06,F,29,tailoring,5,8.1,yes,4
BW509895,BR-21,M,19,retail shop,12,2.3,FALSE,1
BW509896,BR-09,M,55,hairdressing,6,0.6,TRUE,1
BW509897,BR-15,F,31,teaching,2,3.5,yes,1
BW509898,BR-10,F,35,farming,8,12.9,1,0
BW509899,BR-09,F,20,hairdressing,4,2.2,yes,2
BW509900,BR-06,F,19,petty trade,10,6.7,no,3
BW509901,BR-19,F,64,farming,6,2.3,1,0
BW509902,BR-05,M,34,farming,3,1.5,no,0
BW509903,BR-17,M,64,phone repair,5,4.2,1,1
BW509904,BR-01,F,34,phone repair,7,8.5,True,1
BW509905,BR-18,M,37,masonry,10,5.4,0,6
BW509906,BR-20,M,44,teaching,2,2.0,yes,1
BW509907,BR-01,M,22,food vending,7,11.2,1,0
BW509908,BR-11,F,56,food vending,2,9.3,False,2
BW509909,BR-08,F,26,poultry,7,5.9,yes,1
BW509910,BR-06,F,22,petty trade,3,6.2,1,3
BW509911,BR-01,M,24,petty trade,4,6.5,yes,2
BW509912,BR-03,M,22,teaching,10,3.5,TRUE,1
BW509913,BR-08,M,55,poultry,11,12.6,yes,3
BW509914,BR-16,F,52,transport,11,4.7,1,2
BW509915,BR-19,F,20,tailoring,9,8.5,0,9
BW509916,BR-01,F,61,retail shop,7,6.0,TRUE,9
BW509917,BR-06,F,53,hairdressing,9,6.9,yes,9
BW509918,BR-21,M,38,retail shop,12,1.9,False,0
BW509919,BR-20,M,19,teaching,4,6.7,True,9
BW509920,BR-01,F,22,retail shop,10,4.5,True,1
BW509921,BR-13,F,62,transport,8,1.6,True,3
BW509922,BR-15,M,34,hairdressing,12,5.0,FALSE,4
BW509923,BR-13,F,33,masonry,6,4.9,True,2
BW509924,BR-05,F,30,masonry,3,18.4,0,9
BW509925,BR-20,M,34,tailoring,10,1.6,True,4
BW509926,BR-16,F,63,hairdressing,5,2.5,TRUE,0
BW509927,BR-18,M,47,retail shop,8,1.7,0,3
BW509928,BR-08,M,62,teaching,7,1.6,FALSE,1
BW509929,BR-01,M,63,tailoring,12,6.0,False,0
BW509930,BR-16,M,64,hairdressing,7,6.3,False,0
BW509931,BR-19,F,21,transport,5,8.0,1,4
BW509932,BR-15,F,38,carpentry,5,0.6,TRUE,1
BW509933,BR-12,M,57,tailoring,6,8.9,True,1
BW509934,BR-22,M,44,poultry,9,7.2,False,6
BW509935,BR-18,M,28,carpentry,1,5.2,no,6
BW509936,BR-21,F,59,transport,4,6.6,FALSE,4
BW509937,BR-03,M,64,transport,1,3.7,False,3
BW509938,BR-16,M,54,poultry,5,1.5,TRUE,4
BW509939,BR-03,F,22,poultry,3,9.1,False,1
BW509940,BR-16,F,32,farming,12,1.1,True,9
BW509941,BR-03,F,58,food vending,4,1.3,True,9
BW509942,BR-19,M,30,farming,2,3.4,0,2
BW509943,BR-11,F,30,petty trade,7,4.2,0,0
BW509944,BR-10,F,33,teaching,2,2.5,True,3
BW509945,BR-12,F,20,transport,4,7.4,no,1
BW509946,BR-13,M,23,phone repair,6,2.1,no,1
BW509947,BR-09,M,57,transport,2,4.9,TRUE,0
BW509948,BR-22,F,40,farming,5,12.2,TRUE,0
BW509949,BR-07,F,42,tailoring,10,14.3,1,1
BW509950,BR-20,F,37,tailoring,1,7.1,True,1
BW509951,BR-23,F,40,hairdressing,7,5.0,no,0
BW509952,BR-09,F,58,carpentry,12,4.2,False,6
BW509953,BR-23,M,27,retail shop,11,0.6,0,4
BW509954,BR-13,F,32,teaching,12,7.8,False,3
BW509955,BR-18,F,47,transport,4,6.8,False,9
BW509956,BR-18,M,25,retail shop,8,8.0,yes,6
BW509957,BR-02,M,56,food vending,11,8.2,FALSE,9
BW509958,BR-12,F,24,phone repair,2,14.2,TRUE,9
BW509959,BR-24,F,43,farming,2,4.7,yes,9
BW509960,BR-05,M,34,hairdressing,7,6.1,TRUE,1
BW509961,BR-09,F,45,petty trade,7,5.1,TRUE,1
BW509962,BR-10,F,21,farming,7,5.7,True,6
BW509963,BR-23,F,57,food vending,9,0.7,yes,4
BW509964,BR-01,M,48,petty trade,6,3.3,False,1
BW509965,BR-19,M,44,hairdressing,8,1.6,True,0
BW509966,BR-21,M,33,phone repair,5,7.7,TRUE,1
BW509967,BR-06,F,32,phone repair,7,2.9,yes,0
BW509968,BR-24,F,33,transport,2,7.5,False,1
BW509969,BR-03,F,41,phone repair,5,8.2,1,9
BW509970,BR-09,F,52,petty trade,2,9.2,1,1
BW509971,BR-16,M,27,farming,5,8.0,no,6
BW509972,BR-06,M,35,transport,7,5.0,0,9
BW509973,BR-19,F,63,hairdressing,8,1.0,TRUE,4
BW509974,BR-05,F,30,teaching,3,5.3,True,1
BW509975,BR-22,F,29,food vending,11,14.0,FALSE,1
BW509976,BR-23,M,20,carpentry,11,1.5,FALSE,1
BW509977,BR-01,M,59,poultry,10,3.4,TRUE,0
BW509978,BR-13,F,37,petty trade,1,0.5,0,6
BW509979,BR-05,M,50,petty trade,9,14.2,yes,2
BW509980,BR-20,F,58,food vending,3,8.0,yes,2
BW509981,BR-18,F,52,carpentry,5,1.5,no,0
BW509982,BR-20,M,55,hairdressing,9,7.1,1,4
BW509983,BR-23,M,63,transport,4,4.1,no,3
BW509984,BR-05,M,56,hairdressing,7,2.6,no,9
BW509985,BR-09,F,25,poultry,1,14.0,yes,3
BW509986,BR-16,M,27,teaching,10,8.8,True,6
BW509987,BR-09,M,58,phone repair,3,1.1,0,1
BW509988,BR-19,F,60,petty trade,12,10.8,TRUE,6
BW509989,BR-07,M,25,masonry,3,0.5,no,3
BW509990,BR-24,F,20,hairdressing,10,9.3,False,2
BW509991,BR-16,F,56,carpentry,2,2.2,0,1
BW509992,BR-10,F,32,teaching,7,4.6,1,0
BW509993,BR-13,F,58,masonry,7,8.1,0,0
BW509994,BR-16,F,27,farming,3,6.8,TRUE,9
BW509995,BR-13,M,28,masonry,7,3.0,TRUE,4
BW509996,BR-15,M,29,transport,5,5.8,True,0
BW509997,BR-18,F,50,retail shop,8,0.9,False,2
BW509998,BR-19,F,30,tailoring,6,10.8,no,4
BW509999,BR-01,M,49,farming,12,5.4,TRUE,6
BW510000,BR-15,F,31,food vending,1,8.1,True,4
BW510001,BR-22,M,41,masonry,12,4.8,yes,6
BW510002,BR-07,F,19,food vending,1,0.9,TRUE,2
BW510003,BR-17,F,20,teaching,5,4.9,yes,6
BW510004,BR-12,F,55,food vending,8,5.4,TRUE,4
BW510005,BR-15,F,61,teaching,4,0.7,yes,9
BW510006,BR-09,M,54,transport,6,7.0,no,1
BW510007,BR-14,M,36,phone repair,8,9.4,FALSE,6
BW510008,BR-19,M,26,masonry,1,2.0,False,6
BW510009,BR-21,M,25,masonry,11,5.5,1,0
BW510010,BR-24,F,37,carpentry,9,2.6,yes,3
BW510011,BR-21,F,25,retail shop,8,6.6,no,0
BW510012,BR-16,F,47,teaching,3,0.5,False,3
BW510013,BR-03,M,46,carpentry,5,2.1,1,0
BW510014,BR-10,M,59,carpentry,5,2.0,FALSE,0
BW510015,BR-05,M,35,retail shop,6,4.4,0,0
BW510016,BR-15,F,60,hairdressing,3,11.6,0,2
BW510017,BR-06,F,33,poultry,6,6.2,False,0
BW510018,BR-01,F,32,hairdressing,1,1.1,1,6
BW510019,BR-14,F,33,retail shop,10,5.6,no,2
BW510020,BR-22,F,39,tailoring,3,9.2,1,4
BW510021,BR-21,M,27,masonry,11,9.0,yes,1
BW510022,BR-10,F,37,food vending,9,1.3,0,1
BW510023,BR-01,M,61,farming,11,5.9,False,1
BW510024,BR-04,M,52,farming,7,4.6,yes,4
BW510025,BR-23,F,44,teaching,8,7.4,TRUE,3
BW510026,BR-21,F,58,masonry,6,9.2,yes,9
BW510027,BR-18,M,19,tailoring,6,9.2,yes,3
BW510028,BR-12,F,38,petty trade,7,9.8,no,1
BW510029,BR-03,F,30,phone repair,5,2.7,no,2
BW510030,BR-06,M,38,retail shop,11,9.1,TRUE,1
BW510031,BR-04,F,43,masonry,7,0.9,TRUE,0
BW510032,BR-18,F,64,poultry,8,3.2,yes,0
BW510033,BR-03,F,28,transport,11,14.0,no,1
BW510034,BR-05,F,33,retail shop,3,6.9,no,1
BW510035,BR-20,M,26,poultry,10,8.4,1,4
BW510036,BR-20,F,48,hairdressing,2,9.1,TRUE,9
BW510037,BR-07,M,51,carpentry,12,2.6,0,0
BW510038,BR-22,M,23,petty trade,5,11.9,yes,1
BW510039,BR-08,M,25,poultry,2,5.4,False,0
BW510040,BR-19,F,58,phone repair,1,5.1,TRUE,1
BW510041,BR-09,F,52,phone repair,8,4.5,yes,0
BW510042,BR-22,F,49,poultry,7,10.5,1,6
BW510043,BR-14,F,26,tailoring,4,6.7,1,1
BW510044,BR-17,F,26,farming,9,1.9,0,0
BW510045,BR-20,M,26,food vending,11,8.8,no,3
BW510046,BR-03,F,21,transport,9,8.8,0,0
BW510047,BR-07,M,23,tailoring,10,6.2,True,4
BW510048,BR-19,F,41,masonry,11,5.4,False,1
BW510049,BR-18,M,36,hairdressing,2,3.6,0,4
BW510050,BR-12,M,61,food vending,9,5.2,TRUE,0
BW510051,BR-03,F,31,petty trade,6,4.0,FALSE,9
BW510052,BR-24,F,45,hairdressing,8,7.5,yes,9
BW510053,BR-08,M,20,tailoring,11,2.8,FALSE,1
BW510054,BR-23,M,44,transport,12,8.2,FALSE,1
BW510055,BR-14,F,53,food vending,12,12.1,0,1
BW510056,BR-07,F,43,petty trade,12,4.3,yes,1
BW510057,BR-22,M,20,transport,10,10.3,True,4
BW510058,BR-21,M,25,carpentry,7,4.3,FALSE,1
BW510059,BR-01,F,24,tailoring,10,10.1,TRUE,3
BW510060,BR-09,F,33,petty trade,6,0.8,0,1
BW510061,BR-05,F,20,petty trade,11,4.1,1,6
BW510062,BR-20,M,50,masonry,1,2.7,True,0
BW510063,BR-13,F,38,tailoring,9,9.6,FALSE,0
BW510064,BR-20,M,32,carpentry,4,2.1,FALSE,1
BW510065,BR-21,F,60,tailoring,7,5.5,True,3
BW510066,BR-18,F,63,farming,3,9.9,True,0
BW510067,BR-02,F,60,hairdressing,9,8.9,0,4
BW510068,BR-15,F,35,poultry,11,7.8,0,2
BW510069,BR-17,F,40,retail shop,8,5.3,0,6
BW510070,BR-07,F,55,food vending,5,8.8,FALSE,2
BW510071,BR-22,M,20,farming,1,9.5,TRUE,4
BW510072,BR-14,M,58,farming,12,5.0,False,0
BW510073,BR-11,F,54,teaching,11,6.4,FALSE,9
BW510074,BR-11,M,36,farming,9,8.8,False,4
BW510075,BR-21,M,51,carpentry,3,1.4,False,0
BW510076,BR-18,M,28,phone repair,1,6.3,False,1
BW510077,BR-09,F,63,retail shop,7,8.6,False,1
BW510078,BR-14,F,23,masonry,8,9.3,yes,9
BW510079,BR-21,F,24,phone repair,4,3.4,no,0
BW510080,BR-04,M,43,phone repair,2,1.7,True,2
BW510081,BR-01,M,47,food vending,8,5.7,yes,6
BW510082,BR-23,F,33,phone repair,12,5.6,0,4
BW510083,BR-09,F,19,retail shop,9,4.6,yes,0
BW510084,BR-03,M,21,food vending,2,10.9,0,4
BW510085,BR-15,F,23,masonry,3,0.7,FALSE,4
BW510086,BR-09,M,49,hairdressing,7,2.1,False,0
BW510087,BR-21,F,51,carpentry,4,1.4,False,2
BW510088,BR-18,F,57,poultry,4,1.3,True,0
BW510089,BR-12,M,47,masonry,5,3.9,False,9
BW510090,BR-20,F,33,retail shop,5,1.3,no,4
BW510091,BR-06,F,56,retail shop,10,6.6,no,3
BW510092,BR-07,F,49,teaching,4,7.4,False,6
BW510093,BR-12,F,32,poultry,7,1.4,FALSE,4
BW510094,BR-11,F,31,retail shop,3,4.0,yes,1
BW510095,BR-12,F,44,poultry,11,12.0,yes,6
BW510096,BR-01,F,44,carpentry,1,0.6,no,1
BW510097,BR-14,F,54,masonry,5,4.7,FALSE,0
BW510098,BR-20,F,62,food vending,5,4.4,FALSE,4
BW510099,BR-07,M,60,tailoring,11,3.4,True,0
BW510100,BR-03,M,27,carpentry,10,1.1,0,4
BW510101,BR-24,M,24,food vending,7,7.1,False,6
BW510102,BR-21,M,24,carpentry,2,1.7,1,6
BW510103,BR-06,M,36,teaching,12,0.5,FALSE,1
BW510104,BR-24,M,38,poultry,11,12.2,1,2
BW510105,BR-23,F,25,food vending,9,9.1,TRUE,9
BW510106,BR-13,M,24,masonry,10,0.8,1,6
BW510107,BR-23,F,41,food vending,5,1.2,0,1
BW510108,BR-24,M,38,farming,4,3.1,1,9
BW510109,BR-01,F,50,transport,2,2.1,FALSE,1
BW510110,BR-15,F,54,phone repair,5,12.2,TRUE,4
BW510111,BR-21,F,20,tailoring,3,6.2,yes,4
BW510112,BR-06,F,57,farming,10,5.9,yes,1
BW510113,BR-24,M,55,retail shop,1,7.4,FALSE,6
BW510114,BR-19,M,52,transport,6,0.2,yes,0
BW510115,BR-22,F,26,transport,11,8.4,TRUE,2
BW510116,BR-24,M,63,farming,7,0.3,TRUE,1
BW510117,BR-17,F,34,carpentry,2,0.9,False,1
BW510118,BR-24,F,59,masonry,4,5.0,FALSE,0
BW510119,BR-04,M,40,transport,6,5.1,1,4
BW510120,BR-01,M,48,phone repair,7,5.5,TRUE,1
BW510121,BR-08,F,32,masonry,11,2.6,1,4
BW510122,BR-11,M,64,carpentry,2,7.2,True,4
BW510123,BR-20,F,33,transport,2,10.5,no,0
BW510124,BR-18,M,55,tailoring,10,9.1,1,6
BW510125,BR-04,M,52,poultry,3,3.6,yes,1
BW510126,BR-18,M,55,food vending,1,7.2,1,0
BW510127,BR-16,F,38,transport,11,4.1,FALSE,0
BW510128,BR-12,M,52,transport,12,4.3,True,6
BW510129,BR-07,F,19,carpentry,10,3.7,FALSE,1
BW510130,BR-18,F,34,petty trade,4,12.1,1,3
BW510131,BR-11,M,29,tailoring,5,11.8,1,1
BW510132,BR-15,F,41,masonry,10,4.8,FALSE,6
BW510133,BR-03,M,38,poultry,9,3.4,yes,0
BW510134,BR-01,M,20,petty trade,6,8.1,False,1
BW510135,BR-09,F,35,tailoring,9,11.9,True,1
BW510136,BR-18,F,22,poultry,2,2.0,0,6
BW510137,BR-18,F,56,carpentry,2,11.9,yes,0
BW510138,BR-06,M,38,hairdressing,6,12.7,FALSE,0
BW510139,BR-05,M,24,teaching,5,10.7,yes,1
BW510140,BR-08,F,60,masonry,9,12.4,1,6
BW510141,BR-06,M,52,hairdressing,3,6.2,False,0
BW510142,BR-14,F,52,carpentry,6,5.0,True,0
BW510143,BR-14,F,23,carpentry,2,7.4,0,3
BW510144,BR-07,M,20,farming,8,10.7,False,9
BW510145,BR-11,F,61,transport,3,9.5,False,1
BW510146,BR-18,M,45,teaching,1,6.5,no,0
BW510147,BR-18,F,57,hairdressing,1,5.0,0,4
BW510148,BR-05,F,61,hairdressing,12,3.5,True,9
BW510149,BR-06,M,40,phone repair,1,6.2,no,3
BW510150,BR-21,M,49,farming,3,3.8,TRUE,6
BW510151,BR-08,F,23,petty trade,6,0.7,False,1
BW510152,BR-08,F,55,petty trade,12,3.1,True,1
BW510153,BR-22,F,29,teaching,12,10.9,FALSE,0
BW510154,BR-13,M,43,retail shop,4,1.2,FALSE,1
BW510155,BR-14,M,32,farming,6,18.2,False,9
BW510156,BR-18,F,39,masonry,7,4.8,0,4
BW510157,BR-10,F,29,teaching,8,2.2,0,1
BW510158,BR-10,F,58,hairdressing,6,3.7,0,9
BW510159,BR-21,F,53,hairdressing,9,2.5,1,4
BW510160,BR-20,F,54,hairdressing,12,3.6,0,9
BW510161,BR-03,F,63,petty trade,4,3.9,0,1
BW510162,BR-14,F,26,poultry,8,5.2,False,0
BW510163,BR-12,F,28,hairdressing,2,7.6,True,1
BW510164,BR-18,F,28,masonry,12,0.5,True,0
BW510165,BR-23,F,28,food vending,8,5.3,1,4
BW510166,BR-18,M,56,transport,2,5.4,0,6
BW510167,BR-04,F,55,tailoring,6,5.8,no,9
BW510168,BR-10,M,22,phone repair,11,7.0,True,1
BW510169,BR-09,F,37,food vending,9,1.3,FALSE,0
BW510170,BR-08,M,61,hairdressing,6,11.4,0,1
BW510171,BR-19,M,22,retail shop,3,9.8,FALSE,1
BW510172,BR-04,M,62,masonry,7,6.9,TRUE,9
BW510173,BR-22,F,63,hairdressing,5,0.4,0,4
BW510174,BR-02,M,51,poultry,6,1.5,1,6
BW510175,BR-19,F,40,transport,8,3.0,FALSE,1
BW510176,BR-09,F,54,carpentry,9,4.7,True,3
BW510177,BR-14,F,63,phone repair,7,8.5,no,0
BW510178,BR-10,M,23,hairdressing,4,12.3,True,1
BW510179,BR-22,M,39,farming,7,1.2,1,2
BW510180,BR-02,M,32,poultry,9,2.3,False,4
BW510181,BR-19,F,42,tailoring,12,7.5,no,1
BW510182,BR-17,F,32,poultry,1,14.0,no,1
BW510183,BR-22,F,40,farming,4,2.0,yes,6
BW510184,BR-03,F,46,hairdressing,4,2.2,1,4
BW510185,BR-04,F,48,farming,11,2.3,no,1
BW510186,BR-04,F,32,teaching,5,7.8,yes,6
BW510187,BR-21,F,52,tailoring,12,2.0,TRUE,0
BW510188,BR-08,F,52,carpentry,3,4.9,1,6
BW510189,BR-05,M,43,masonry,6,7.6,yes,1
BW510190,BR-05,M,43,carpentry,9,2.9,1,4
BW510191,BR-21,F,53,food vending,4,8.9,FALSE,6
BW510192,BR-23,F,50,phone repair,4,10.3,False,0
BW510193,BR-01,F,31,teaching,6,7.6,0,3
BW510194,BR-16,M,48,teaching,2,8.2,no,1
BW510195,BR-20,M,64,petty trade,11,12.0,yes,3
BW510196,BR-23,F,60,transport,11,5.1,TRUE,6
BW510197,BR-17,F,22,phone repair,6,7.8,TRUE,9
BW510198,BR-21,F,34,poultry,9,4.8,True,1
BW510199,BR-06,F,37,food vending,3,6.2,1,9
BW510200,BR-08,F,53,food vending,5,2.3,1,3
BW510201,BR-07,M,26,phone repair,4,6.9,yes,9
BW510202,BR-19,F,34,hairdressing,8,0.7,True,0
BW510203,BR-08,F,48,hairdressing,9,7.7,True,9
BW510204,BR-04,F,27,farming,11,2.2,False,0
BW510205,BR-05,F,42,hairdressing,9,0.9,no,0
BW510206,BR-19,F,33,retail shop,6,3.6,True,9
BW510207,BR-09,F,41,poultry,6,8.2,no,0
BW510208,BR-22,F,21,phone repair,2,0.8,FALSE,0
BW510209,BR-10,F,44,carpentry,4,3.7,TRUE,9
BW510210,BR-18,F,32,masonry,2,3.7,FALSE,1
BW510211,BR-07,F,51,poultry,6,1.5,TRUE,3
BW510212,BR-08,F,34,hairdressing,12,3.6,1,4
BW510213,BR-07,M,40,petty trade,7,10.7,no,3
BW510214,BR-09,M,19,food vending,1,6.1,1,6
BW510215,BR-05,F,49,teaching,12,5.9,True,1
BW510216,BR-16,F,50,retail shop,1,18.0,0,6
BW510217,BR-07,F,27,tailoring,11,0.9,FALSE,0
BW510218,BR-18,F,32,tailoring,9,2.2,FALSE,6
BW510219,BR-24,M,23,transport,2,2.5,TRUE,0
BW510220,BR-18,M,20,tailoring,12,9.9,TRUE,3
BW510221,BR-01,F,57,masonry,2,1.4,True,9
BW510222,BR-24,M,32,poultry,6,7.3,no,1
BW510223,BR-16,M,51,food vending,3,10.4,TRUE,6
BW510224,BR-15,F,35,masonry,8,4.8,TRUE,1
BW510225,BR-15,F,36,teaching,4,1.8,1,4
BW510226,BR-09,F,37,farming,6,2.0,False,1
BW510227,BR-01,M,34,food vending,5,2.6,yes,1
BW510228,BR-20,F,42,masonry,3,0.6,TRUE,1
BW510229,BR-11,M,38,carpentry,4,6.8,FALSE,1
BW510230,BR-07,F,36,poultry,1,0.7,0,1
BW510231,BR-04,F,19,petty trade,2,4.9,no,1
BW510232,BR-03,M,41,masonry,3,15.2,FALSE,2
BW510233,BR-11,M,28,carpentry,10,8.9,FALSE,9
BW510234,BR-04,F,23,masonry,3,5.9,0,1
BW510235,BR-21,F,38,phone repair,12,7.3,no,6
BW510236,BR-08,M,22,transport,11,1.1,yes,6
BW510237,BR-12,F,19,transport,10,1.6,True,0
BW510238,BR-01,F,22,retail shop,10,0.7,yes,1
BW510239,BR-13,M,49,petty trade,3,5.7,True,1
BW510240,BR-17,F,31,transport,9,7.3,False,0
BW510241,BR-17,F,29,farming,4,6.9,yes,4
BW510242,BR-05,F,57,masonry,11,1.8,FALSE,1
BW510243,BR-23,M,55,farming,2,1.7,False,2
BW510244,BR-18,M,50,retail shop,12,4.9,yes,9
BW510245,BR-15,F,20,poultry,11,11.9,True,0
BW510246,BR-18,F,26,retail shop,12,5.9,True,1
BW510247,BR-23,M,53,teaching,5,2.4,yes,4
BW510248,BR-10,M,33,carpentry,8,5.8,TRUE,1
BW510249,BR-19,M,60,masonry,9,7.9,1,0
BW510250,BR-20,M,38,food vending,7,4.0,yes,1
BW510251,BR-21,F,43,farming,6,10.7,FALSE,9
BW510252,BR-24,F,50,teaching,9,4.4,0,1
BW510253,BR-18,F,30,poultry,10,0.4,yes,0
BW510254,BR-07,F,64,tailoring,11,2.9,True,6
BW510255,BR-22,F,48,hairdressing,8,8.8,True,4
BW510256,BR-16,M,28,carpentry,11,11.8,1,9
BW510257,BR-22,M,53,tailoring,9,0.7,True,0
BW510258,BR-22,M,26,retail shop,10,4.5,FALSE,1
BW510259,BR-01,M,63,phone repair,3,4.5,FALSE,1
BW510260,BR-04,M,25,hairdressing,3,12.9,False,2
BW510261,BR-20,M,45,poultry,11,1.5,False,1
BW510262,BR-09,F,28,tailoring,11,3.0,1,1
BW510263,BR-15,F,21,tailoring,5,7.0,FALSE,1
BW510264,BR-04,F,49,carpentry,6,5.0,no,9
BW510265,BR-15,F,58,farming,3,0.6,1,3
BW510266,BR-21,M,55,transport,1,5.5,yes,1
BW510267,BR-04,M,63,poultry,10,9.0,True,6
BW510268,BR-08,M,46,hairdressing,1,3.4,0,0
BW510269,BR-08,F,57,retail shop,6,6.5,yes,3
BW510270,BR-19,F,51,retail shop,7,4.2,yes,6
BW510271,BR-19,M,58,farming,7,1.8,FALSE,4
BW510272,BR-09,M,53,carpentry,12,1.9,True,0
BW510273,BR-06,F,59,transport,7,0.5,1,4
BW510274,BR-18,F,39,transport,8,6.8,yes,1
BW510275,BR-12,F,30,petty trade,10,8.6,1,4
BW510276,BR-21,F,43,phone repair,10,5.5,1,0
BW510277,BR-02,F,32,masonry,4,0.8,False,6
BW510278,BR-02,F,58,teaching,1,5.5,1,2
BW510279,BR-05,M,39,petty trade,8,7.2,yes,1
BW510280,BR-11,F,56,poultry,11,4.5,0,1
BW510281,BR-21,F,48,food vending,6,9.3,yes,1
BW510282,BR-05,M,52,food vending,9,7.2,True,1
BW510283,BR-06,M,55,petty trade,3,8.4,TRUE,4
BW510284,BR-20,F,48,transport,6,9.5,0,1
BW510285,BR-18,M,37,tailoring,1,5.1,True,6
BW510286,BR-16,F,33,masonry,2,9.1,TRUE,0
BW510287,BR-02,F,54,masonry,1,10.2,0,4
BW510288,BR-15,F,38,food vending,9,3.2,0,3
BW510289,BR-18,F,33,poultry,5,7.6,TRUE,0
BW510290,BR-07,M,32,food vending,2,5.9,False,1
BW510291,BR-11,F,25,farming,11,6.7,yes,2
BW510292,BR-06,F,35,farming,2,4.5,FALSE,1
BW510293,BR-17,F,44,tailoring,2,3.1,TRUE,0
BW510294,BR-18,F,60,carpentry,10,7.9,TRUE,4
BW510295,BR-16,F,40,phone repair,11,2.8,no,6
BW510296,BR-09,F,58,phone repair,4,3.9,no,1
BW510297,BR-16,M,23,masonry,7,9.7,False,0
BW510298,BR-12,M,60,petty trade,5,4.3,True,4
BW510299,BR-06,F,55,masonry,4,4.1,1,2
BW510300,BR-17,M,25,poultry,12,2.5,TRUE,4
BW510301,BR-21,F,59,retail shop,3,6.4,no,3
BW510302,BR-04,F,46,transport,5,6.6,TRUE,1
BW510303,BR-18,F,58,farming,11,5.1,TRUE,9
BW510304,BR-08,M,55,teaching,9,4.8,yes,4
BW510305,BR-08,M,60,retail shop,4,14.1,no,1
BW510306,BR-05,M,40,food vending,5,1.4,FALSE,2
BW510307,BR-09,F,40,carpentry,6,12.2,FALSE,1
BW510308,BR-13,F,53,phone repair,6,2.6,1,0
BW510309,BR-04,F,28,carpentry,10,1.0,0,9
BW510310,BR-17,M,44,food vending,10,6.4,TRUE,0
BW510311,BR-22,M,63,carpentry,7,2.6,TRUE,9
BW510312,BR-12,M,49,food vending,1,1.4,False,1
BW510313,BR-15,M,52,retail shop,10,13.8,True,3
BW510314,BR-17,F,48,poultry,5,4.0,1,2
BW510315,BR-17,F,37,farming,1,4.4,FALSE,6
BW510316,BR-09,F,25,food vending,7,3.7,0,0
BW510317,BR-20,M,53,poultry,11,3.5,False,4
BW510318,BR-21,F,51,food vending,3,8.7,TRUE,9
BW510319,BR-12,F,25,carpentry,4,4.6,TRUE,2
BW510320,BR-09,M,34,tailoring,2,5.4,False,6
BW510321,BR-01,M,37,masonry,6,2.9,no,0
BW510322,BR-18,M,23,food vending,12,1.5,TRUE,0
BW510323,BR-06,F,62,poultry,11,5.7,yes,9
BW510324,BR-17,M,22,phone repair,10,10.5,TRUE,1
BW510325,BR-01,M,56,masonry,9,6.8,TRUE,4
BW510326,BR-03,M,42,hairdressing,3,9.5,yes,1
BW510327,BR-15,F,50,food vending,6,0.4,1,0
BW510328,BR-23,F,36,retail shop,5,12.5,0,3
BW510329,BR-07,M,46,farming,10,10.6,1,0
BW510330,BR-20,F,61,petty trade,7,9.2,no,9
BW510331,BR-21,F,25,retail shop,5,3.0,1,3
BW510332,BR-04,F,20,petty trade,6,5.2,FALSE,0
BW510333,BR-04,F,38,food vending,4,11.4,yes,3
BW510334,BR-16,F,48,phone repair,4,1.4,TRUE,0
BW510335,BR-19,F,34,farming,8,4.1,yes,0
BW510336,BR-03,M,53,teaching,6,4.5,TRUE,4
BW510337,BR-06,F,30,transport,12,5.2,False,1
BW510338,BR-23,M,37,hairdressing,1,5.6,FALSE,1
BW510339,BR-24,M,40,farming,11,10.1,0,1
BW510340,BR-10,F,26,transport,11,1.0,False,1
BW510341,BR-19,F,44,poultry,11,3.8,TRUE,1
BW510342,BR-13,F,25,carpentry,1,6.4,FALSE,1
BW510343,BR-19,M,49,retail shop,6,7.9,1,0
BW510344,BR-09,M,59,food vending,6,5.8,no,3
BW510345,BR-05,F,29,petty trade,7,0.6,False,1
BW510346,BR-14,M,57,petty trade,8,7.8,yes,3
BW510347,BR-10,F,61,masonry,8,5.7,yes,0
BW510348,BR-21,F,56,petty trade,12,2.8,True,6
BW510349,BR-10,F,46,masonry,9,5.9,TRUE,1
BW510350,BR-09,M,26,poultry,4,1.1,False,2
BW510351,BR-03,M,21,masonry,2,3.2,TRUE,0
BW510352,BR-05,M,60,poultry,3,0.6,0,6
BW510353,BR-10,M,45,tailoring,6,9.7,False,4
BW510354,BR-04,F,59,tailoring,12,1.5,1,1
BW510355,BR-01,M,31,poultry,12,6.6,TRUE,4
BW510356,BR-11,M,48,teaching,8,3.0,FALSE,1
BW510357,BR-01,M,56,food vending,5,3.7,0,3
BW510358,BR-08,F,19,teaching,9,10.8,FALSE,0
BW510359,BR-01,F,19,phone repair,4,4.2,yes,4
BW510360,BR-17,F,56,food vending,2,2.9,True,9
BW510361,BR-10,F,31,transport,11,3.0,1,0
BW510362,BR-11,M,42,poultry,3,5.6,False,1
BW510363,BR-02,F,45,masonry,2,5.6,FALSE,4
BW510364,BR-19,M,21,farming,11,5.8,True,2
BW510365,BR-07,M,20,hairdressing,5,8.4,no,1
BW510366,BR-10,M,63,petty trade,11,6.9,yes,3
BW510367,BR-19,M,48,carpentry,5,5.9,yes,1
BW510368,BR-16,F,25,transport,1,4.2,0,2
BW510369,BR-06,M,57,hairdressing,4,13.8,no,2
BW510370,BR-01,F,41,hairdressing,2,2.3,1,1
BW510371,BR-21,F,51,food vending,3,1.7,0,2
BW510372,BR-09,F,38,farming,7,12.1,True,0
BW510373,BR-24,M,41,tailoring,12,5.6,yes,1
BW510374,BR-17,F,60,phone repair,11,10.4,no,9
BW510375,BR-05,M,64,tailoring,9,0.7,TRUE,2
BW510376,BR-08,M,47,masonry,10,10.6,TRUE,9
BW510377,BR-20,M,42,phone repair,6,2.6,True,0
BW510378,BR-01,M,39,food vending,10,9.8,True,0
BW510379,BR-10,F,38,food vending,12,9.9,0,1
BW510380,BR-17,M,37,teaching,11,8.6,1,1
BW510381,BR-15,M,58,transport,4,7.0,no,9
BW510382,BR-21,M,35,farming,2,11.0,1,4
BW510383,BR-08,M,61,petty trade,7,4.0,no,4
BW510384,BR-21,M,33,transport,9,6.3,1,0
BW510385,BR-03,M,46,teaching,8,3.9,0,0
BW510386,BR-12,F,64,food vending,10,4.9,TRUE,3
BW510387,BR-05,F,37,phone repair,8,10.7,1,4
BW510388,BR-02,F,29,petty trade,2,5.0,no,1
BW510389,BR-21,F,40,carpentry,9,8.0,False,0
BW510390,BR-10,F,44,transport,4,11.0,1,0
BW510391,BR-23,F,50,petty trade,9,1.8,False,1
BW510392,BR-22,M,57,farming,8,4.6,1,2
BW510393,BR-10,M,43,farming,8,10.1,1,1
BW510394,BR-13,F,39,carpentry,3,3.3,1,1
BW510395,BR-07,F,47,carpentry,1,3.1,no,1
BW510396,BR-01,F,48,masonry,8,5.5,1,1
BW510397,BR-12,M,58,carpentry,9,0.4,True,9
BW510398,BR-07,F,19,farming,8,3.8,yes,0
BW510399,BR-13,F,26,phone repair,5,3.3,1,1
BW510400,BR-18,M,51,carpentry,6,1.5,FALSE,0
BW510401,BR-16,F,20,masonry,2,3.3,FALSE,2
BW510402,BR-21,M,34,poultry,11,3.0,False,0
BW510403,BR-04,F,58,carpentry,5,7.2,True,9
BW510404,BR-23,F,22,masonry,11,5.6,True,1
BW510405,BR-08,F,44,retail shop,2,2.5,1,9
BW510406,BR-19,M,34,carpentry,4,0.7,False,6
BW510407,BR-10,M,19,carpentry,8,2.5,0,1
BW510408,BR-11,M,64,phone repair,6,4.1,TRUE,0
BW510409,BR-23,F,49,retail shop,7,4.8,yes,9
BW510410,BR-19,F,55,teaching,5,7.9,True,4
BW510411,BR-17,M,47,food vending,1,7.5,FALSE,0
BW510412,BR-05,F,45,farming,10,10.8,TRUE,2
BW510413,BR-01,M,58,carpentry,4,5.6,0,0
BW510414,BR-24,F,35,food vending,6,17.3,1,1
BW510415,BR-07,M,47,transport,4,8.1,TRUE,2
BW510416,BR-01,F,54,masonry,9,1.9,TRUE,3
BW510417,BR-11,F,50,phone repair,2,12.1,no,2
BW510418,BR-10,M,43,retail shop,11,2.6,yes,2
BW510419,BR-14,M,60,petty trade,8,1.0,False,9
BW510420,BR-05,F,58,carpentry,1,5.0,1,6
BW510421,BR-21,M,27,retail shop,2,1.4,0,0
BW510422,BR-06,F,28,petty trade,5,0.4,TRUE,1
BW510423,BR-19,F,46,phone repair,8,10.7,FALSE,1
BW510424,BR-10,F,50,retail shop,9,8.5,0,4
BW510425,BR-17,F,24,transport,8,5.6,1,6
BW510426,BR-15,M,54,masonry,10,2.5,False,1
BW510427,BR-05,M,23,transport,8,6.9,FALSE,9
BW510428,BR-23,F,64,hairdressing,12,8.0,0,0
BW510429,BR-08,M,41,hairdressing,2,5.0,FALSE,0
BW510430,BR-20,F,48,transport,2,9.9,no,3
BW510431,BR-15,F,37,carpentry,4,5.1,True,9
BW510432,BR-02,M,27,retail shop,1,5.2,1,1
BW510433,BR-21,F,57,carpentry,7,8.8,0,1
BW510434,BR-03,F,59,transport,11,7.7,FALSE,4
BW510435,BR-07,F,36,masonry,7,0.7,False,0
BW510436,BR-12,M,38,masonry,3,9.8,False,0
BW510437,BR-10,F,64,petty trade,2,5.6,True,1
BW510438,BR-22,F,58,carpentry,3,6.2,True,1
BW510439,BR-15,F,61,transport,12,4.9,TRUE,0
BW510440,BR-17,F,51,transport,3,5.8,yes,0
BW510441,BR-06,M,27,masonry,4,1.5,True,1
BW510442,BR-06,M,64,farming,3,5.1,TRUE,1
BW510443,BR-21,F,38,tailoring,9,0.9,FALSE,4
BW510444,BR-11,F,50,carpentry,4,0.6,False,3
BW510445,BR-12,F,50,transport,5,6.2,FALSE,1
BW510446,BR-02,F,45,hairdressing,4,1.4,yes,6
BW510447,BR-13,F,35,hairdressing,7,7.4,FALSE,1
BW510448,BR-14,F,61,phone repair,2,6.2,0,2
BW510449,BR-02,M,22,tailoring,11,15.4,0,0
BW510450,BR-07,F,58,petty trade,7,11.0,FALSE,0
BW510451,BR-11,F,26,phone repair,11,9.4,1,0
BW510452,BR-23,F,34,tailoring,9,2.0,1,1
BW510453,BR-12,F,33,farming,2,5.4,False,3
BW510454,BR-01,F,38,phone repair,3,5.2,yes,0
BW510455,BR-22,F,26,teaching,11,7.5,yes,1
BW510456,BR-12,F,46,phone repair,3,3.1,False,0
BW510457,BR-14,M,43,tailoring,5,2.3,no,3
BW510458,BR-02,F,45,petty trade,1,2.1,TRUE,0
BW510459,BR-12,F,62,carpentry,3,3.7,True,1
BW510460,BR-01,M,55,petty trade,3,11.0,False,2
BW510461,BR-06,M,41,carpentry,7,5.3,True,9
BW510462,BR-06,F,31,teaching,4,3.4,TRUE,3
BW510463,BR-01,M,35,farming,12,3.9,FALSE,1
BW510464,BR-14,F,41,teaching,12,1.0,1,4
BW510465,BR-04,M,56,tailoring,8,0.2,True,1
BW510466,BR-20,M,48,phone repair,10,6.3,yes,3
BW510467,BR-17,M,51,petty trade,3,7.5,no,1
BW510468,BR-06,F,46,hairdressing,2,4.5,False,1
BW510469,BR-13,M,44,petty trade,4,11.3,1,9
BW510470,BR-02,F,44,retail shop,12,8.0,False,0
BW510471,BR-04,F,35,retail shop,4,6.3,yes,4
BW510472,BR-16,F,27,farming,5,2.7,0,9
BW510473,BR-23,F,51,masonry,4,3.7,False,4
BW510474,BR-19,M,27,transport,11,7.1,True,3
BW510475,BR-13,M,28,tailoring,12,4.5,True,9
BW510476,BR-13,F,37,retail shop,9,4.6,TRUE,0
BW510477,BR-20,M,48,petty trade,2,2.8,0,6
BW510478,BR-10,F,63,food vending,7,6.5,0,6
BW510479,BR-03,M,33,teaching,7,3.3,TRUE,2
BW510480,BR-01,M,39,hairdressing,5,0.2,False,3
BW510481,BR-16,F,59,hairdressing,7,3.5,0,9
BW510482,BR-12,F,53,hairdressing,1,11.7,1,2
BW510483,BR-05,F,30,carpentry,6,5.5,no,9
BW510484,BR-24,F,24,retail shop,7,1.8,0,6
BW510485,BR-05,F,28,farming,2,7.9,TRUE,3
BW510486,BR-03,M,21,carpentry,6,3.0,0,0
BW510487,BR-13,F,45,tailoring,3,6.1,FALSE,9
BW510488,BR-20,F,47,masonry,5,1.7,0,6
BW510489,BR-20,M,22,retail shop,3,1.5,yes,3
BW510490,BR-22,M,34,masonry,2,2.5,yes,1
BW510491,BR-13,F,64,hairdressing,5,8.5,TRUE,4
BW510492,BR-20,F,26,transport,2,0.2,yes,0
BW510493,BR-05,F,31,tailoring,4,1.2,True,9
BW510494,BR-09,F,26,hairdressing,6,9.6,False,1
BW510495,BR-19,M,60,poultry,3,7.5,0,1
BW510496,BR-17,M,50,food vending,7,0.8,TRUE,0
BW510497,BR-09,M,56,hairdressing,1,10.3,0,1
BW510498,BR-07,F,59,teaching,11,1.5,True,3
BW510499,BR-16,F,54,petty trade,11,2.5,FALSE,9
BW510500,BR-18,F,56,transport,9,4.8,0,9
BW510501,BR-08,M,55,phone repair,2,4.0,no,0
BW510502,BR-03,F,47,masonry,8,1.4,yes,1
BW510503,BR-03,F,56,petty trade,7,6.5,0,3
BW510504,BR-12,F,61,carpentry,12,8.9,FALSE,4
BW510505,BR-04,M,56,food vending,7,7.1,0,2
BW510506,BR-08,F,35,farming,7,10.6,TRUE,0
BW510507,BR-03,F,27,petty trade,8,7.6,no,6
BW510508,BR-24,F,22,poultry,10,2.5,True,9
BW510509,BR-20,F,42,masonry,1,1.1,TRUE,3
BW510510,BR-11,F,62,farming,3,10.2,True,6
BW510511,BR-21,M,28,masonry,3,0.7,yes,6
BW510512,BR-22,F,36,food vending,1,6.2,False,2
BW510513,BR-22,M,59,phone repair,7,6.9,TRUE,0
BW510514,BR-01,F,21,poultry,2,1.1,0,4
BW510515,BR-10,F,48,transport,8,3.9,1,6
BW510516,BR-11,F,45,retail shop,11,6.5,1,9
BW510517,BR-08,M,31,hairdressing,7,7.3,TRUE,3
BW510518,BR-10,M,56,teaching,8,7.5,TRUE,0
BW510519,BR-03,F,60,retail shop,1,3.7,TRUE,0
BW510520,BR-10,F,30,food vending,12,8.8,True,0
BW510521,BR-22,M,22,teaching,1,5.0,1,1
BW510522,BR-18,F,48,hairdressing,6,3.4,no,3
BW510523,BR-18,M,48,farming,7,1.0,False,9
BW510524,BR-13,F,61,petty trade,7,6.2,False,1
BW510525,BR-12,M,42,carpentry,1,7.0,1,3
BW510526,BR-03,M,37,transport,8,10.4,yes,9
BW510527,BR-20,F,22,retail shop,2,6.9,TRUE,4
BW510528,BR-18,F,33,hairdressing,1,0.4,FALSE,0
BW510529,BR-06,M,62,poultry,1,4.6,no,0
BW510530,BR-17,F,41,carpentry,7,4.1,0,3
BW510531,BR-20,F,46,teaching,12,3.3,TRUE,9
BW510532,BR-02,F,62,food vending,4,8.0,no,1
BW510533,BR-21,F,60,food vending,1,9.2,0,6
BW510534,BR-03,F,60,carpentry,8,1.2,FALSE,1
BW510535,BR-23,F,39,food vending,1,15.7,TRUE,1
BW510536,BR-08,F,58,transport,8,8.1,FALSE,4
BW510537,BR-18,F,55,hairdressing,12,6.6,yes,1
BW510538,BR-16,F,42,retail shop,7,3.2,True,6
BW510539,BR-23,F,29,petty trade,8,3.1,FALSE,0
BW510540,BR-23,F,64,masonry,6,2.6,1,0
BW510541,BR-17,F,46,teaching,6,8.5,False,6
BW510542,BR-03,M,47,food vending,3,3.6,True,0
BW510543,BR-12,M,22,petty trade,11,1.8,0,2
BW510544,BR-19,M,43,farming,12,5.2,FALSE,6
BW510545,BR-12,M,28,poultry,6,5.4,1,1
BW510546,BR-11,M,61,poultry,7,0.7,True,2
BW510547,BR-17,M,28,masonry,7,7.6,True,6
BW510548,BR-03,M,34,phone repair,8,3.9,yes,6
BW510549,BR-01,M,32,hairdressing,9,4.5,FALSE,3
BW510550,BR-15,F,21,masonry,10,7.0,False,1
BW510551,BR-22,F,21,phone repair,6,3.9,yes,1
BW510552,BR-11,F,39,teaching,1,7.1,0,1
BW510553,BR-11,F,42,hairdressing,9,7.7,FALSE,4
BW510554,BR-12,F,45,retail shop,6,12.5,yes,1
BW510555,BR-22,F,55,food vending,10,8.5,1,0
BW510556,BR-02,M,51,hairdressing,8,14.1,no,9
BW510557,BR-04,F,27,hairdressing,11,6.0,0,1
BW510558,BR-22,F,30,transport,12,8.7,yes,9
BW510559,BR-07,F,37,teaching,11,4.8,1,6
BW510560,BR-06,M,42,farming,11,2.4,1,0
BW510561,BR-10,M,59,teaching,6,5.9,0,4
BW510562,BR-21,M,22,carpentry,1,9.7,no,9
BW510563,BR-09,F,27,teaching,9,3.6,TRUE,2
BW510564,BR-04,M,22,teaching,2,10.0,FALSE,1
BW510565,BR-13,M,22,phone repair,9,8.6,True,9
BW510566,BR-11,M,24,tailoring,3,2.5,FALSE,3
BW510567,BR-09,F,44,teaching,8,11.0,False,2
BW510568,BR-23,M,36,food vending,2,2.5,no,0
BW510569,BR-07,F,25,teaching,5,10.0,True,4
BW510570,BR-18,F,55,teaching,11,0.6,False,1
BW510571,BR-21,M,54,food vending,2,2.4,FALSE,1
BW510572,BR-03,F,30,transport,10,2.0,yes,2
BW510573,BR-24,M,24,poultry,2,5.4,False,9
BW510574,BR-05,F,40,food vending,1,2.2,1,0
BW510575,BR-02,F,49,petty trade,7,2.0,True,6
BW510576,BR-19,M,47,petty trade,11,1.0,FALSE,3
BW510577,BR-06,F,50,farming,2,4.0,1,3
BW510578,BR-13,F,60,retail shop,5,6.5,1,0
BW510579,BR-18,F,28,petty trade,8,3.0,TRUE,1
BW510580,BR-14,M,42,carpentry,2,8.5,0,2
BW510581,BR-11,M,44,phone repair,2,2.3,True,0
BW510582,BR-16,F,56,retail shop,3,13.5,no,0
BW510583,BR-06,F,55,poultry,11,2.8,TRUE,4
BW510584,BR-22,F,44,masonry,11,6.0,True,0
BW510585,BR-19,M,31,food vending,10,9.5,FALSE,6
BW510586,BR-08,F,56,carpentry,1,4.8,FALSE,3
BW510587,BR-02,F,19,petty trade,3,7.0,TRUE,0
BW510588,BR-13,M,54,hairdressing,7,8.5,TRUE,9
BW510589,BR-09,M,43,teaching,2,11.5,no,2
BW510590,BR-01,M,20,petty trade,1,4.6,0,0
BW510591,BR-05,M,30,carpentry,12,6.2,FALSE,3
BW510592,BR-09,F,38,carpentry,2,2.2,1,9
BW510593,BR-16,M,50,hairdressing,12,2.2,no,0
BW510594,BR-09,F,35,phone repair,7,10.2,True,0
BW510595,BR-16,M,49,food vending,1,6.6,0,3
BW510596,BR-14,F,48,transport,5,6.8,yes,6
BW510597,BR-14,F,38,hairdressing,5,8.1,1,1
BW510598,BR-07,F,59,masonry,9,4.7,no,1
BW510599,BR-10,F,22,retail shop,3,3.6,no,2
BW510600,BR-23,M,36,transport,9,1.9,no,9
BW510601,BR-07,F,49,farming,12,0.7,yes,2
BW510602,BR-21,F,47,transport,1,9.0,0,3
BW510603,BR-14,M,47,teaching,2,3.9,1,4
BW510604,BR-20,F,58,food vending,8,3.5,FALSE,2
BW510605,BR-09,F,46,masonry,1,8.9,0,1
BW510606,BR-20,F,36,retail shop,3,0.9,no,1
BW510607,BR-22,F,55,hairdressing,9,5.4,False,2
BW510608,BR-08,F,36,farming,12,5.8,TRUE,1
BW510609,BR-01,F,41,hairdressing,3,7.0,yes,1
BW510610,BR-16,M,40,food vending,2,4.5,FALSE,1
BW510611,BR-20,F,36,phone repair,5,8.3,False,3
BW510612,BR-21,M,19,poultry,5,8.4,yes,1
BW510613,BR-10,M,23,food vending,12,9.8,TRUE,0
BW510614,BR-01,F,63,food vending,7,9.1,True,1
BW510615,BR-10,F,39,hairdressing,11,9.7,False,2
BW510616,BR-13,M,35,phone repair,4,5.2,False,2
BW510617,BR-05,F,55,transport,11,4.6,0,3
BW510618,BR-24,M,40,petty trade,5,0.4,False,0
BW510619,BR-24,M,32,farming,5,4.2,yes,3
BW510620,BR-20,M,31,retail shop,5,11.6,no,0
BW510621,BR-05,F,30,tailoring,10,10.5,yes,0
BW510622,BR-09,M,52,petty trade,11,3.2,0,4
BW510623,BR-15,M,33,masonry,11,4.1,0,6
BW510624,BR-15,M,35,teaching,8,7.2,True,6
BW510625,BR-19,F,34,food vending,11,4.5,FALSE,6
BW510626,BR-15,F,47,teaching,5,1.5,1,4
BW510627,BR-07,F,37,phone repair,8,3.7,1,0
BW510628,BR-14,F,30,hairdressing,10,4.8,no,3
BW510629,BR-05,M,42,tailoring,5,3.8,True,1
BW510630,BR-19,F,37,hairdressing,2,8.6,False,6
BW510631,BR-11,F,22,carpentry,8,1.5,1,0
BW510632,BR-18,F,61,masonry,4,0.7,TRUE,1
BW510633,BR-08,F,44,masonry,12,4.4,True,2
BW510634,BR-05,F,49,teaching,10,8.8,no,4
BW510635,BR-06,F,42,food vending,5,7.6,True,0
BW510636,BR-24,F,40,teaching,7,8.1,0,3
BW510637,BR-12,F,55,masonry,5,3.1,yes,0
BW510638,BR-12,M,57,teaching,3,1.0,TRUE,1
BW510639,BR-03,M,43,hairdressing,6,11.7,TRUE,6
BW510640,BR-18,M,22,transport,11,0.6,FALSE,2
BW510641,BR-13,M,44,farming,9,9.3,FALSE,3
BW510642,BR-14,M,37,masonry,5,9.9,1,6
BW510643,BR-20,M,35,carpentry,9,5.9,FALSE,1
BW510644,BR-05,F,54,retail shop,6,5.5,FALSE,0
BW510645,BR-01,F,60,farming,5,8.3,True,4
BW510646,BR-17,M,21,teaching,3,8.5,0,3
BW510647,BR-23,F,19,retail shop,1,0.9,True,2
BW510648,BR-22,F,52,phone repair,5,0.7,False,0
BW510649,BR-06,F,50,farming,3,4.0,1,0
BW510650,BR-08,F,48,teaching,3,9.6,1,4
BW510651,BR-22,F,52,teaching,9,5.3,0,3
BW510652,BR-16,M,23,retail shop,10,0.6,1,0
BW510653,BR-23,M,54,poultry,4,8.1,TRUE,1
BW510654,BR-06,M,40,tailoring,1,3.2,True,6
BW510655,BR-23,F,41,hairdressing,3,1.1,False,9
BW510656,BR-06,F,24,phone repair,11,3.0,0,6
BW510657,BR-05,F,28,food vending,10,7.6,TRUE,9
BW510658,BR-17,F,51,farming,8,0.6,no,1
BW510659,BR-21,F,59,farming,8,2.2,True,3
BW510660,BR-11,M,40,tailoring,2,1.3,yes,1
BW510661,BR-14,M,38,poultry,5,4.0,FALSE,1
BW510662,BR-03,F,50,food vending,10,2.4,True,0
BW510663,BR-24,M,39,farming,6,5.2,no,1
BW510664,BR-12,F,57,hairdressing,10,5.8,False,6
BW510665,BR-17,F,54,phone repair,9,3.6,TRUE,3
BW510666,BR-03,F,42,farming,3,2.9,no,4
BW510667,BR-05,F,25,retail shop,4,4.3,1,4
BW510668,BR-03,M,51,petty trade,5,0.7,FALSE,1
BW510669,BR-02,M,20,teaching,1,8.5,FALSE,2
BW510670,BR-23,M,23,food vending,6,2.5,yes,6
BW510671,BR-08,F,44,tailoring,5,10.4,FALSE,2
BW510672,BR-14,F,63,food vending,7,5.8,FALSE,2
BW510673,BR-15,M,27,farming,7,11.4,0,4
BW510674,BR-09,F,36,masonry,12,2.8,True,3
BW510675,BR-19,F,33,phone repair,7,1.6,no,9
BW510676,BR-21,F,58,retail shop,1,9.4,FALSE,6
BW510677,BR-23,F,52,food vending,4,1.6,0,2
BW510678,BR-16,F,25,phone repair,1,3.4,TRUE,2
BW510679,BR-17,F,21,tailoring,7,5.8,yes,1
BW510680,BR-09,M,60,retail shop,7,3.0,True,0
BW510681,BR-03,F,27,masonry,8,6.3,TRUE,1
BW510682,BR-07,F,62,hairdressing,2,7.4,yes,1
BW510683,BR-04,F,42,food vending,1,1.5,TRUE,2
BW510684,BR-09,F,20,carpentry,6,1.2,TRUE,3
BW510685,BR-11,F,37,food vending,8,6.9,True,4
BW510686,BR-12,F,51,poultry,11,9.5,0,2
BW510687,BR-12,F,39,petty trade,6,5.9,no,6
BW510688,BR-05,M,59,tailoring,10,6.4,0,6
BW510689,BR-12,F,41,farming,7,7.3,1,4
BW510690,BR-12,F,63,phone repair,1,10.0,1,1
BW510691,BR-24,F,39,masonry,8,0.5,FALSE,9
BW510692,BR-12,M,57,poultry,3,7.3,0,0
BW510693,BR-23,F,61,teaching,11,4.3,False,9
BW510694,BR-19,F,34,transport,7,1.9,True,0
BW510695,BR-17,F,53,masonry,8,8.8,FALSE,0
BW510696,BR-03,M,58,teaching,7,5.8,False,3
BW510697,BR-02,M,28,carpentry,11,9.8,no,3
BW510698,BR-24,F,63,retail shop,3,5.4,TRUE,6
BW510699,BR-06,F,37,phone repair,1,10.4,0,1
BW510700,BR-15,M,46,farming,3,1.5,1,2
BW510701,BR-06,M,40,phone repair,5,6.7,0,2
BW510702,BR-23,M,62,food vending,9,6.6,FALSE,0
BW510703,BR-19,F,50,carpentry,1,2.8,True,0
BW510704,BR-01,M,20,retail shop,6,6.4,yes,6
BW510705,BR-07,F,34,petty trade,8,4.6,no,3
BW510706,BR-05,F,46,transport,6,0.6,0,0
BW510707,BR-01,M,33,tailoring,1,7.1,yes,1
BW510708,BR-12,F,26,food vending,11,1.6,0,0
BW510709,BR-16,F,25,poultry,11,3.8,True,6
BW510710,BR-14,M,23,poultry,7,8.6,0,1
BW510711,BR-23,M,43,hairdressing,12,4.4,yes,2
BW510712,BR-15,F,46,farming,6,5.7,0,4
BW510713,BR-17,M,25,carpentry,12,5.0,yes,0
BW510714,BR-14,F,26,transport,3,6.5,False,0
BW510715,BR-20,M,33,retail shop,10,1.6,yes,6
BW510716,BR-07,M,32,masonry,8,6.1,1,9
BW510717,BR-08,F,51,poultry,3,11.9,no,9
BW510718,BR-11,M,59,masonry,9,9.6,1,1
BW510719,BR-12,M,24,petty trade,10,1.2,True,9
BW510720,BR-13,F,64,carpentry,12,3.9,1,0
BW510721,BR-18,M,36,carpentry,8,4.5,1,2
BW510722,BR-18,F,22,phone repair,4,7.7,True,9
BW510723,BR-08,F,38,tailoring,10,5.3,no,2
BW510724,BR-10,F,30,poultry,8,8.1,no,1
BW510725,BR-18,F,50,teaching,6,5.2,True,1
BW510726,BR-12,M,36,carpentry,6,2.8,no,0
BW510727,BR-17,F,35,masonry,11,1.4,no,4
BW510728,BR-14,F,25,transport,9,6.9,TRUE,2
BW510729,BR-23,F,36,food vending,3,1.7,TRUE,9
BW510730,BR-22,F,25,food vending,6,12.2,True,1
BW510731,BR-15,M,29,tailoring,7,6.1,True,0
BW510732,BR-24,F,33,carpentry,11,2.5,0,2
BW510733,BR-13,F,49,phone repair,12,7.2,False,6
BW510734,BR-02,M,35,petty trade,7,8.7,False,2
BW510735,BR-02,F,35,tailoring,4,6.6,True,0
BW510736,BR-02,M,44,phone repair,10,15.3,no,0
BW510737,BR-15,M,52,farming,4,7.1,True,4
BW510738,BR-21,M,41,masonry,7,7.2,yes,0
BW510739,BR-14,M,38,carpentry,4,5.5,0,0
BW510740,BR-02,F,61,poultry,5,8.7,FALSE,6
BW510741,BR-22,F,55,food vending,10,8.2,False,4
BW510742,BR-21,F,62,tailoring,12,3.5,TRUE,6
BW510743,BR-14,M,21,poultry,6,8.5,1,6
BW510744,BR-10,F,44,carpentry,11,2.9,0,1
BW510745,BR-08,M,48,hairdressing,6,4.1,0,4
BW510746,BR-20,F,29,retail shop,1,6.6,yes,1
BW510747,BR-04,F,48,petty trade,3,8.9,1,0
BW510748,BR-06,M,42,phone repair,5,6.9,yes,1
BW510749,BR-09,F,53,hairdressing,3,7.1,1,0
BW510750,BR-05,M,44,poultry,6,10.8,yes,1
BW510751,BR-04,M,38,masonry,11,7.4,TRUE,9
BW510752,BR-16,F,37,transport,7,2.7,True,2
BW510753,BR-14,F,25,teaching,3,5.6,1,6
BW510754,BR-12,M,57,carpentry,4,0.2,0,0
BW510755,BR-19,F,43,farming,11,5.5,1,4
BW510756,BR-22,M,25,food vending,5,4.5,FALSE,6
BW510757,BR-11,F,61,phone repair,3,6.2,no,9
BW510758,BR-13,M,48,hairdressing,3,10.3,yes,0
BW510759,BR-16,M,39,masonry,3,7.7,TRUE,1
BW510760,BR-05,F,59,masonry,12,5.4,False,6
BW510761,BR-02,M,30,hairdressing,7,4.8,False,0
BW510762,BR-19,F,29,retail shop,7,3.3,yes,6
BW510763,BR-12,F,53,food vending,5,0.7,1,1
BW510764,BR-19,F,46,transport,11,0.4,TRUE,2
BW510765,BR-08,F,50,teaching,5,5.5,TRUE,3
BW510766,BR-08,F,44,masonry,3,8.7,1,6
BW510767,BR-02,F,19,hairdressing,8,6.1,yes,9
BW510768,BR-06,M,51,masonry,12,3.8,True,2
BW510769,BR-02,F,52,hairdressing,9,0.5,0,0
BW510770,BR-15,F,33,tailoring,11,10.1,TRUE,9
BW510771,BR-11,F,62,petty trade,5,0.5,no,0
BW510772,BR-13,F,37,transport,2,6.3,TRUE,0
BW510773,BR-19,M,57,transport,11,4.5,1,0
BW510774,BR-18,M,43,teaching,6,1.8,True,6
BW510775,BR-15,F,37,poultry,6,2.5,yes,1
BW510776,BR-16,F,48,petty trade,7,9.0,no,0
BW510777,BR-18,F,21,transport,1,6.7,False,1
BW510778,BR-19,M,34,carpentry,9,5.5,0,9
BW510779,BR-15,F,29,hairdressing,11,7.8,1,3
BW510780,BR-03,M,26,farming,12,0.3,FALSE,1
BW510781,BR-20,M,37,farming,7,2.3,yes,6
BW510782,BR-09,F,56,retail shop,3,3.4,no,6
BW510783,BR-12,M,37,masonry,11,3.9,True,1
BW510784,BR-15,M,32,retail shop,5,8.2,True,4
BW510785,BR-01,F,45,phone repair,12,1.5,0,4
BW510786,BR-01,M,21,masonry,1,1.2,0,2
BW510787,BR-01,F,19,petty trade,1,0.7,1,0
BW510788,BR-04,M,28,phone repair,9,10.6,no,0
BW510789,BR-18,F,39,phone repair,8,2.9,FALSE,1
BW510790,BR-14,M,61,petty trade,2,10.2,TRUE,0
BW510791,BR-23,M,63,tailoring,8,5.4,True,4
BW510792,BR-17,F,48,retail shop,5,1.1,False,0
BW510793,BR-03,F,31,poultry,9,8.9,FALSE,3
BW510794,BR-21,M,26,tailoring,8,0.3,1,3
BW510795,BR-19,M,45,hairdressing,7,1.2,no,0
BW510796,BR-12,F,50,teaching,3,0.3,1,4
BW510797,BR-02,F,24,tailoring,6,5.1,0,1
BW510798,BR-03,M,31,food vending,1,3.8,1,1
BW510799,BR-02,F,21,farming,12,1.0,True,1
BW510800,BR-13,F,39,phone repair,6,3.7,False,0
BW510801,BR-12,F,61,poultry,4,7.7,FALSE,3
BW510802,BR-20,F,62,masonry,4,6.5,False,1
BW510803,BR-14,M,51,carpentry,4,1.1,no,2
BW510804,BR-14,F,24,teaching,5,5.0,1,1
BW510805,BR-24,F,32,petty trade,6,10.7,False,1
BW510806,BR-03,F,52,food vending,11,13.7,TRUE,6
BW510807,BR-10,F,22,transport,11,4.0,no,1
BW510808,BR-19,F,40,farming,9,1.1,TRUE,4
BW510809,BR-15,F,22,masonry,5,3.5,1,6
BW510810,BR-10,M,24,farming,11,3.3,TRUE,0
BW510811,BR-24,F,53,hairdressing,2,8.5,no,6
BW510812,BR-09,F,19,retail shop,8,1.1,False,0
BW510813,BR-10,F,51,transport,6,3.2,no,0
BW510814,BR-12,F,32,food vending,2,0.4,FALSE,1
BW510815,BR-21,F,24,phone repair,1,5.3,no,6
BW510816,BR-02,F,45,teaching,2,6.9,FALSE,6
BW510817,BR-10,M,51,teaching,5,1.6,1,9
BW510818,BR-21,M,26,hairdressing,7,8.0,yes,1
BW510819,BR-04,F,37,masonry,6,8.0,yes,0
BW510820,BR-22,F,32,hairdressing,7,10.3,FALSE,6
BW510821,BR-16,F,63,transport,1,6.3,0,1
BW510822,BR-22,F,24,petty trade,8,3.9,True,6
BW510823,BR-12,F,34,carpentry,12,1.3,0,3
BW510824,BR-14,M,27,transport,12,3.2,1,0
BW510825,BR-16,F,63,petty trade,3,4.9,0,1
BW510826,BR-24,M,32,masonry,3,5.9,1,0
BW510827,BR-01,M,61,retail shop,4,7.8,True,6
BW510828,BR-08,F,48,hairdressing,7,6.6,FALSE,4
BW510829,BR-22,F,33,teaching,1,1.1,FALSE,0
BW510830,BR-01,F,34,petty trade,12,7.2,TRUE,4
BW510831,BR-16,F,51,transport,2,1.7,True,9
BW510832,BR-21,M,24,hairdressing,5,6.5,TRUE,0
BW510833,BR-22,F,20,masonry,8,5.0,True,0
BW510834,BR-01,F,50,petty trade,12,6.2,TRUE,2
BW510835,BR-23,F,45,petty trade,9,3.0,0,4
BW510836,BR-16,F,33,farming,9,6.7,FALSE,4
BW510837,BR-13,M,32,poultry,11,3.7,TRUE,9
BW510838,BR-24,F,40,tailoring,8,1.8,True,0
BW510839,BR-03,F,28,tailoring,2,6.7,False,0
BW510840,BR-11,F,27,hairdressing,8,0.8,no,1
BW510841,BR-14,F,60,hairdressing,9,11.3,yes,1
BW510842,BR-22,M,61,carpentry,3,3.9,yes,1
BW510843,BR-21,M,54,farming,2,6.9,True,4
BW510844,BR-03,M,22,teaching,12,9.6,no,1
BW510845,BR-01,F,62,poultry,9,7.2,False,9
BW510846,BR-08,M,51,masonry,12,6.0,True,9
BW510847,BR-02,F,27,teaching,2,2.6,1,4
BW510848,BR-10,M,21,tailoring,8,7.8,True,0
BW510849,BR-01,F,29,teaching,10,3.3,False,1
BW510850,BR-24,F,27,transport,11,8.4,no,6
BW510851,BR-19,M,59,farming,9,6.3,FALSE,0
BW510852,BR-01,F,28,carpentry,3,2.7,True,0
BW510853,BR-03,M,58,carpentry,7,1.1,TRUE,3
BW510854,BR-10,M,24,food vending,5,0.2,yes,3
BW510855,BR-09,F,63,teaching,2,4.5,0,0
BW510856,BR-14,F,42,hairdressing,3,3.5,1,0
BW510857,BR-22,F,62,carpentry,4,10.7,yes,9
BW510858,BR-06,M,42,teaching,1,8.9,1,4
BW510859,BR-24,M,51,tailoring,3,7.0,0,3
BW510860,BR-02,M,22,petty trade,6,3.8,1,2
BW510861,BR-23,M,51,poultry,10,7.3,1,2
BW510862,BR-19,M,51,retail shop,3,7.4,TRUE,2
BW510863,BR-02,F,51,food vending,1,3.2,0,1
BW510864,BR-02,M,63,masonry,4,2.6,True,1
BW510865,BR-10,M,51,poultry,9,3.1,TRUE,2
BW510866,BR-06,M,41,petty trade,2,10.9,TRUE,0
BW510867,BR-16,F,29,poultry,10,4.2,False,0
BW510868,BR-18,F,56,masonry,12,3.2,True,4
BW510869,BR-20,F,44,poultry,8,2.2,FALSE,4
BW510870,BR-07,F,40,carpentry,8,6.6,FALSE,4
BW510871,BR-21,F,21,masonry,10,9.8,yes,1
BW510872,BR-11,M,40,petty trade,4,6.6,TRUE,2
BW510873,BR-21,M,54,transport,11,9.1,TRUE,3
BW510874,BR-16,F,44,masonry,2,5.5,1,4
BW510875,BR-03,F,21,retail shop,11,6.9,True,1
BW510876,BR-03,M,30,hairdressing,1,5.2,FALSE,3
BW510877,BR-21,F,62,transport,12,12.8,TRUE,0
BW510878,BR-14,M,52,retail shop,12,8.4,yes,0
BW510879,BR-13,F,33,carpentry,4,3.9,FALSE,9
BW510880,BR-24,F,44,hairdressing,7,0.5,False,4
BW510881,BR-08,M,51,poultry,5,4.6,no,6
BW510882,BR-22,F,35,poultry,11,12.4,yes,9
BW510883,BR-18,M,36,farming,8,2.9,1,0
BW510884,BR-18,F,42,petty trade,4,11.2,1,0
BW510885,BR-17,M,62,tailoring,11,3.3,False,4
BW510886,BR-05,M,40,transport,3,3.8,TRUE,0
BW510887,BR-11,F,37,masonry,3,11.1,FALSE,0
BW510888,BR-03,M,29,poultry,4,7.1,1,1
BW510889,BR-07,M,50,transport,4,6.5,no,4
BW510890,BR-23,F,52,farming,7,4.6,1,6
BW510891,BR-19,F,58,carpentry,2,0.5,no,2
BW510892,BR-23,F,58,poultry,2,13.3,yes,6
BW510893,BR-24,F,61,petty trade,9,0.3,True,0
BW510894,BR-14,M,36,hairdressing,7,1.3,False,0
BW510895,BR-11,M,32,farming,8,6.4,0,1
BW510896,BR-04,M,38,poultry,8,2.5,no,3
BW510897,BR-11,F,52,carpentry,9,7.2,FALSE,9
BW510898,BR-15,M,56,masonry,1,0.4,False,3
BW510899,BR-22,F,37,hairdressing,9,9.0,1,0
BW510900,BR-08,M,58,hairdressing,4,4.9,FALSE,4
BW510901,BR-04,F,54,farming,2,14.3,False,3
BW510902,BR-20,F,57,masonry,8,7.8,True,0
BW510903,BR-14,M,45,petty trade,7,2.0,False,4
BW510904,BR-24,F,33,phone repair,4,1.2,0,2
BW510905,BR-03,F,55,masonry,9,8.4,TRUE,0
BW510906,BR-12,F,52,transport,10,6.9,False,4
BW510907,BR-02,M,33,tailoring,10,5.6,no,1
BW510908,BR-02,F,30,poultry,9,12.5,1,9
BW510909,BR-23,F,30,hairdressing,1,1.5,yes,1
BW510910,BR-20,M,25,masonry,5,1.0,FALSE,9
BW510911,BR-06,F,38,retail shop,10,4.7,1,3
BW510912,BR-24,M,19,hairdressing,12,6.7,False,0
BW510913,BR-14,F,35,carpentry,11,11.6,yes,0
BW510914,BR-02,M,43,retail shop,9,2.7,no,0
BW510915,BR-21,F,26,farming,11,7.2,False,0
BW510916,BR-01,F,38,petty trade,3,3.5,0,6
BW510917,BR-14,F,55,phone repair,2,1.0,1,2
BW510918,BR-23,M,31,phone repair,12,7.4,False,1
BW510919,BR-12,F,54,poultry,10,9.5,FALSE,6
BW510920,BR-15,F,47,hairdressing,8,2.2,TRUE,3
BW510921,BR-02,M,26,masonry,3,3.1,False,0
BW510922,BR-16,F,24,petty trade,4,5.5,0,2
BW510923,BR-08,F,62,retail shop,10,6.0,0,0
BW510924,BR-08,M,35,hairdressing,8,1.7,TRUE,0
BW510925,BR-20,M,30,petty trade,9,0.3,FALSE,4
BW510926,BR-07,F,41,carpentry,6,2.2,1,0
BW510927,BR-21,M,43,teaching,2,2.1,yes,0
BW510928,BR-20,M,43,petty trade,4,1.6,FALSE,0
BW510929,BR-02,F,64,transport,2,1.5,False,0
BW510930,BR-24,F,25,retail shop,1,2.9,1,0
BW510931,BR-01,F,60,hairdressing,4,4.4,0,2
BW510932,BR-09,M,63,retail shop,10,9.4,no,9
BW510933,BR-08,F,56,phone repair,5,5.5,True,1
BW510934,BR-20,M,59,teaching,3,6.5,0,3
BW510935,BR-12,M,50,teaching,6,6.4,yes,2
BW510936,BR-11,F,48,hairdressing,10,2.4,False,4
BW510937,BR-24,F,57,teaching,12,3.5,no,0
BW510938,BR-18,F,23,masonry,3,7.6,0,6
BW510939,BR-24,M,56,food vending,11,1.1,TRUE,9
BW510940,BR-08,F,51,hairdressing,1,3.4,yes,2
BW510941,BR-03,M,46,phone repair,3,2.1,FALSE,2
BW510942,BR-06,M,42,tailoring,12,9.6,True,3
BW510943,BR-20,F,33,hairdressing,3,10.7,FALSE,1
BW510944,BR-04,M,32,carpentry,1,9.0,FALSE,9
BW510945,BR-17,F,29,transport,11,9.7,True,1
BW510946,BR-20,M,55,hairdressing,7,6.7,1,0
BW510947,BR-16,F,56,hairdressing,3,1.7,True,1
BW510948,BR-04,M,32,retail shop,8,7.6,yes,6
BW510949,BR-15,M,43,poultry,2,6.8,yes,2
BW510950,BR-13,M,47,farming,3,2.3,TRUE,0
BW510951,BR-02,M,51,poultry,11,4.2,1,0
BW510952,BR-01,M,38,teaching,4,2.2,FALSE,6
BW510953,BR-24,F,35,masonry,7,12.0,True,0
BW510954,BR-13,F,61,retail shop,6,6.1,True,0
BW510955,BR-06,F,63,masonry,8,8.0,False,0
BW510956,BR-01,M,58,retail shop,5,9.5,True,0
BW510957,BR-17,M,25,hairdressing,3,6.0,TRUE,6
BW510958,BR-01,F,35,farming,12,1.6,yes,4
BW510959,BR-03,F,59,farming,8,4.4,yes,3
BW510960,BR-10,F,20,food vending,1,2.2,no,1
BW510961,BR-07,F,63,food vending,8,4.9,TRUE,6
BW510962,BR-02,F,61,carpentry,2,1.3,TRUE,1
BW510963,BR-24,F,59,petty trade,12,11.5,no,1
BW510964,BR-15,M,46,retail shop,9,9.8,FALSE,6
BW510965,BR-09,F,30,petty trade,7,6.3,False,9
BW510966,BR-24,M,28,masonry,12,7.3,0,6
BW510967,BR-17,M,41,farming,5,8.2,False,6
BW510968,BR-05,F,55,hairdressing,9,0.2,yes,6
BW510969,BR-03,M,37,phone repair,9,5.7,False,2
BW510970,BR-06,M,37,phone repair,7,1.6,TRUE,2
BW510971,BR-06,F,20,hairdressing,9,5.0,1,1
BW510972,BR-19,F,57,phone repair,9,0.4,1,4
BW510973,BR-09,F,61,hairdressing,3,1.8,1,2
BW510974,BR-22,F,44,teaching,8,10.8,1,6
BW510975,BR-02,F,24,food vending,9,1.3,TRUE,1
BW510976,BR-06,F,29,farming,8,11.5,FALSE,1
BW510977,BR-08,M,32,phone repair,5,6.6,TRUE,6
BW510978,BR-10,F,31,farming,1,2.6,no,6
BW510979,BR-17,F,49,retail shop,12,2.1,1,0
BW510980,BR-11,F,37,petty trade,3,6.7,True,3
BW510981,BR-08,M,20,farming,6,1.3,FALSE,0
BW510982,BR-07,F,48,carpentry,7,10.6,TRUE,1
BW510983,BR-13,F,33,retail shop,6,4.0,1,4
BW510984,BR-08,F,60,transport,1,3.2,0,9
BW510985,BR-04,F,51,teaching,10,9.2,False,0
BW510986,BR-13,M,30,tailoring,1,8.3,FALSE,2
BW510987,BR-08,F,58,teaching,1,3.5,FALSE,0
BW510988,BR-09,F,64,carpentry,11,5.1,False,1
BW510989,BR-13,F,33,teaching,10,3.4,0,4
BW510990,BR-02,M,20,teaching,8,7.9,False,0
BW510991,BR-23,F,30,carpentry,11,0.6,True,0
BW510992,BR-07,M,53,food vending,5,3.1,True,4
BW510993,BR-19,M,50,transport,10,8.2,TRUE,0
BW510994,BR-08,F,51,poultry,2,9.6,False,2
BW510995,BR-22,M,57,masonry,11,6.1,1,1
BW510996,BR-24,F,50,transport,11,5.0,no,9
BW510997,BR-11,F,32,masonry,12,0.6,TRUE,4
BW510998,BR-14,F,22,food vending,6,11.5,0,4
BW510999,BR-17,M,28,food vending,11,3.5,1,0
BW511000,BR-15,M,64,tailoring,2,8.0,yes,0
BW511001,BR-09,F,44,retail shop,6,5.1,True,9
BW511002,BR-23,F,36,tailoring,6,2.1,no,1
BW511003,BR-05,F,54,teaching,8,2.2,True,9
BW511004,BR-19,F,33,transport,10,5.3,FALSE,0
BW511005,BR-10,M,62,hairdressing,4,2.0,0,1
BW511006,BR-21,F,36,carpentry,1,14.9,False,4
BW511007,BR-19,F,34,masonry,2,7.7,0,0
BW511008,BR-01,M,32,food vending,7,4.9,no,9
BW511009,BR-13,M,37,poultry,11,0.7,yes,0
BW511010,BR-06,F,37,teaching,9,6.1,0,1
BW511011,BR-04,F,23,petty trade,9,0.4,no,1
BW511012,BR-07,F,32,retail shop,12,2.4,FALSE,3
BW511013,BR-16,F,21,hairdressing,1,6.4,True,3
BW511014,BR-17,M,26,transport,6,1.0,FALSE,3
BW511015,BR-01,M,63,farming,11,2.6,True,3
BW511016,BR-24,M,52,carpentry,7,11.9,True,6
BW511017,BR-23,F,58,tailoring,7,1.0,True,4
BW511018,BR-01,M,58,poultry,10,6.0,0,3
BW511019,BR-15,F,25,transport,3,7.4,yes,0
BW511020,BR-04,F,62,farming,8,6.0,1,0
BW511021,BR-21,F,26,phone repair,9,5.3,yes,6
BW511022,BR-10,F,49,transport,11,5.6,FALSE,1
BW511023,BR-07,F,21,retail shop,8,0.2,False,9
BW511024,BR-01,M,60,petty trade,4,10.4,yes,2
BW511025,BR-13,F,19,carpentry,12,1.9,yes,6
BW511026,BR-13,M,45,petty trade,11,4.4,1,1
BW511027,BR-23,F,56,carpentry,4,6.3,0,2
BW511028,BR-06,M,39,masonry,2,1.7,True,0
BW511029,BR-03,M,38,poultry,5,9.8,no,1
BW511030,BR-03,M,63,teaching,3,3.7,TRUE,1
BW511031,BR-20,F,46,retail shop,7,7.1,no,9
BW511032,BR-14,M,32,masonry,6,4.9,0,2
BW511033,BR-18,M,30,food vending,5,1.7,TRUE,1
BW511034,BR-07,F,59,tailoring,10,2.8,TRUE,6
BW511035,BR-01,F,62,poultry,1,9.6,yes,1
BW511036,BR-03,M,42,food vending,2,13.1,1,6
BW511037,BR-05,M,52,carpentry,12,11.1,1,0
BW511038,BR-07,F,49,teaching,5,6.3,False,1
BW511039,BR-21,M,23,poultry,5,4.6,no,1
BW511040,BR-06,M,50,poultry,3,4.2,1,1
BW511041,BR-22,F,62,petty trade,8,3.2,False,4
BW511042,BR-06,M,49,petty trade,12,8.2,FALSE,4
BW511043,BR-18,F,19,farming,8,12.2,False,1
BW511044,BR-22,F,60,phone repair,2,7.3,TRUE,4
BW511045,BR-22,M,46,teaching,7,5.1,0,9
BW511046,BR-08,F,54,transport,4,0.4,False,2
BW511047,BR-11,F,45,farming,11,7.3,FALSE,6
BW511048,BR-05,M,48,retail shop,6,8.2,FALSE,1
BW511049,BR-01,M,30,petty trade,2,7.2,0,1
BW511050,BR-17,F,22,masonry,6,7.4,no,4
BW511051,BR-19,F,51,masonry,7,6.8,yes,6
BW511052,BR-02,M,45,farming,4,7.5,yes,2
BW511053,BR-23,F,35,teaching,7,7.1,False,0
BW511054,BR-13,F,52,tailoring,9,3.7,yes,0
BW511055,BR-23,F,41,retail shop,1,2.3,no,0
BW511056,BR-24,M,19,petty trade,5,2.3,TRUE,3
BW511057,BR-11,F,23,tailoring,2,3.3,yes,0
BW511058,BR-11,F,63,phone repair,9,7.1,1,6
BW511059,BR-01,M,43,food vending,4,11.7,False,3
BW511060,BR-18,F,33,carpentry,6,0.7,1,4
BW511061,BR-12,F,20,retail shop,1,1.0,1,4
BW511062,BR-20,F,41,retail shop,3,5.7,0,9
BW511063,BR-22,F,21,carpentry,9,3.1,0,1
BW511064,BR-05,F,33,masonry,5,2.8,FALSE,1
BW511065,BR-24,F,48,phone repair,5,10.5,yes,3
BW511066,BR-11,M,26,poultry,2,2.9,TRUE,6
BW511067,BR-19,F,48,retail shop,7,5.7,0,3
BW511068,BR-06,M,44,transport,5,3.2,True,1
BW511069,BR-06,F,33,carpentry,12,16.3,yes,9
BW511070,BR-22,F,54,carpentry,9,3.1,False,0
BW511071,BR-09,F,52,masonry,11,4.3,False,1
BW511072,BR-12,F,62,farming,8,3.3,True,6
BW511073,BR-09,M,29,retail shop,3,0.7,FALSE,9
BW511074,BR-04,F,28,phone repair,11,4.4,1,0
BW511075,BR-21,M,33,poultry,7,5.9,0,1
BW511076,BR-19,M,32,retail shop,12,4.1,1,1
BW511077,BR-03,M,23,transport,4,5.1,TRUE,1
BW511078,BR-23,F,63,transport,1,11.1,True,2
BW511079,BR-14,M,60,teaching,11,7.6,True,3
BW511080,BR-07,M,49,food vending,10,3.8,TRUE,6
BW511081,BR-14,F,26,retail shop,10,8.9,False,0
BW511082,BR-17,M,44,carpentry,10,0.8,yes,3
BW511083,BR-07,F,46,masonry,6,2.0,TRUE,3
BW511084,BR-11,M,34,phone repair,6,0.8,FALSE,2
BW511085,BR-02,M,36,masonry,7,4.9,no,4
BW511086,BR-12,F,49,farming,3,9.1,1,1
BW511087,BR-05,M,50,farming,7,6.7,yes,3
BW511088,BR-18,M,40,tailoring,6,2.1,FALSE,0
BW511089,BR-01,F,40,masonry,10,6.0,1,1
BW511090,BR-24,M,34,teaching,11,10.7,True,2
BW511091,BR-22,F,44,teaching,11,6.3,yes,1
BW511092,BR-06,F,42,masonry,4,6.4,True,9
BW511093,BR-21,F,37,masonry,4,3.6,False,6
BW511094,BR-17,F,28,retail shop,9,0.6,TRUE,0
BW511095,BR-22,M,38,farming,2,1.0,False,9
BW511096,BR-15,F,48,tailoring,9,7.4,TRUE,3
BW511097,BR-17,F,44,carpentry,6,2.1,no,1
BW511098,BR-20,F,40,petty trade,8,2.4,yes,0
BW511099,BR-15,F,47,poultry,3,8.6,False,2
BW511100,BR-24,M,26,phone repair,5,8.2,FALSE,3
BW511101,BR-19,F,32,hairdressing,10,6.8,TRUE,1
BW511102,BR-20,F,23,masonry,8,10.0,0,6
BW511103,BR-22,F,50,hairdressing,8,0.6,False,0
BW511104,BR-22,F,33,masonry,5,7.2,FALSE,0
BW511105,BR-07,M,58,petty trade,9,9.3,FALSE,3
BW511106,BR-03,M,48,farming,1,1.8,TRUE,1
BW511107,BR-14,F,54,transport,7,8.3,yes,4
BW511108,BR-03,F,58,phone repair,1,10.3,no,0
BW511109,BR-08,M,54,phone repair,11,14.6,FALSE,9
BW511110,BR-24,F,56,transport,11,4.4,1,0
BW511111,BR-23,M,22,carpentry,9,11.4,no,4
BW511112,BR-19,F,25,petty trade,7,3.8,True,1
BW511113,BR-17,M,42,food vending,1,7.8,1,6
BW511114,BR-15,F,64,tailoring,2,4.4,TRUE,9
BW511115,BR-21,M,44,carpentry,4,4.1,no,9
BW511116,BR-24,F,40,petty trade,1,2.2,False,0
BW511117,BR-21,F,63,farming,11,3.7,True,4
BW511118,BR-24,F,52,poultry,10,7.1,yes,3
BW511119,BR-03,M,55,hairdressing,3,0.8,1,0
BW511120,BR-15,F,22,poultry,2,10.4,TRUE,0
BW511121,BR-03,F,20,masonry,2,8.9,TRUE,6
BW511122,BR-11,M,48,retail shop,4,3.6,0,1
BW511123,BR-12,M,36,food vending,12,10.4,FALSE,4
BW511124,BR-20,M,43,transport,5,0.8,TRUE,1
BW511125,BR-12,M,25,hairdressing,12,12.7,TRUE,3
BW511126,BR-17,F,48,farming,5,3.1,no,6
BW511127,BR-21,F,27,hairdressing,5,5.2,True,3
BW511128,BR-11,F,49,farming,10,1.4,0,0
BW511129,BR-04,M,38,hairdressing,8,4.0,TRUE,1
BW511130,BR-15,M,63,retail shop,4,0.3,True,9
BW511131,BR-21,F,33,tailoring,6,5.1,TRUE,9
BW511132,BR-18,F,43,retail shop,4,7.4,no,0
BW511133,BR-24,F,43,transport,10,4.1,1,6
BW511134,BR-08,F,60,tailoring,4,6.1,False,0
BW511135,BR-09,F,23,tailoring,9,4.2,False,3
BW511136,BR-20,F,40,carpentry,6,8.4,True,1
BW511137,BR-20,M,40,retail shop,11,1.6,TRUE,9
BW511138,BR-09,F,36,poultry,10,14.3,no,2
BW511139,BR-24,F,20,tailoring,1,4.2,yes,0
BW511140,BR-20,F,24,teaching,12,1.4,no,1
BW511141,BR-11,F,34,poultry,7,1.1,True,1
BW511142,BR-22,F,59,retail shop,5,12.3,FALSE,0
BW511143,BR-08,F,34,phone repair,9,11.7,0,2
BW511144,BR-16,M,32,hairdressing,12,1.3,TRUE,9
BW511145,BR-06,F,33,tailoring,1,11.0,1,4
BW511146,BR-21,F,26,tailoring,9,8.8,no,1
BW511147,BR-12,F,45,food vending,1,11.0,False,9
BW511148,BR-11,F,64,retail shop,12,6.1,1,0
BW511149,BR-09,F,52,food vending,5,13.3,FALSE,4
BW511150,BR-18,F,46,hairdressing,8,10.5,0,4
BW511151,BR-06,F,64,food vending,7,2.3,1,6
BW511152,BR-15,M,50,carpentry,3,7.7,FALSE,6
BW511153,BR-11,M,47,tailoring,9,1.9,yes,1
BW511154,BR-23,M,39,masonry,9,3.8,True,2
BW511155,BR-22,M,32,petty trade,1,1.3,False,0
BW511156,BR-24,F,43,retail shop,3,11.2,FALSE,9
BW511157,BR-23,M,25,teaching,3,5.9,FALSE,3
BW511158,BR-15,F,28,poultry,6,5.9,TRUE,0
BW511159,BR-21,M,64,transport,9,8.3,True,3
BW511160,BR-13,F,27,tailoring,6,0.5,TRUE,1
BW511161,BR-02,M,43,phone repair,9,4.4,False,2
BW511162,BR-04,M,42,masonry,9,6.6,TRUE,6
BW511163,BR-18,M,41,farming,11,12.6,FALSE,0
BW511164,BR-22,F,54,teaching,7,13.0,1,2
BW511165,BR-03,F,50,petty trade,8,6.8,no,4
BW511166,BR-10,F,29,retail shop,3,6.9,1,0
BW511167,BR-21,F,22,food vending,11,7.0,False,2
BW511168,BR-12,M,49,teaching,9,2.2,True,6
BW511169,BR-16,M,25,teaching,12,0.6,no,1
BW511170,BR-05,M,61,masonry,12,3.4,False,2
BW511171,BR-01,F,62,retail shop,2,2.6,False,0
BW511172,BR-07,M,47,phone repair,6,6.4,FALSE,1
BW511173,BR-20,F,42,food vending,6,9.8,yes,4
BW511174,BR-16,M,51,poultry,7,2.7,FALSE,2
BW511175,BR-13,M,61,hairdressing,9,6.1,False,4
BW511176,BR-15,F,21,hairdressing,6,0.2,FALSE,6
BW511177,BR-14,F,48,masonry,4,6.0,TRUE,6
BW511178,BR-03,M,28,tailoring,10,7.2,TRUE,0
BW511179,BR-15,M,21,food vending,11,0.8,yes,4
BW511180,BR-02,M,48,teaching,7,1.8,no,0
BW511181,BR-24,F,55,transport,9,4.7,FALSE,0
BW511182,BR-21,M,26,tailoring,8,4.3,TRUE,4
BW511183,BR-04,M,23,food vending,5,7.0,True,6
BW511184,BR-20,F,56,farming,12,9.4,no,2
BW511185,BR-06,F,54,teaching,6,7.6,1,2
BW511186,BR-13,M,41,hairdressing,1,6.4,FALSE,2
BW511187,BR-11,F,47,food vending,11,5.7,0,6
BW511188,BR-10,F,37,hairdressing,4,0.8,FALSE,1
BW511189,BR-07,F,31,retail shop,5,9.0,False,1
BW511190,BR-20,F,62,masonry,10,8.5,0,1
BW511191,BR-20,F,55,carpentry,7,11.1,FALSE,0
BW511192,BR-11,F,54,poultry,9,5.6,1,9
BW511193,BR-14,F,52,carpentry,9,4.0,FALSE,3
BW511194,BR-22,M,37,tailoring,3,2.8,FALSE,0
BW511195,BR-03,F,23,poultry,12,9.4,yes,4
BW511196,BR-18,M,36,hairdressing,5,3.7,yes,3
BW511197,BR-09,M,42,tailoring,1,6.2,yes,1
BW511198,BR-02,M,41,retail shop,2,1.4,no,1
BW511199,BR-19,M,29,teaching,10,4.5,FALSE,0
BW511200,BR-23,F,19,food vending,1,10.9,no,6
BW511201,BR-15,F,59,hairdressing,8,8.1,False,4
BW511202,BR-12,M,32,masonry,10,8.2,False,1
BW511203,BR-21,M,30,petty trade,11,9.0,TRUE,4
BW511204,BR-14,F,53,teaching,2,1.8,yes,4
BW511205,BR-24,F,57,poultry,6,15.1,TRUE,6
BW511206,BR-07,M,52,teaching,5,7.4,TRUE,0
BW511207,BR-11,M,49,farming,6,1.9,TRUE,0
BW511208,BR-07,F,53,transport,5,8.8,1,0
BW511209,BR-23,F,45,retail shop,1,8.0,True,4
BW511210,BR-04,M,22,transport,5,6.9,True,0
BW511211,BR-01,M,30,hairdressing,3,2.3,FALSE,6
BW511212,BR-05,F,64,tailoring,9,6.5,no,0
BW511213,BR-16,M,22,farming,4,5.5,0,3
BW511214,BR-06,M,54,teaching,6,6.5,yes,0
BW511215,BR-06,M,21,tailoring,5,2.5,1,4
BW511216,BR-17,F,38,petty trade,10,8.3,TRUE,0
BW511217,BR-21,M,55,poultry,9,1.6,False,2
BW511218,BR-05,M,30,phone repair,8,13.2,True,6
BW511219,BR-15,M,22,food vending,1,9.6,False,9
BW511220,BR-19,F,48,tailoring,12,5.8,True,4
BW511221,BR-10,F,49,hairdressing,2,1.2,TRUE,0
BW511222,BR-04,F,42,tailoring,3,5.2,no,2
BW511223,BR-03,M,45,poultry,7,10.6,False,4
BW511224,BR-09,M,20,carpentry,4,11.0,yes,3
BW511225,BR-14,F,53,transport,4,5.1,False,3
BW511226,BR-13,F,61,transport,3,2.2,0,9
BW511227,BR-14,F,46,petty trade,7,0.5,TRUE,6
BW511228,BR-21,F,28,petty trade,1,4.8,True,3
BW511229,BR-02,F,28,farming,12,1.5,0,1
BW511230,BR-23,M,61,masonry,7,9.9,False,9
BW511231,BR-04,M,63,teaching,12,2.7,yes,0
BW511232,BR-13,F,47,tailoring,1,7.5,no,1
BW511233,BR-02,F,19,poultry,6,0.2,0,9
BW511234,BR-11,F,33,petty trade,2,2.6,0,6
BW511235,BR-06,F,28,poultry,5,10.1,False,1
BW511236,BR-15,F,19,phone repair,2,2.9,FALSE,1
BW511237,BR-06,F,30,retail shop,11,5.0,True,1
BW511238,BR-01,M,58,hairdressing,4,8.0,False,2
BW511239,BR-12,F,33,poultry,7,5.1,True,9
BW511240,BR-07,F,56,transport,12,2.3,0,0
BW511241,BR-15,M,33,petty trade,1,6.4,0,0
BW511242,BR-16,M,48,retail shop,5,9.3,yes,1
BW511243,BR-11,F,30,transport,1,3.2,0,4
BW511244,BR-06,F,19,food vending,4,4.7,True,1
BW511245,BR-01,M,30,poultry,6,8.2,TRUE,0
BW511246,BR-16,F,56,farming,5,8.1,1,1
BW511247,BR-18,M,56,food vending,11,8.3,1,1
BW511248,BR-14,F,43,phone repair,3,5.3,FALSE,1
BW511249,BR-07,M,36,phone repair,7,4.5,False,4
BW511250,BR-21,M,44,teaching,2,6.6,True,2
BW511251,BR-04,M,51,food vending,12,5.4,yes,1
BW511252,BR-02,F,24,masonry,8,2.8,False,6
BW511253,BR-24,F,57,retail shop,5,2.5,TRUE,4
BW511254,BR-07,F,39,poultry,6,0.2,True,2
BW511255,BR-11,F,22,petty trade,12,4.5,FALSE,9
BW511256,BR-12,M,60,farming,8,10.4,no,1
BW511257,BR-08,M,43,tailoring,8,10.3,False,0
BW511258,BR-01,M,61,phone repair,12,1.4,TRUE,6
BW511259,BR-24,F,25,tailoring,11,8.4,0,2
BW511260,BR-09,F,25,tailoring,9,3.9,no,9
BW511261,BR-07,F,41,petty trade,11,8.0,True,0
BW511262,BR-23,M,33,tailoring,11,0.3,False,1
BW511263,BR-18,F,61,hairdressing,12,9.4,1,0
BW511264,BR-02,M,37,phone repair,11,4.2,0,9
BW511265,BR-11,M,43,petty trade,1,9.7,True,0
BW511266,BR-24,F,30,farming,10,1.4,True,1
BW511267,BR-22,F,20,hairdressing,10,3.7,True,9
BW511268,BR-12,M,38,food vending,4,6.9,0,1
BW511269,BR-21,F,64,retail shop,5,5.5,yes,0
BW511270,BR-02,F,20,carpentry,7,2.9,TRUE,0
BW511271,BR-24,F,43,poultry,1,0.9,0,3
BW511272,BR-11,F,63,poultry,5,3.9,True,1
BW511273,BR-23,F,61,food vending,10,12.0,yes,2
BW511274,BR-23,F,30,transport,3,2.3,False,2
BW511275,BR-01,M,35,teaching,7,7.7,1,2
BW511276,BR-07,M,33,masonry,3,6.3,False,0
BW511277,BR-17,M,48,farming,5,3.0,1,6
BW511278,BR-18,M,31,farming,8,3.2,TRUE,0
BW511279,BR-03,M,62,teaching,2,3.9,no,3
BW511280,BR-06,F,52,farming,4,9.1,False,9
BW511281,BR-17,M,50,food vending,6,7.8,TRUE,0
BW511282,BR-23,M,60,masonry,9,2.7,yes,0
BW511283,BR-14,F,50,transport,3,4.8,TRUE,3
BW511284,BR-12,F,28,hairdressing,4,0.6,0,0
BW511285,BR-06,F,22,carpentry,1,0.6,FALSE,1
BW511286,BR-07,F,48,carpentry,7,3.2,1,3
BW511287,BR-23,F,58,carpentry,11,3.5,0,6
BW511288,BR-16,F,27,tailoring,11,1.6,yes,0
BW511289,BR-19,F,22,phone repair,2,3.9,True,0
BW511290,BR-15,M,49,carpentry,12,9.3,False,9
BW511291,BR-24,F,26,masonry,6,4.3,True,4
BW511292,BR-05,F,39,carpentry,2,2.9,no,1
BW511293,BR-22,F,33,food vending,8,7.4,1,3
BW511294,BR-19,F,62,hairdressing,9,10.5,FALSE,1
BW511295,BR-21,F,20,retail shop,9,10.4,FALSE,0
BW511296,BR-11,M,46,hairdressing,4,10.9,yes,6
BW511297,BR-01,M,37,farming,1,5.5,True,1
BW511298,BR-06,F,52,food vending,3,1.5,TRUE,0
BW511299,BR-04,M,28,food vending,9,9.2,False,6
BW511300,BR-18,F,46,hairdressing,3,1.9,False,2
BW511301,BR-02,M,20,hairdressing,7,10.2,TRUE,3
BW511302,BR-01,F,48,transport,6,5.4,TRUE,1
BW511303,BR-11,M,53,teaching,9,0.5,True,9
BW511304,BR-20,M,63,teaching,3,0.6,False,3
BW511305,BR-04,M,32,food vending,11,4.2,0,0
BW511306,BR-20,M,29,masonry,12,7.0,True,0
BW511307,BR-18,M,24,tailoring,8,7.3,True,4
BW511308,BR-04,F,51,poultry,8,5.8,no,9
BW511309,BR-23,M,39,phone repair,10,7.4,True,0
BW511310,BR-06,M,35,retail shop,11,3.7,1,0
BW511311,BR-06,M,44,food vending,12,0.9,FALSE,0
BW511312,BR-19,M,22,farming,3,2.6,0,6
BW511313,BR-12,F,26,farming,11,12.2,0,1
BW511314,BR-21,F,63,food vending,9,7.0,no,2
BW511315,BR-09,M,26,carpentry,5,1.1,True,4
BW511316,BR-23,F,31,hairdressing,7,10.8,True,2
BW511317,BR-02,F,19,food vending,12,3.7,no,3
BW511318,BR-05,F,43,phone repair,5,4.8,True,1
BW511319,BR-07,F,50,farming,6,10.0,1,3
BW511320,BR-18,F,61,carpentry,6,3.2,False,1
BW511321,BR-22,F,36,teaching,12,7.7,1,3
BW511322,BR-24,F,42,poultry,8,3.7,0,3
BW511323,BR-05,F,46,masonry,10,0.6,True,0
BW511324,BR-23,F,54,hairdressing,9,0.2,no,9
BW511325,BR-19,M,23,transport,10,2.5,False,0
BW511326,BR-22,F,30,retail shop,1,0.9,TRUE,6
BW511327,BR-01,F,53,food vending,3,6.1,no,9
BW511328,BR-09,F,37,teaching,5,5.9,False,0
BW511329,BR-19,F,44,masonry,3,0.3,True,4
BW511330,BR-02,F,35,poultry,9,3.2,True,0
BW511331,BR-03,F,28,carpentry,6,7.2,0,2
BW511332,BR-23,M,56,carpentry,4,7.4,yes,3
BW511333,BR-24,F,46,poultry,8,0.7,no,6
BW511334,BR-15,F,19,food vending,1,4.0,1,4
BW511335,BR-06,M,51,farming,7,6.1,False,0
BW511336,BR-19,M,38,tailoring,5,3.0,yes,1
BW511337,BR-09,F,34,poultry,2,7.7,0,1
BW511338,BR-04,M,41,masonry,4,3.6,yes,6
BW511339,BR-11,M,57,poultry,11,2.0,TRUE,0
BW511340,BR-11,M,21,hairdressing,6,1.8,no,0
BW511341,BR-20,M,63,carpentry,8,7.1,0,0
BW511342,BR-22,F,23,transport,3,12.1,yes,2
BW511343,BR-03,M,29,food vending,10,9.4,True,6
BW511344,BR-24,F,21,food vending,1,15.2,TRUE,4
BW511345,BR-02,F,49,tailoring,8,4.2,FALSE,0
BW511346,BR-08,M,36,masonry,8,1.2,yes,0
BW511347,BR-23,F,44,food vending,8,11.8,True,4
BW511348,BR-06,F,61,poultry,1,0.9,FALSE,0
BW511349,BR-06,M,60,phone repair,11,2.8,no,4
BW511350,BR-22,F,28,transport,12,6.5,yes,6
BW511351,BR-12,F,54,food vending,9,4.8,no,3
BW511352,BR-20,M,22,food vending,11,4.3,yes,4
BW511353,BR-21,F,43,teaching,4,3.7,False,1
BW511354,BR-06,M,47,phone repair,8,8.7,0,1
BW511355,BR-10,F,51,tailoring,3,9.1,FALSE,3
BW511356,BR-10,F,34,food vending,5,17.6,no,9
BW511357,BR-16,F,23,carpentry,5,5.2,FALSE,1
BW511358,BR-09,M,45,petty trade,12,11.7,no,0
BW511359,BR-09,M,36,carpentry,2,7.0,TRUE,4
BW511360,BR-13,M,51,carpentry,11,9.1,True,0
BW511361,BR-10,M,49,farming,4,3.0,True,3
BW511362,BR-08,F,30,masonry,10,4.2,1,6
BW511363,BR-19,M,43,farming,4,4.6,no,1
BW511364,BR-24,F,45,teaching,8,5.0,yes,2
BW511365,BR-21,F,37,phone repair,12,8.1,1,6
BW511366,BR-12,M,23,teaching,1,2.9,0,1
BW511367,BR-11,F,19,carpentry,4,5.8,no,4
BW511368,BR-21,F,44,masonry,10,0.4,yes,3
BW511369,BR-02,M,36,hairdressing,7,0.4,TRUE,4
BW511370,BR-19,M,61,phone repair,2,0.3,yes,2
BW511371,BR-03,F,55,food vending,8,10.3,no,3
BW511372,BR-02,F,28,petty trade,11,5.3,FALSE,2
BW511373,BR-17,F,56,farming,4,5.0,True,1
BW511374,BR-01,F,63,poultry,2,9.5,TRUE,6
BW511375,BR-06,M,32,tailoring,6,8.6,yes,3
BW511376,BR-06,F,35,phone repair,11,8.4,TRUE,3
BW511377,BR-06,F,62,farming,7,2.6,0,1
BW511378,BR-09,F,33,farming,7,11.8,no,9
BW511379,BR-09,F,53,teaching,7,11.6,0,9
BW511380,BR-18,F,50,poultry,6,1.6,True,0
BW511381,BR-05,F,26,retail shop,12,8.9,TRUE,1
BW511382,BR-09,F,54,carpentry,6,11.1,0,1
BW511383,BR-16,M,51,masonry,11,13.3,0,9
BW511384,BR-12,F,34,phone repair,9,7.6,yes,3
BW511385,BR-10,M,33,teaching,9,1.1,no,4
BW511386,BR-01,M,28,poultry,4,8.4,0,6
BW511387,BR-09,F,48,masonry,2,6.7,FALSE,3
BW511388,BR-12,F,28,transport,4,5.1,0,1
BW511389,BR-19,F,28,teaching,8,15.2,0,6
BW511390,BR-18,F,63,retail shop,6,0.3,no,0
BW511391,BR-08,F,61,carpentry,1,5.6,0,1
BW511392,BR-15,F,49,hairdressing,10,11.2,0,4
BW511393,BR-07,F,26,petty trade,3,5.6,no,6
BW511394,BR-01,M,42,hairdressing,4,6.9,TRUE,3
BW511395,BR-20,M,26,teaching,6,7.3,yes,0
BW511396,BR-07,F,24,farming,8,9.4,1,3
BW511397,BR-03,M,27,tailoring,12,9.5,1,3
BW511398,BR-13,F,53,retail shop,2,6.0,1,3
BW511399,BR-06,M,36,transport,9,13.4,yes,1
BW511400,BR-08,F,27,poultry,8,2.7,True,3
BW511401,BR-16,F,49,hairdressing,7,6.5,FALSE,1
BW511402,BR-22,M,50,carpentry,7,4.3,TRUE,6
BW511403,BR-20,F,26,petty trade,3,4.5,no,0
BW511404,BR-20,F,56,carpentry,2,1.5,TRUE,9
BW511405,BR-05,F,41,masonry,8,4.7,no,0
BW511406,BR-20,F,60,masonry,5,1.3,True,0
BW511407,BR-22,F,21,teaching,1,2.9,FALSE,0
BW511408,BR-22,M,59,phone repair,4,6.6,0,1
BW511409,BR-05,F,32,poultry,4,2.2,FALSE,0
BW511410,BR-09,F,64,food vending,2,6.7,yes,1
BW511411,BR-07,M,39,hairdressing,10,5.2,no,1
BW511412,BR-22,M,35,phone repair,7,10.6,True,4
BW511413,BR-13,M,37,retail shop,9,5.3,0,4
BW511414,BR-17,M,19,tailoring,2,9.9,FALSE,1
BW511415,BR-22,F,20,poultry,5,5.2,TRUE,6
BW511416,BR-06,F,44,poultry,8,13.7,True,2
BW511417,BR-13,M,42,retail shop,12,4.0,TRUE,2
BW511418,BR-15,F,42,poultry,8,4.0,no,1
BW511419,BR-09,F,19,masonry,10,4.0,yes,1
BW511420,BR-01,M,29,hairdressing,2,1.4,True,6
BW511421,BR-12,F,26,hairdressing,4,1.2,True,1
BW511422,BR-05,F,57,petty trade,8,1.3,no,2
BW511423,BR-01,F,21,masonry,2,8.3,1,6
BW511424,BR-18,M,34,hairdressing,9,4.3,no,3
BW511425,BR-18,F,51,food vending,5,1.0,True,4
BW511426,BR-22,F,23,carpentry,7,6.6,no,4
BW511427,BR-15,F,38,petty trade,1,5.1,no,1
BW511428,BR-14,F,36,petty trade,9,4.3,FALSE,6
BW511429,BR-03,M,41,transport,11,17.6,1,3
BW511430,BR-02,F,61,petty trade,6,1.8,True,6
BW511431,BR-04,F,27,carpentry,4,4.0,FALSE,1
BW511432,BR-09,F,56,carpentry,10,12.3,True,0
BW511433,BR-12,F,29,retail shop,7,0.5,FALSE,6
BW511434,BR-03,M,38,carpentry,5,2.9,0,1
BW511435,BR-13,F,46,retail shop,8,11.2,FALSE,9
BW511436,BR-06,F,20,farming,7,6.5,0,1
BW511437,BR-04,F,23,carpentry,7,8.9,FALSE,9
BW511438,BR-11,F,52,hairdressing,6,2.4,FALSE,1
BW511439,BR-09,M,55,farming,3,1.6,1,0
BW511440,BR-24,M,21,phone repair,6,3.8,yes,1
BW511441,BR-12,M,40,farming,3,4.4,yes,1
BW511442,BR-06,M,27,masonry,11,12.6,True,2
BW511443,BR-24,M,21,teaching,3,3.3,FALSE,0
BW511444,BR-16,M,39,phone repair,11,2.0,yes,6
BW511445,BR-17,M,25,retail shop,5,8.6,yes,0
BW511446,BR-23,F,64,tailoring,3,11.2,yes,0
BW511447,BR-02,F,23,farming,1,3.5,no,2
BW511448,BR-04,M,49,retail shop,10,0.7,False,4
BW511449,BR-03,M,35,farming,6,5.8,yes,0
BW511450,BR-08,M,27,phone repair,7,12.5,0,0
BW511451,BR-21,F,61,petty trade,8,9.3,no,9
BW511452,BR-10,M,38,retail shop,4,4.0,True,2
BW511453,BR-04,F,57,carpentry,10,9.5,TRUE,4
BW511454,BR-17,F,60,carpentry,2,6.5,no,4
BW511455,BR-12,F,27,masonry,12,1.6,FALSE,0
BW511456,BR-02,F,27,poultry,9,7.9,True,1
BW511457,BR-05,M,19,hairdressing,7,3.2,1,6
BW511458,BR-13,F,60,transport,5,1.3,1,1
BW511459,BR-16,M,45,transport,9,7.8,TRUE,0
BW511460,BR-23,M,22,carpentry,11,3.2,TRUE,4
BW511461,BR-19,F,32,retail shop,10,8.0,yes,1
BW511462,BR-20,F,55,tailoring,11,3.3,no,1
BW511463,BR-10,M,46,transport,7,9.2,no,2
BW511464,BR-01,M,53,petty trade,8,4.8,0,3
BW511465,BR-12,F,51,farming,7,1.5,FALSE,1
BW511466,BR-08,F,26,farming,10,3.6,True,0
BW511467,BR-09,F,58,retail shop,4,3.5,True,2
BW511468,BR-10,F,37,transport,12,7.1,TRUE,9
BW511469,BR-13,F,51,petty trade,7,7.7,1,2
BW511470,BR-11,M,19,carpentry,10,5.8,FALSE,4
BW511471,BR-02,M,38,hairdressing,10,4.3,True,2
BW511472,BR-10,F,23,petty trade,12,6.4,FALSE,6
BW511473,BR-11,M,26,phone repair,3,0.9,True,6
BW511474,BR-09,M,61,tailoring,8,10.8,TRUE,3
BW511475,BR-18,F,44,carpentry,12,1.2,yes,9
BW511476,BR-12,F,39,farming,6,6.6,FALSE,1
BW511477,BR-24,M,38,carpentry,9,3.5,True,0
BW511478,BR-06,M,47,poultry,12,5.5,TRUE,2
BW511479,BR-06,F,37,transport,6,5.2,FALSE,3
BW511480,BR-18,M,28,teaching,5,10.5,yes,0
BW511481,BR-19,F,59,transport,8,1.8,True,9
BW511482,BR-06,M,32,poultry,5,8.0,no,0
BW511483,BR-21,F,30,retail shop,6,2.6,yes,9
BW511484,BR-06,F,52,petty trade,7,4.9,False,3
BW511485,BR-23,M,60,transport,8,1.9,FALSE,9
BW511486,BR-07,F,57,retail shop,8,2.6,TRUE,6
BW511487,BR-13,F,32,food vending,3,5.1,yes,9
BW511488,BR-23,F,38,farming,11,7.0,TRUE,1
BW511489,BR-08,F,55,transport,10,7.0,TRUE,2
BW511490,BR-23,F,20,poultry,7,3.7,1,3
BW511491,BR-07,M,47,hairdressing,3,5.0,0,0
BW511492,BR-03,M,57,poultry,7,8.2,yes,2
BW511493,BR-14,F,24,petty trade,12,9.2,FALSE,1
BW511494,BR-10,M,47,retail shop,11,11.2,no,3
BW511495,BR-01,M,25,masonry,8,8.3,False,1
BW511496,BR-18,M,27,retail shop,8,4.3,FALSE,2
BW511497,BR-07,F,37,poultry,2,5.9,True,1
BW511498,BR-18,M,42,tailoring,2,16.6,no,9
BW511499,BR-24,F,36,teaching,7,5.4,yes,0
BW511500,BR-04,F,31,teaching,2,2.9,yes,1
BW511501,BR-02,M,44,retail shop,7,1.0,TRUE,6
BW511502,BR-24,F,61,food vending,1,3.6,TRUE,1
BW511503,BR-06,F,45,carpentry,8,0.7,True,6
BW511504,BR-12,M,53,poultry,5,0.9,TRUE,6
BW511505,BR-14,F,19,tailoring,11,8.1,0,2
BW511506,BR-24,M,44,farming,10,4.8,0,9
BW511507,BR-18,F,30,poultry,2,1.2,no,1
BW511508,BR-06,F,25,farming,12,6.6,yes,1
BW511509,BR-14,F,63,carpentry,5,5.1,True,0
BW511510,BR-03,M,30,teaching,10,2.7,True,1
BW511511,BR-05,F,19,teaching,3,5.6,0,1
BW511512,BR-11,F,44,hairdressing,8,3.4,1,1
BW511513,BR-03,F,19,farming,12,3.8,TRUE,1
BW511514,BR-07,F,21,teaching,5,1.9,yes,4
BW511515,BR-11,F,50,carpentry,5,8.6,False,0
BW511516,BR-18,F,47,masonry,4,10.3,1,9
BW511517,BR-23,F,28,hairdressing,9,10.9,yes,9
BW511518,BR-07,M,26,retail shop,1,9.8,True,0
BW511519,BR-17,F,29,masonry,2,7.1,True,1
BW511520,BR-21,F,56,retail shop,2,15.4,1,0
BW511521,BR-03,F,40,petty trade,7,5.1,False,0
BW511522,BR-16,M,60,phone repair,10,6.1,False,1
BW511523,BR-10,M,28,food vending,12,8.6,False,0
BW511524,BR-08,F,58,transport,11,12.9,no,1
BW511525,BR-05,F,64,transport,11,9.3,no,3
BW511526,BR-09,M,24,petty trade,3,0.5,yes,0
BW511527,BR-02,M,44,masonry,7,3.9,FALSE,0
BW511528,BR-04,M,56,retail shop,3,3.9,1,0
BW511529,BR-03,F,34,hairdressing,8,3.8,0,0
BW511530,BR-23,F,62,petty trade,6,3.0,TRUE,1
BW511531,BR-05,M,60,phone repair,6,11.5,TRUE,1
BW511532,BR-17,M,39,phone repair,2,6.4,yes,0
BW511533,BR-09,F,52,phone repair,8,1.9,True,2
BW511534,BR-07,F,57,retail shop,9,11.4,1,1
BW511535,BR-22,M,56,masonry,6,5.0,no,2
BW511536,BR-12,F,50,farming,12,4.2,0,9
BW511537,BR-22,F,63,tailoring,4,4.8,True,6
BW511538,BR-08,M,30,petty trade,1,5.3,True,2
BW511539,BR-12,M,54,masonry,11,7.2,TRUE,6
BW511540,BR-02,M,46,phone repair,1,8.6,1,9
BW511541,BR-05,F,60,food vending,7,10.0,False,1
BW511542,BR-11,M,50,retail shop,9,6.4,yes,1
BW511543,BR-13,F,46,food vending,12,3.5,FALSE,2
BW511544,BR-09,M,44,transport,8,9.0,no,0
BW511545,BR-24,F,19,teaching,8,0.6,0,6
BW511546,BR-13,F,54,tailoring,10,1.6,1,4
BW511547,BR-03,F,36,petty trade,1,2.4,True,0
BW511548,BR-16,M,21,tailoring,8,4.5,False,4
BW511549,BR-14,M,46,petty trade,4,3.5,FALSE,2
BW511550,BR-24,F,37,poultry,12,7.9,True,1
BW511551,BR-11,F,27,teaching,4,5.8,0,3
BW511552,BR-05,F,21,poultry,7,6.1,no,1
BW511553,BR-16,F,38,tailoring,10,4.2,TRUE,9
BW511554,BR-07,M,20,phone repair,3,10.3,TRUE,1
BW511555,BR-15,F,26,food vending,2,6.7,yes,3
BW511556,BR-08,F,24,petty trade,8,11.2,no,0
BW511557,BR-09,F,35,hairdressing,9,3.3,1,1
BW511558,BR-08,M,24,food vending,2,10.7,no,4
BW511559,BR-13,F,53,tailoring,7,0.8,False,2
BW511560,BR-02,F,64,phone repair,3,11.6,no,1
BW511561,BR-05,M,44,phone repair,1,8.7,True,2
BW511562,BR-12,F,41,transport,2,4.7,0,1
BW511563,BR-04,F,43,hairdressing,1,0.7,False,2
BW511564,BR-22,F,52,masonry,4,7.9,FALSE,2
BW511565,BR-18,F,58,carpentry,1,8.0,no,3
BW511566,BR-18,F,29,hairdressing,9,4.8,False,0
BW511567,BR-05,F,19,tailoring,6,9.6,False,0
BW511568,BR-15,M,26,phone repair,7,8.3,True,1
BW511569,BR-06,F,47,carpentry,2,7.3,no,4
BW511570,BR-03,M,46,masonry,5,0.8,0,2
BW511571,BR-05,F,29,phone repair,5,11.0,False,0
BW511572,BR-11,F,25,masonry,11,2.7,TRUE,4
BW511573,BR-20,M,22,transport,12,8.6,True,0
BW511574,BR-10,F,37,tailoring,11,7.5,FALSE,2
BW511575,BR-03,F,57,masonry,12,7.0,False,0
BW511576,BR-10,M,56,teaching,4,4.4,FALSE,0
BW511577,BR-20,F,24,farming,11,0.6,FALSE,2
BW511578,BR-20,F,36,tailoring,7,8.0,FALSE,1
BW511579,BR-08,F,26,masonry,9,0.6,1,1
BW511580,BR-02,M,50,carpentry,5,0.2,1,0
BW511581,BR-01,F,57,masonry,3,7.8,False,6
BW511582,BR-23,F,54,hairdressing,2,6.8,0,2
BW511583,BR-16,F,37,carpentry,9,2.6,TRUE,4
BW511584,BR-22,F,45,retail shop,6,13.1,TRUE,9
BW511585,BR-21,F,50,hairdressing,9,2.4,False,2
BW511586,BR-06,F,40,food vending,11,4.0,TRUE,1
BW511587,BR-10,M,24,retail shop,8,3.8,0,1
BW511588,BR-13,F,36,farming,2,2.7,no,6
BW511589,BR-19,F,21,poultry,12,3.4,0,1
BW511590,BR-13,M,61,phone repair,2,6.1,True,0
BW511591,BR-15,M,62,carpentry,10,8.0,no,1
BW511592,BR-01,M,41,teaching,1,7.9,no,0
BW511593,BR-07,F,58,phone repair,1,11.6,1,0
BW511594,BR-05,F,45,food vending,10,0.4,0,0
BW511595,BR-10,M,38,masonry,3,8.5,True,1
BW511596,BR-18,F,51,retail shop,3,3.3,0,4
BW511597,BR-15,M,29,transport,5,4.0,False,6
BW511598,BR-21,M,43,food vending,3,4.3,True,0
BW511599,BR-24,M,54,masonry,2,8.9,FALSE,1
BW511600,BR-01,F,46,retail shop,11,1.6,1,6
BW511601,BR-06,F,54,tailoring,11,1.1,no,0
BW511602,BR-10,F,42,poultry,6,3.1,False,1
BW511603,BR-20,M,46,carpentry,10,2.6,False,0
BW511604,BR-15,M,26,poultry,4,0.6,no,1
BW511605,BR-19,F,32,farming,2,8.1,TRUE,0
BW511606,BR-24,F,33,petty trade,2,6.7,0,0
BW511607,BR-23,F,28,phone repair,2,6.8,FALSE,0
BW511608,BR-14,M,40,poultry,10,6.7,TRUE,1
BW511609,BR-10,M,31,teaching,1,8.9,False,4
BW511610,BR-14,M,59,carpentry,4,7.9,TRUE,1
BW511611,BR-04,M,34,tailoring,6,1.9,False,1
BW511612,BR-04,M,56,poultry,1,1.2,yes,6
BW511613,BR-05,M,28,teaching,11,6.4,TRUE,0
BW511614,BR-05,F,24,teaching,11,6.9,1,1
BW511615,BR-07,M,44,transport,3,3.0,1,0
BW511616,BR-13,F,58,teaching,12,1.6,yes,0
BW511617,BR-21,M,31,retail shop,2,3.1,False,2
BW511618,BR-23,F,53,farming,11,3.2,FALSE,2
BW511619,BR-03,F,31,retail shop,12,0.3,0,0
BW511620,BR-02,F,56,farming,11,0.9,FALSE,0
BW511621,BR-06,M,59,tailoring,4,4.1,True,0
BW511622,BR-01,F,62,transport,10,5.6,TRUE,0
BW511623,BR-23,M,30,hairdressing,12,8.8,FALSE,4
BW511624,BR-17,F,35,carpentry,8,6.8,yes,2
BW511625,BR-23,M,54,farming,7,5.5,1,0
BW511626,BR-21,M,41,hairdressing,4,7.2,no,1
BW511627,BR-05,F,46,retail shop,10,13.2,yes,6
BW511628,BR-24,M,28,hairdressing,8,10.1,0,2
BW511629,BR-20,F,45,farming,5,6.1,FALSE,0
BW511630,BR-03,F,24,teaching,7,4.5,0,4
BW511631,BR-03,M,53,transport,10,4.2,True,1
BW511632,BR-15,F,47,phone repair,8,1.0,1,0
BW511633,BR-08,F,32,teaching,2,3.6,0,1
BW511634,BR-10,F,33,petty trade,8,8.7,False,4
BW511635,BR-11,F,20,tailoring,10,8.7,1,0
BW511636,BR-16,M,25,petty trade,10,11.6,1,0
BW511637,BR-21,M,52,food vending,8,9.7,TRUE,3
BW511638,BR-04,M,64,retail shop,3,2.2,yes,2
BW511639,BR-11,F,19,retail shop,1,1.3,yes,1
BW511640,BR-12,M,56,tailoring,1,13.2,0,1
BW511641,BR-03,F,45,hairdressing,12,6.5,no,9
BW511642,BR-02,M,32,poultry,1,10.0,no,1
BW511643,BR-24,F,52,farming,9,4.6,TRUE,6
BW511644,BR-06,F,58,phone repair,10,6.2,no,6
BW511645,BR-19,M,23,hairdressing,9,7.9,1,1
BW511646,BR-16,F,34,petty trade,9,1.5,TRUE,1
BW511647,BR-14,F,37,masonry,10,3.0,True,1
BW511648,BR-03,F,40,masonry,3,5.5,no,4
BW511649,BR-21,F,49,phone repair,5,8.4,1,0
BW511650,BR-09,M,45,carpentry,7,2.5,False,3
BW511651,BR-03,M,26,tailoring,3,9.7,1,6
BW511652,BR-10,F,64,petty trade,5,1.5,1,1
BW511653,BR-11,F,54,carpentry,1,0.4,TRUE,1
BW511654,BR-10,F,22,carpentry,1,8.7,no,3
BW511655,BR-24,F,43,carpentry,7,6.3,True,1
BW511656,BR-08,M,42,retail shop,11,6.3,TRUE,0
BW511657,BR-14,F,60,teaching,12,2.5,yes,1
BW511658,BR-03,F,55,transport,9,2.8,no,9
BW511659,BR-01,M,52,retail shop,6,7.5,FALSE,4
BW511660,BR-19,F,64,teaching,4,4.9,no,4
BW511661,BR-23,F,33,retail shop,8,1.9,TRUE,9
BW511662,BR-18,M,49,petty trade,3,10.3,no,2
BW511663,BR-15,M,56,food vending,4,8.2,TRUE,1
BW511664,BR-06,F,37,carpentry,9,1.4,no,4
BW511665,BR-06,M,51,carpentry,4,5.9,no,3
BW511666,BR-14,M,55,hairdressing,4,1.4,1,2
BW511667,BR-13,F,25,food vending,3,3.2,FALSE,6
BW511668,BR-12,M,38,phone repair,9,11.1,yes,2
BW511669,BR-14,F,35,farming,5,3.7,False,4
BW511670,BR-17,F,27,poultry,8,3.4,0,9
BW511671,BR-15,M,51,retail shop,5,9.7,False,9
BW511672,BR-02,M,27,farming,8,0.9,TRUE,3
BW511673,BR-10,M,39,tailoring,9,1.6,TRUE,6
BW511674,BR-17,F,21,farming,1,7.7,yes,1
BW511675,BR-20,F,48,transport,8,0.7,1,9
BW511676,BR-04,M,64,food vending,11,11.8,False,0
BW511677,BR-03,M,21,petty trade,1,1.3,TRUE,2
BW511678,BR-06,M,51,poultry,6,3.8,False,1
BW511679,BR-09,M,36,retail shop,2,7.8,0,0
BW511680,BR-01,M,61,hairdressing,6,8.9,TRUE,4
BW511681,BR-07,M,30,transport,6,1.9,FALSE,1
BW511682,BR-07,M,38,masonry,11,1.3,no,1
BW511683,BR-18,F,49,retail shop,11,3.2,TRUE,9
BW511684,BR-21,M,20,phone repair,5,12.7,False,0
BW511685,BR-16,F,20,farming,2,3.2,1,9
BW511686,BR-17,M,35,poultry,2,7.8,FALSE,2
BW511687,BR-24,M,47,tailoring,10,1.0,True,0
BW511688,BR-21,M,59,phone repair,12,8.0,0,2
BW511689,BR-08,F,49,carpentry,6,7.0,no,0
BW511690,BR-10,M,29,masonry,12,1.1,True,0
BW511691,BR-23,F,26,farming,9,6.6,no,9
BW511692,BR-05,F,45,petty trade,4,2.0,TRUE,0
BW511693,BR-01,F,24,poultry,4,3.0,True,1
BW511694,BR-17,F,32,transport,5,2.7,1,6
BW511695,BR-14,M,43,transport,7,2.1,yes,4
BW511696,BR-23,F,55,retail shop,3,5.3,FALSE,4
BW511697,BR-09,M,36,phone repair,11,14.2,FALSE,3
BW511698,BR-22,F,44,farming,7,0.8,False,3
BW511699,BR-02,F,24,poultry,3,7.6,False,0
BW511700,BR-15,M,38,petty trade,11,6.4,False,1
BW511701,BR-18,F,61,carpentry,5,3.8,True,6
BW511702,BR-24,M,37,masonry,5,8.4,0,1
BW511703,BR-05,F,25,farming,1,2.5,TRUE,2
BW511704,BR-15,F,23,retail shop,6,6.3,FALSE,0
BW511705,BR-05,M,29,retail shop,6,0.5,False,9
BW511706,BR-19,F,36,teaching,2,1.3,no,0
BW511707,BR-17,F,38,tailoring,6,1.2,TRUE,4
BW511708,BR-15,M,45,transport,7,3.3,no,0
BW511709,BR-11,F,25,carpentry,9,5.4,1,1
BW511710,BR-24,M,28,hairdressing,9,6.5,yes,3
BW511711,BR-05,M,23,farming,10,4.0,FALSE,3
BW511712,BR-20,M,55,retail shop,12,2.6,no,0
BW511713,BR-12,F,51,food vending,10,9.0,TRUE,6
BW511714,BR-19,F,50,transport,8,7.9,False,9
BW511715,BR-19,M,21,poultry,4,6.9,no,9
BW511716,BR-16,F,56,tailoring,3,2.8,no,0
BW511717,BR-03,F,26,poultry,7,2.0,no,0
BW511718,BR-13,F,24,retail shop,7,4.8,FALSE,1
BW511719,BR-22,M,59,teaching,8,8.1,0,1
BW511720,BR-08,M,28,phone repair,7,0.8,FALSE,1
BW511721,BR-22,F,44,retail shop,11,7.7,yes,6
BW511722,BR-16,F,54,retail shop,3,7.8,False,3
BW511723,BR-21,F,53,transport,3,0.4,0,6
BW511724,BR-20,F,61,poultry,5,4.8,0,0
BW511725,BR-19,F,61,food vending,9,0.2,TRUE,4
BW511726,BR-04,F,30,petty trade,12,4.1,0,3
BW511727,BR-18,F,24,phone repair,10,0.3,1,2
BW511728,BR-07,F,55,retail shop,10,0.7,no,0
BW511729,BR-03,M,59,retail shop,12,8.0,True,9
BW511730,BR-02,M,55,teaching,8,14.9,False,0
BW511731,BR-14,F,61,petty trade,6,3.2,no,0
BW511732,BR-02,F,46,poultry,3,8.3,0,9
BW511733,BR-09,F,28,farming,1,1.0,TRUE,3
BW511734,BR-13,F,30,petty trade,5,1.0,TRUE,1
BW511735,BR-24,F,58,food vending,4,0.4,yes,1
BW511736,BR-07,F,62,phone repair,1,5.9,TRUE,0
BW511737,BR-03,M,62,retail shop,10,7.1,1,1
BW511738,BR-08,F,41,masonry,3,2.5,0,6
BW511739,BR-23,M,39,petty trade,10,7.0,no,0
BW511740,BR-09,F,60,hairdressing,4,8.1,TRUE,9
BW511741,BR-22,F,40,poultry,4,10.6,0,6
BW511742,BR-09,F,23,petty trade,5,4.0,True,4
BW511743,BR-14,M,24,tailoring,4,12.8,False,6
BW511744,BR-04,F,58,hairdressing,6,5.8,FALSE,0
BW511745,BR-11,F,26,farming,9,2.5,0,2
BW511746,BR-18,F,47,hairdressing,12,8.4,yes,4
BW511747,BR-01,M,36,tailoring,3,7.2,0,9
BW511748,BR-14,F,54,phone repair,12,3.9,1,4
BW511749,BR-23,F,62,carpentry,8,10.6,0,4
BW511750,BR-02,F,58,teaching,9,0.4,yes,4
BW511751,BR-19,M,63,poultry,11,7.3,TRUE,1
BW511752,BR-19,M,60,hairdressing,3,2.3,True,1
BW511753,BR-02,F,64,farming,2,3.1,yes,4
BW511754,BR-06,F,44,petty trade,8,6.6,FALSE,1
BW511755,BR-07,F,42,masonry,10,8.9,False,1
BW511756,BR-07,F,53,phone repair,9,4.5,True,0
BW511757,BR-07,F,39,food vending,4,2.3,1,2
BW511758,BR-24,F,34,poultry,3,3.3,no,0
BW511759,BR-21,F,57,phone repair,2,0.4,False,1
BW511760,BR-19,F,25,tailoring,10,9.4,yes,1
BW511761,BR-16,M,43,carpentry,9,5.4,False,0
BW511762,BR-17,F,26,food vending,10,1.8,1,3
BW511763,BR-14,M,42,transport,1,1.1,yes,0
BW511764,BR-16,M,30,tailoring,9,6.8,FALSE,2
BW511765,BR-12,F,40,hairdressing,11,8.3,1,1
BW511766,BR-24,M,64,hairdressing,4,0.8,1,1
BW511767,BR-12,F,51,teaching,6,4.7,0,4
BW511768,BR-06,F,20,transport,8,7.1,FALSE,1
BW511769,BR-23,F,54,hairdressing,9,3.7,1,0
BW511770,BR-05,M,35,food vending,7,5.2,0,2
BW511771,BR-07,F,51,masonry,4,12.4,1,4
BW511772,BR-10,M,46,carpentry,12,3.3,TRUE,0
BW511773,BR-02,F,35,farming,11,5.9,0,3
BW511774,BR-16,M,58,carpentry,2,5.2,TRUE,2
BW511775,BR-13,M,60,teaching,7,2.7,True,3
BW511776,BR-22,F,56,masonry,1,3.6,0,2
BW511777,BR-12,M,27,carpentry,9,5.0,TRUE,1
BW511778,BR-07,F,49,phone repair,3,5.3,FALSE,0
BW511779,BR-07,F,35,carpentry,7,0.8,TRUE,1
BW511780,BR-14,F,34,poultry,5,3.8,0,1
BW511781,BR-17,F,26,transport,10,3.3,no,1
BW511782,BR-18,F,43,phone repair,4,13.2,False,1
BW511783,BR-06,F,44,hairdressing,2,6.7,True,2
BW511784,BR-02,M,40,carpentry,3,5.7,1,6
BW511785,BR-13,F,34,retail shop,3,4.3,yes,6
BW511786,BR-14,F,28,tailoring,7,7.8,yes,0
BW511787,BR-02,F,30,phone repair,11,3.8,yes,3
BW511788,BR-23,M,51,tailoring,4,1.7,no,3
BW511789,BR-05,M,36,hairdressing,9,12.9,False,1
BW511790,BR-24,M,49,transport,12,5.0,1,3
BW511791,BR-03,M,29,retail shop,4,17.8,FALSE,0
BW511792,BR-10,F,25,phone repair,3,7.7,FALSE,0
BW511793,BR-06,M,23,teaching,1,5.7,False,6
BW511794,BR-13,F,63,farming,7,3.7,TRUE,1
BW511795,BR-06,M,28,hairdressing,3,3.6,FALSE,6
BW511796,BR-01,F,43,poultry,7,2.9,TRUE,2
BW511797,BR-12,F,42,retail shop,11,6.1,FALSE,1
BW511798,BR-14,F,35,petty trade,3,5.7,FALSE,3
BW511799,BR-21,F,37,food vending,6,5.2,FALSE,1
BW511800,BR-09,F,28,carpentry,6,4.4,1,1
BW511801,BR-07,M,54,tailoring,2,0.8,1,0
BW511802,BR-07,M,39,food vending,1,5.3,0,1
BW511803,BR-20,M,52,hairdressing,5,9.5,TRUE,0
BW511804,BR-07,F,44,petty trade,10,6.3,FALSE,9
BW511805,BR-19,F,50,transport,2,1.8,FALSE,9
BW511806,BR-05,F,23,phone repair,1,5.8,False,0
BW511807,BR-08,F,49,poultry,2,4.0,yes,1
BW511808,BR-20,F,19,farming,11,4.1,no,4
BW511809,BR-19,M,23,phone repair,2,0.5,0,1
BW511810,BR-03,M,46,tailoring,11,4.1,TRUE,3
BW511811,BR-10,F,23,carpentry,12,3.9,yes,3
BW511812,BR-10,F,41,phone repair,11,0.5,True,2
BW511813,BR-19,F,52,food vending,8,0.7,no,0
BW511814,BR-23,M,56,carpentry,12,11.2,TRUE,2
BW511815,BR-10,M,47,transport,6,2.7,yes,1
BW511816,BR-23,M,40,transport,9,3.6,0,1
BW511817,BR-23,F,39,farming,3,6.0,FALSE,6
BW511818,BR-20,F,42,transport,11,7.6,TRUE,6
BW511819,BR-14,M,20,teaching,11,6.1,no,4
BW511820,BR-11,F,37,hairdressing,4,3.5,False,0
BW511821,BR-10,F,56,masonry,10,4.2,False,1
BW511822,BR-07,F,34,farming,4,12.0,no,4
BW511823,BR-19,M,24,phone repair,5,8.5,False,6
BW511824,BR-07,M,37,farming,8,9.0,TRUE,6
BW511825,BR-02,M,61,masonry,11,3.2,yes,2
BW511826,BR-10,F,32,teaching,10,2.0,True,1
BW511827,BR-01,F,62,transport,10,7.2,no,2
BW511828,BR-17,M,37,hairdressing,10,6.3,0,6
BW511829,BR-03,F,46,masonry,12,6.9,no,3
BW511830,BR-09,F,61,retail shop,3,4.7,yes,2
BW511831,BR-11,M,44,masonry,6,2.3,FALSE,0
BW511832,BR-19,F,25,phone repair,2,10.6,no,1
BW511833,BR-23,M,39,phone repair,1,14.0,yes,0
BW511834,BR-09,F,51,petty trade,6,9.2,yes,1
BW511835,BR-14,F,55,teaching,1,6.5,TRUE,6
BW511836,BR-23,F,32,carpentry,3,11.8,False,2
BW511837,BR-06,F,51,retail shop,8,8.3,yes,1
BW511838,BR-19,M,44,teaching,8,7.6,FALSE,3
BW511839,BR-10,F,34,tailoring,5,7.9,False,1
BW511840,BR-19,F,31,phone repair,4,2.4,False,1
BW511841,BR-02,F,50,tailoring,9,2.7,yes,9
BW511842,BR-06,M,36,farming,11,6.9,0,6
BW511843,BR-08,M,56,phone repair,6,10.8,False,6
BW511844,BR-01,M,21,hairdressing,3,1.4,TRUE,2
BW511845,BR-11,M,38,poultry,12,4.1,0,3
BW511846,BR-23,F,59,transport,11,5.2,True,1
BW511847,BR-03,F,34,hairdressing,8,6.3,False,4
BW511848,BR-08,M,57,teaching,3,4.9,False,3
BW511849,BR-15,M,20,hairdressing,12,4.7,no,9
BW511850,BR-18,F,39,poultry,4,4.8,FALSE,6
BW511851,BR-03,F,33,hairdressing,8,1.4,no,6
BW511852,BR-09,F,20,retail shop,10,4.7,True,0
BW511853,BR-18,F,33,hairdressing,11,7.1,True,0
BW511854,BR-12,M,37,retail shop,5,1.5,no,0
BW511855,BR-23,F,63,carpentry,1,5.1,yes,0
BW511856,BR-24,M,46,poultry,11,1.3,TRUE,0
BW511857,BR-19,F,64,masonry,10,2.6,False,0
BW511858,BR-20,M,64,carpentry,11,8.2,1,6
BW511859,BR-09,F,33,masonry,4,6.4,FALSE,2
BW511860,BR-17,F,41,transport,9,0.4,FALSE,1
BW511861,BR-01,F,52,retail shop,7,3.2,1,2
BW511862,BR-18,F,31,phone repair,1,2.2,False,9
BW511863,BR-17,M,20,poultry,10,3.1,0,0
BW511864,BR-14,M,64,farming,1,3.7,FALSE,4
BW511865,BR-18,F,37,teaching,10,8.0,True,1
BW511866,BR-24,F,56,transport,10,3.9,FALSE,4
BW511867,BR-23,F,25,transport,7,1.5,True,1
BW511868,BR-24,F,28,phone repair,4,6.9,0,3
BW511869,BR-15,F,37,carpentry,3,1.8,False,3
BW511870,BR-15,F,33,teaching,8,8.7,yes,6
BW511871,BR-13,F,46,poultry,4,4.8,True,1
BW511872,BR-03,M,63,phone repair,2,9.6,no,3
BW511873,BR-23,M,30,phone repair,6,0.9,no,4
BW511874,BR-02,M,58,teaching,8,1.5,TRUE,4
BW511875,BR-06,F,40,hairdressing,6,4.6,False,0
BW511876,BR-19,F,40,teaching,1,4.1,no,0
BW511877,BR-17,M,39,petty trade,3,3.6,yes,0
BW511878,BR-06,F,48,transport,2,2.9,0,2
BW511879,BR-18,M,61,transport,3,1.7,True,3
BW511880,BR-10,M,34,tailoring,6,6.9,False,2
BW511881,BR-08,F,30,retail shop,10,9.4,0,0
BW511882,BR-23,M,51,poultry,2,8.2,True,0
BW511883,BR-16,F,64,petty trade,9,1.5,TRUE,9
BW511884,BR-23,F,31,masonry,12,5.8,FALSE,2
BW511885,BR-02,M,24,teaching,3,10.4,FALSE,6
BW511886,BR-10,F,39,carpentry,1,1.7,yes,0
BW511887,BR-21,M,56,transport,5,10.7,FALSE,9
BW511888,BR-06,M,48,phone repair,5,4.7,False,0
BW511889,BR-23,F,42,tailoring,4,4.3,FALSE,0
BW511890,BR-01,F,42,teaching,1,7.1,TRUE,6
BW511891,BR-01,M,41,farming,6,3.1,True,1
BW511892,BR-04,M,39,phone repair,9,6.0,FALSE,9
BW511893,BR-20,F,47,food vending,9,8.8,no,2
BW511894,BR-24,F,41,food vending,7,10.2,1,1
BW511895,BR-09,M,40,petty trade,9,4.9,FALSE,4
BW511896,BR-08,F,22,transport,8,0.9,1,0
BW511897,BR-13,M,55,petty trade,8,1.9,FALSE,3
BW511898,BR-12,F,33,poultry,7,0.4,1,4
BW511899,BR-20,M,47,retail shop,9,2.0,0,2
BW511900,BR-03,M,30,petty trade,10,5.9,no,2
BW511901,BR-14,M,28,petty trade,5,9.0,FALSE,2
BW511902,BR-18,F,37,petty trade,10,5.1,0,0
BW511903,BR-11,F,45,retail shop,12,1.9,no,6
BW511904,BR-21,F,52,food vending,4,11.1,0,1
BW511905,BR-13,M,29,masonry,6,0.2,yes,0
BW511906,BR-20,M,33,farming,4,6.4,yes,0
BW511907,BR-16,F,64,transport,8,2.0,1,4
BW511908,BR-14,F,40,tailoring,4,4.9,0,4
BW511909,BR-22,F,26,phone repair,3,1.7,False,1
BW511910,BR-21,F,40,masonry,7,6.1,FALSE,9
BW511911,BR-20,F,53,petty trade,7,11.6,FALSE,0
BW511912,BR-05,M,31,farming,8,6.4,True,3
BW511913,BR-09,M,37,masonry,10,2.8,TRUE,1
BW511914,BR-15,F,29,hairdressing,12,9.1,True,9
BW511915,BR-24,F,22,tailoring,4,7.8,0,0
BW511916,BR-24,F,22,masonry,10,2.7,1,2
BW511917,BR-12,F,38,transport,7,4.7,True,2
BW511918,BR-12,F,53,tailoring,2,10.9,yes,0
BW511919,BR-20,M,42,petty trade,6,9.7,TRUE,0
BW511920,BR-01,F,57,farming,3,9.9,1,3
BW511921,BR-20,F,25,petty trade,1,5.4,TRUE,3
BW511922,BR-05,F,20,retail shop,9,0.7,yes,1
BW511923,BR-11,F,59,hairdressing,3,7.6,0,2
BW511924,BR-06,F,21,poultry,10,4.4,FALSE,4
BW511925,BR-15,M,59,retail shop,10,4.4,1,6
BW511926,BR-04,M,45,food vending,9,12.8,False,1
BW511927,BR-10,F,21,teaching,7,1.9,True,2
BW511928,BR-09,F,51,food vending,1,5.9,1,0
BW511929,BR-20,F,56,food vending,7,6.1,TRUE,6
BW511930,BR-05,F,36,phone repair,1,1.8,0,0
BW511931,BR-22,F,24,food vending,1,4.4,1,1
BW511932,BR-23,F,47,poultry,5,2.5,FALSE,1
BW511933,BR-24,F,62,carpentry,4,4.3,TRUE,1
BW511934,BR-09,F,44,poultry,3,1.8,1,6
BW511935,BR-07,F,28,tailoring,11,9.3,True,0
BW511936,BR-07,F,45,transport,6,4.7,False,0
BW511937,BR-10,F,23,tailoring,4,0.9,False,1
BW511938,BR-09,F,22,hairdressing,11,7.9,yes,3
BW511939,BR-13,M,32,farming,8,1.3,no,9
BW511940,BR-12,F,49,hairdressing,10,0.7,yes,1
BW511941,BR-05,F,19,hairdressing,8,5.4,yes,3
BW511942,BR-07,M,42,hairdressing,3,1.2,TRUE,3
BW511943,BR-05,F,28,masonry,2,6.4,FALSE,6
BW511944,BR-20,F,21,carpentry,3,6.5,True,0
BW511945,BR-16,F,19,farming,9,12.8,True,3
BW511946,BR-23,M,41,masonry,5,6.2,FALSE,1
BW511947,BR-14,F,30,farming,6,6.4,TRUE,6
BW511948,BR-23,M,28,farming,7,4.6,1,1
BW511949,BR-21,F,27,transport,8,13.8,False,3
BW511950,BR-08,F,60,poultry,2,3.1,False,0
BW511951,BR-12,F,22,phone repair,4,6.0,0,9
BW511952,BR-17,M,51,food vending,3,8.8,TRUE,9
BW511953,BR-03,F,37,carpentry,7,8.2,TRUE,1
BW511954,BR-17,F,33,poultry,4,6.3,False,1
BW511955,BR-16,F,29,teaching,7,5.7,0,2
BW511956,BR-20,F,29,poultry,2,5.7,yes,6
BW511957,BR-13,M,44,petty trade,11,13.3,True,0
BW511958,BR-05,F,52,hairdressing,7,11.2,False,6
BW511959,BR-22,F,35,hairdressing,5,2.0,TRUE,1
BW511960,BR-24,F,27,tailoring,2,3.3,True,0
BW511961,BR-11,F,27,tailoring,2,8.7,FALSE,2
BW511962,BR-21,F,43,retail shop,8,3.8,yes,2
BW511963,BR-09,M,35,phone repair,8,3.6,True,6
BW511964,BR-03,F,20,petty trade,3,2.8,no,6
BW511965,BR-03,F,44,teaching,7,0.8,1,0
BW511966,BR-22,M,35,food vending,9,7.8,1,1
BW511967,BR-01,F,28,hairdressing,11,11.7,True,0
BW511968,BR-11,F,48,hairdressing,8,7.2,no,1
BW511969,BR-05,M,31,petty trade,9,5.2,False,0
BW511970,BR-24,F,24,carpentry,8,0.6,1,6
BW511971,BR-10,F,46,carpentry,8,1.8,1,1
BW511972,BR-05,M,64,petty trade,10,4.9,FALSE,2
BW511973,BR-08,F,39,food vending,4,2.9,True,1
BW511974,BR-10,F,63,retail shop,9,6.0,yes,4
BW511975,BR-23,F,53,petty trade,5,2.7,True,2
BW511976,BR-14,M,63,carpentry,10,2.6,True,9
BW511977,BR-06,F,30,masonry,6,6.0,yes,6
BW511978,BR-04,M,62,transport,7,0.2,0,6
BW511979,BR-07,F,27,poultry,4,1.3,False,6
BW511980,BR-11,F,33,food vending,12,6.5,True,1
BW511981,BR-04,F,60,teaching,5,7.5,False,6
BW511982,BR-19,M,62,carpentry,6,9.0,1,2
BW511983,BR-02,M,51,teaching,2,13.5,no,3
BW511984,BR-17,F,63,petty trade,5,7.9,FALSE,1
BW511985,BR-10,F,59,transport,8,7.4,TRUE,4
BW511986,BR-16,M,62,tailoring,4,6.6,True,2
BW511987,BR-21,F,43,transport,12,2.6,1,4
BW511988,BR-16,F,48,masonry,8,6.2,no,0
BW511989,BR-19,F,25,carpentry,10,5.0,1,4
BW511990,BR-23,F,38,teaching,10,0.5,TRUE,1
BW511991,BR-10,F,58,tailoring,3,3.0,no,6
BW511992,BR-11,F,28,teaching,6,5.0,TRUE,1
BW511993,BR-05,F,63,transport,6,8.7,False,1
BW511994,BR-04,F,55,carpentry,3,3.7,yes,9
BW511995,BR-10,F,37,teaching,11,3.0,True,1
BW511996,BR-13,F,28,poultry,7,1.2,1,1
BW511997,BR-05,M,50,petty trade,8,4.9,1,2
BW511998,BR-04,M,59,petty trade,6,5.7,True,0
BW511999,BR-02,M,38,hairdressing,6,4.0,FALSE,2
BW512000,BR-05,M,53,tailoring,3,1.1,True,0
BW512001,BR-21,M,51,carpentry,2,0.5,FALSE,3
BW512002,BR-08,F,49,petty trade,12,0.9,1,9
BW512003,BR-11,M,58,retail shop,4,9.8,1,1
BW512004,BR-12,F,50,phone repair,9,4.2,False,4
BW512005,BR-23,M,62,farming,11,5.4,0,4
BW512006,BR-04,F,29,carpentry,12,0.3,0,4
BW512007,BR-04,F,32,masonry,7,7.4,yes,1
BW512008,BR-24,F,35,masonry,3,8.2,True,4
BW512009,BR-20,F,31,petty trade,10,8.9,True,1
BW512010,BR-18,F,24,phone repair,7,0.4,True,1
BW512011,BR-24,F,28,carpentry,6,2.7,FALSE,0
BW512012,BR-19,M,53,masonry,2,3.4,True,0
BW512013,BR-15,F,63,poultry,5,1.6,FALSE,4
BW512014,BR-12,M,61,farming,5,10.5,no,6
BW512015,BR-07,F,41,food vending,8,1.0,True,4
BW512016,BR-02,F,60,phone repair,11,3.7,0,9
BW512017,BR-22,F,47,farming,6,5.4,no,2
BW512018,BR-17,F,64,tailoring,9,6.9,False,0
BW512019,BR-15,M,44,petty trade,6,9.6,no,6
BW512020,BR-11,F,31,tailoring,3,3.5,1,0
BW512021,BR-20,F,19,poultry,9,11.0,TRUE,6
BW512022,BR-12,F,23,masonry,9,10.7,TRUE,2
BW512023,BR-03,F,26,poultry,4,4.3,FALSE,0
BW512024,BR-06,F,33,farming,5,8.7,True,9
BW512025,BR-07,F,42,masonry,1,8.0,0,2
BW512026,BR-05,F,38,farming,12,6.2,0,1
BW512027,BR-03,M,45,transport,12,0.3,yes,2
BW512028,BR-06,M,24,petty trade,10,0.8,TRUE,0
BW512029,BR-12,F,57,retail shop,11,0.2,0,2
BW512030,BR-22,F,30,farming,11,0.9,True,4
BW512031,BR-22,F,21,petty trade,10,7.0,yes,9
BW512032,BR-05,M,59,farming,5,4.5,TRUE,6
BW512033,BR-18,F,58,transport,5,6.0,no,4
BW512034,BR-17,F,42,petty trade,4,7.8,FALSE,0
BW512035,BR-17,F,39,poultry,12,0.4,TRUE,9
BW512036,BR-08,F,39,tailoring,7,4.6,TRUE,0
BW512037,BR-15,F,45,farming,6,15.0,True,2
BW512038,BR-08,M,51,transport,5,4.6,True,2
BW512039,BR-19,F,58,teaching,1,3.5,0,3
BW512040,BR-07,M,36,retail shop,1,3.5,FALSE,9
BW512041,BR-08,F,45,masonry,3,6.8,1,3
BW512042,BR-05,M,19,hairdressing,1,14.6,True,6
BW512043,BR-08,F,35,phone repair,7,1.4,no,6
BW512044,BR-04,F,25,transport,9,0.3,no,0
BW512045,BR-01,M,55,farming,11,5.5,False,1
BW512046,BR-10,F,56,retail shop,10,9.7,yes,1
BW512047,BR-19,F,27,teaching,6,7.7,no,1
BW512048,BR-01,F,33,retail shop,11,5.5,1,6
BW512049,BR-11,F,61,tailoring,12,9.2,0,9
BW512050,BR-19,F,22,petty trade,6,3.2,FALSE,6
BW512051,BR-10,F,55,carpentry,6,6.4,TRUE,1
BW512052,BR-19,F,31,phone repair,4,5.4,False,4
BW512053,BR-24,F,34,poultry,6,8.6,FALSE,0
BW512054,BR-07,F,41,retail shop,5,16.0,0,0
BW512055,BR-24,F,53,farming,6,9.4,yes,6
BW512056,BR-14,F,53,phone repair,11,0.6,no,6
BW512057,BR-05,M,31,farming,6,4.9,True,2
BW512058,BR-07,F,31,transport,4,16.6,TRUE,4
BW512059,BR-20,F,59,tailoring,8,5.0,1,6
BW512060,BR-14,F,29,farming,1,11.3,0,6
BW512061,BR-23,F,32,carpentry,6,8.3,False,6
BW512062,BR-02,F,22,phone repair,3,6.1,1,9
BW512063,BR-21,F,50,phone repair,12,11.0,False,1
BW512064,BR-06,F,53,food vending,9,7.8,TRUE,4
BW512065,BR-05,F,60,hairdressing,10,1.8,yes,3
BW512066,BR-14,F,19,farming,9,8.6,0,3
BW512067,BR-20,M,53,teaching,4,5.3,yes,6
BW512068,BR-10,M,48,petty trade,3,2.6,1,0
BW512069,BR-02,M,63,tailoring,1,8.2,1,9
BW512070,BR-12,M,36,retail shop,9,7.0,yes,6
BW512071,BR-13,F,50,retail shop,3,3.0,0,1
BW512072,BR-10,F,43,food vending,9,8.6,yes,2
BW512073,BR-19,F,40,hairdressing,4,5.0,yes,0
BW512074,BR-09,F,44,retail shop,3,10.2,0,0
BW512075,BR-13,F,34,carpentry,9,9.0,True,2
BW512076,BR-02,F,57,farming,3,6.7,False,0
BW512077,BR-16,M,57,food vending,3,7.7,1,2
BW512078,BR-20,M,54,tailoring,12,0.5,no,9
BW512079,BR-05,F,63,petty trade,3,9.6,False,2
BW512080,BR-12,F,25,carpentry,9,5.5,1,3
BW512081,BR-10,M,46,retail shop,1,2.2,FALSE,0
BW512082,BR-17,M,36,food vending,5,7.2,no,1
BW512083,BR-24,M,27,hairdressing,8,5.1,True,1
BW512084,BR-09,M,42,retail shop,11,9.0,0,0
BW512085,BR-08,M,50,masonry,4,7.4,yes,1
BW512086,BR-18,F,41,carpentry,6,3.2,True,0
BW512087,BR-14,M,48,hairdressing,6,7.0,FALSE,3
BW512088,BR-16,F,22,petty trade,12,0.6,FALSE,2
BW512089,BR-10,F,19,carpentry,11,8.3,FALSE,1
BW512090,BR-18,F,40,transport,7,9.0,1,4
BW512091,BR-16,M,62,phone repair,4,2.1,TRUE,2
BW512092,BR-24,F,33,phone repair,12,3.6,0,9
BW512093,BR-16,M,41,poultry,11,12.5,FALSE,1
BW512094,BR-18,F,29,petty trade,3,3.8,TRUE,6
BW512095,BR-19,F,37,retail shop,8,14.9,1,6
BW512096,BR-11,F,62,masonry,12,0.3,FALSE,1
BW512097,BR-04,M,38,farming,3,6.6,no,0
BW512098,BR-07,F,41,hairdressing,11,5.6,TRUE,3
BW512099,BR-17,F,44,teaching,8,9.8,FALSE,4
BW512100,BR-12,M,46,carpentry,2,6.4,0,2
BW512101,BR-10,M,53,phone repair,10,11.8,1,2
BW512102,BR-11,M,50,retail shop,2,4.6,no,4
BW512103,BR-21,F,38,retail shop,7,1.7,0,0
BW512104,BR-17,M,59,petty trade,6,5.7,TRUE,0
BW512105,BR-14,M,50,petty trade,7,10.5,no,9
BW512106,BR-12,F,60,hairdressing,2,5.7,False,3
BW512107,BR-22,F,24,teaching,1,8.4,TRUE,6
BW512108,BR-04,F,25,food vending,8,3.5,False,0
BW512109,BR-23,F,53,teaching,3,8.0,TRUE,4
BW512110,BR-02,M,46,poultry,6,4.2,1,1
BW512111,BR-08,F,34,carpentry,1,2.2,False,1
BW512112,BR-03,M,47,farming,5,5.7,TRUE,1
BW512113,BR-15,F,53,petty trade,1,7.4,FALSE,3
BW512114,BR-06,F,19,masonry,4,10.8,0,4
BW512115,BR-10,F,53,phone repair,8,1.2,yes,0
BW512116,BR-16,M,58,poultry,8,9.6,FALSE,1
BW512117,BR-13,M,30,food vending,10,2.1,no,9
BW512118,BR-08,M,51,tailoring,1,5.3,yes,4
BW512119,BR-19,F,45,hairdressing,3,6.9,True,0
BW512120,BR-14,M,40,tailoring,12,3.3,TRUE,2
BW512121,BR-07,F,54,carpentry,6,7.7,yes,2
BW512122,BR-06,M,30,food vending,9,8.9,TRUE,6
BW512123,BR-16,F,33,tailoring,8,6.8,1,1
BW512124,BR-22,F,27,petty trade,1,2.1,TRUE,4
BW512125,BR-02,F,50,farming,9,5.0,TRUE,1
BW512126,BR-12,F,40,hairdressing,8,8.0,FALSE,0
BW512127,BR-11,F,37,transport,5,7.3,no,4
BW512128,BR-12,M,64,phone repair,2,13.2,FALSE,9
BW512129,BR-23,F,52,retail shop,8,4.0,no,9
BW512130,BR-20,F,36,petty trade,6,11.2,TRUE,6
BW512131,BR-17,M,44,food vending,2,3.9,True,0
BW512132,BR-23,M,23,retail shop,2,6.1,yes,1
BW512133,BR-04,M,31,farming,10,4.3,no,2
BW512134,BR-15,F,53,hairdressing,12,11.4,False,1
BW512135,BR-02,F,56,food vending,9,5.8,yes,0
BW512136,BR-13,F,24,poultry,3,6.0,0,6
BW512137,BR-12,M,63,food vending,7,10.2,FALSE,2
BW512138,BR-07,F,58,food vending,5,14.5,yes,1
BW512139,BR-03,F,41,phone repair,8,5.6,True,6
BW512140,BR-20,M,25,hairdressing,1,6.8,no,0
BW512141,BR-09,M,28,food vending,12,8.5,FALSE,0
BW512142,BR-15,F,38,carpentry,11,7.0,False,4
BW512143,BR-24,M,25,tailoring,11,4.8,TRUE,2
BW512144,BR-10,F,36,carpentry,5,0.5,yes,1
BW512145,BR-07,F,27,retail shop,4,3.8,yes,3
BW512146,BR-05,F,25,carpentry,7,6.9,False,6
BW512147,BR-22,F,58,retail shop,3,11.5,1,2
BW512148,BR-11,M,50,petty trade,11,2.0,0,0
BW512149,BR-09,M,26,farming,2,0.4,yes,1
BW512150,BR-03,F,54,hairdressing,11,5.3,no,4
BW512151,BR-15,F,26,masonry,12,3.9,FALSE,2
BW512152,BR-17,F,56,masonry,6,6.4,False,4
BW512153,BR-10,M,63,food vending,1,6.2,0,0
BW512154,BR-03,M,38,tailoring,6,6.1,no,1
BW512155,BR-20,F,20,retail shop,1,10.1,0,1
BW512156,BR-22,F,48,teaching,4,7.8,False,0
BW512157,BR-07,F,54,poultry,1,4.2,FALSE,9
BW512158,BR-04,F,32,teaching,12,3.6,False,2
BW512159,BR-11,F,26,teaching,10,5.8,yes,4
BW512160,BR-04,M,43,hairdressing,11,3.4,no,1
BW512161,BR-02,M,52,teaching,5,7.7,0,4
BW512162,BR-18,F,35,hairdressing,3,4.4,1,4
BW512163,BR-14,F,30,retail shop,11,7.3,True,4
BW512164,BR-06,M,31,teaching,2,8.5,yes,1
BW512165,BR-17,M,51,transport,1,0.6,FALSE,1
BW512166,BR-02,M,24,transport,11,3.6,no,4
BW512167,BR-07,M,23,carpentry,3,19.0,FALSE,9
BW512168,BR-04,F,22,retail shop,2,11.4,True,6
BW512169,BR-08,M,39,farming,5,6.9,1,6
BW512170,BR-16,M,38,tailoring,2,12.2,0,0
BW512171,BR-02,M,20,teaching,11,2.8,TRUE,3
BW512172,BR-04,F,29,farming,2,1.2,0,3
BW512173,BR-11,M,56,teaching,2,1.5,0,6
BW512174,BR-01,F,53,phone repair,4,3.7,1,2
BW512175,BR-03,F,52,transport,6,1.9,yes,1
BW512176,BR-09,F,19,transport,4,8.9,0,0
BW512177,BR-24,M,30,retail shop,2,0.8,TRUE,1
BW512178,BR-10,M,56,petty trade,10,4.1,no,9
BW512179,BR-07,M,23,hairdressing,12,4.5,True,4
BW512180,BR-16,M,29,petty trade,8,5.2,0,2
BW512181,BR-07,F,20,farming,5,2.3,0,4
BW512182,BR-05,F,52,masonry,4,1.1,TRUE,3
BW512183,BR-24,M,47,hairdressing,5,5.7,FALSE,4
BW512184,BR-10,F,46,teaching,12,12.4,yes,0
BW512185,BR-21,F,62,retail shop,1,2.9,yes,1
BW512186,BR-19,F,34,masonry,10,6.2,no,0
BW512187,BR-09,F,26,phone repair,1,11.3,TRUE,1
BW512188,BR-15,F,43,phone repair,2,5.0,FALSE,9
BW512189,BR-05,M,49,farming,3,5.4,TRUE,9
BW512190,BR-05,M,37,transport,6,0.8,False,9
BW512191,BR-22,F,28,masonry,10,7.2,no,0
BW512192,BR-24,F,64,farming,6,5.5,TRUE,2
BW512193,BR-14,M,25,teaching,3,1.4,yes,9
BW512194,BR-23,M,44,carpentry,12,4.4,0,2
BW512195,BR-17,F,59,petty trade,2,1.6,TRUE,3
BW512196,BR-07,M,35,petty trade,7,12.4,yes,4
BW512197,BR-04,F,39,farming,4,6.7,yes,0
BW512198,BR-14,F,40,phone repair,3,3.2,FALSE,1
BW512199,BR-06,M,42,masonry,11,4.9,yes,3
BW512200,BR-20,F,45,tailoring,1,9.1,yes,0
BW512201,BR-17,M,36,food vending,1,0.9,False,1
BW512202,BR-18,F,43,retail shop,1,9.2,yes,3
BW512203,BR-07,M,19,retail shop,1,1.7,True,1
BW512204,BR-19,M,35,retail shop,3,10.8,True,1
BW512205,BR-08,M,51,carpentry,2,0.5,0,9
BW512206,BR-12,M,61,phone repair,6,11.3,False,0
BW512207,BR-05,F,57,retail shop,12,8.4,True,1
BW512208,BR-06,M,38,masonry,6,3.8,yes,0
BW512209,BR-08,F,24,food vending,12,3.7,yes,2
BW512210,BR-06,F,33,farming,3,4.7,0,1
BW512211,BR-04,M,64,carpentry,7,10.8,FALSE,2
BW512212,BR-13,M,34,farming,11,1.6,True,4
BW512213,BR-22,F,24,tailoring,2,1.1,0,3
BW512214,BR-05,F,45,phone repair,8,10.9,True,1
BW512215,BR-13,F,28,phone repair,3,9.0,False,1
BW512216,BR-02,F,27,phone repair,11,11.3,1,4
BW512217,BR-14,F,24,tailoring,2,2.4,FALSE,4
BW512218,BR-08,M,26,transport,3,6.7,0,1
BW512219,BR-19,F,50,tailoring,2,7.4,FALSE,6
BW512220,BR-19,M,26,poultry,8,6.0,1,1
BW512221,BR-18,F,54,retail shop,4,5.3,False,1
BW512222,BR-04,M,26,phone repair,11,7.5,TRUE,9
BW512223,BR-07,F,62,carpentry,1,10.0,0,4
BW512224,BR-06,F,53,farming,3,8.6,True,3
BW512225,BR-06,F,63,masonry,4,4.7,False,0
BW512226,BR-19,F,47,phone repair,9,8.7,0,9
BW512227,BR-13,M,46,phone repair,1,8.6,TRUE,6
BW512228,BR-12,M,46,petty trade,5,10.9,True,0
BW512229,BR-11,F,37,petty trade,3,3.4,yes,9
BW512230,BR-05,F,29,poultry,1,5.0,True,6
BW512231,BR-19,F,53,carpentry,8,7.2,no,4
BW512232,BR-04,M,30,phone repair,9,7.9,FALSE,0
BW512233,BR-22,F,19,food vending,10,3.8,TRUE,6
BW512234,BR-18,M,59,phone repair,2,0.4,TRUE,6
BW512235,BR-01,M,44,transport,1,4.0,FALSE,6
BW512236,BR-15,F,45,retail shop,5,7.0,no,0
BW512237,BR-18,F,37,teaching,4,3.4,yes,2
BW512238,BR-02,M,53,retail shop,12,12.3,True,0
BW512239,BR-06,F,50,masonry,9,11.8,False,0
BW512240,BR-07,F,43,food vending,11,3.6,TRUE,3
BW512241,BR-15,F,50,carpentry,3,2.5,FALSE,9
BW512242,BR-20,F,21,petty trade,9,7.4,True,3
BW512243,BR-12,F,43,retail shop,12,6.4,True,3
BW512244,BR-24,F,60,transport,6,11.7,1,0
BW512245,BR-20,M,22,farming,2,8.1,no,0
BW512246,BR-24,F,24,masonry,5,4.8,FALSE,0
BW512247,BR-14,F,53,hairdressing,12,8.8,0,4
BW512248,BR-11,F,57,hairdressing,5,8.2,1,4
BW512249,BR-13,M,29,masonry,2,6.4,1,0
BW512250,BR-12,F,28,transport,5,0.7,False,4
BW512251,BR-15,F,52,retail shop,5,3.5,TRUE,2
BW512252,BR-20,M,53,transport,10,1.0,False,4
BW512253,BR-08,M,51,teaching,12,5.6,True,4
BW512254,BR-22,F,45,teaching,7,2.6,1,3
BW512255,BR-11,M,42,poultry,1,12.1,no,1
BW512256,BR-15,M,21,masonry,4,13.6,FALSE,4
BW512257,BR-13,M,45,petty trade,9,6.2,no,3
BW512258,BR-20,M,28,tailoring,4,2.4,FALSE,2
BW512259,BR-24,F,59,hairdressing,4,2.1,True,4
BW512260,BR-15,F,20,teaching,10,1.4,1,2
BW512261,BR-20,M,45,food vending,1,6.3,True,6
BW512262,BR-02,F,36,masonry,9,5.9,1,6
BW512263,BR-24,F,60,food vending,3,6.7,0,0
BW512264,BR-01,F,41,farming,9,1.2,yes,9
BW512265,BR-24,M,52,transport,1,6.0,TRUE,1
BW512266,BR-15,F,28,transport,10,4.8,False,6
BW512267,BR-07,F,57,teaching,7,5.3,no,0
BW512268,BR-12,M,33,carpentry,12,11.9,False,2
BW512269,BR-22,F,60,phone repair,7,0.9,True,1
BW512270,BR-21,F,39,retail shop,6,6.4,yes,4
BW512271,BR-16,M,19,carpentry,7,8.3,FALSE,0
BW512272,BR-24,M,54,hairdressing,3,3.3,0,2
BW512273,BR-12,M,54,teaching,3,6.9,no,3
BW512274,BR-02,F,50,retail shop,2,2.9,False,0
BW512275,BR-17,F,27,poultry,8,12.0,True,2
BW512276,BR-16,M,39,poultry,9,1.9,FALSE,4
BW512277,BR-15,M,42,farming,7,0.2,False,0
BW512278,BR-05,M,46,carpentry,1,8.4,True,1
BW512279,BR-13,F,45,masonry,8,10.5,True,1
BW512280,BR-14,M,49,hairdressing,4,9.0,0,9
BW512281,BR-14,M,38,petty trade,10,2.7,False,1
BW512282,BR-04,M,23,hairdressing,6,6.8,no,9
BW512283,BR-15,F,23,farming,8,3.4,yes,9
BW512284,BR-05,F,52,food vending,11,13.0,FALSE,2
BW512285,BR-19,M,34,transport,5,0.3,True,0
BW512286,BR-12,M,55,phone repair,8,7.5,True,9
BW512287,BR-14,F,62,tailoring,6,10.8,FALSE,3
BW512288,BR-17,F,37,petty trade,1,4.4,TRUE,2
BW512289,BR-19,F,54,poultry,1,10.7,0,0
BW512290,BR-11,F,33,hairdressing,8,7.0,yes,2
BW512291,BR-15,M,38,phone repair,2,7.9,no,1
BW512292,BR-11,F,33,farming,8,0.5,0,9
BW512293,BR-02,F,60,transport,2,4.4,0,9
BW512294,BR-23,M,62,retail shop,10,7.5,False,4
BW512295,BR-18,F,56,masonry,11,6.2,False,2
BW512296,BR-13,M,54,poultry,5,7.8,True,2
BW512297,BR-01,F,22,carpentry,12,11.5,FALSE,2
BW512298,BR-09,F,24,hairdressing,8,1.7,yes,6
BW512299,BR-14,M,48,poultry,8,14.1,0,2
BW512300,BR-09,M,42,teaching,10,1.2,True,2
BW512301,BR-23,F,31,farming,4,2.0,no,2
BW512302,BR-01,F,58,carpentry,2,3.9,0,1
BW512303,BR-18,F,58,tailoring,2,2.4,yes,6
BW512304,BR-02,F,22,poultry,8,4.8,no,1
BW512305,BR-19,F,54,food vending,9,6.8,0,3
BW512306,BR-19,M,38,tailoring,11,4.9,yes,2
BW512307,BR-05,F,23,transport,4,0.9,no,0
BW512308,BR-17,F,37,hairdressing,3,6.3,FALSE,1
BW512309,BR-10,F,32,masonry,12,5.1,False,3
BW512310,BR-15,M,25,petty trade,9,2.9,TRUE,1
BW512311,BR-19,M,22,transport,2,3.4,False,0
BW512312,BR-09,F,59,farming,3,7.0,1,9
BW512313,BR-04,M,44,food vending,11,5.3,FALSE,1
BW512314,BR-19,F,32,tailoring,7,9.7,False,3
BW512315,BR-08,M,37,farming,11,3.1,no,0
BW512316,BR-02,F,61,carpentry,4,1.0,False,1
BW512317,BR-24,M,25,hairdressing,2,3.2,TRUE,6
BW512318,BR-21,F,30,teaching,10,4.1,False,4
BW512319,BR-20,F,53,food vending,2,4.3,TRUE,1
BW512320,BR-01,M,49,masonry,6,3.6,0,1
BW512321,BR-22,F,52,poultry,5,16.9,FALSE,1
BW512322,BR-14,M,29,food vending,3,13.6,False,6
BW512323,BR-15,F,24,tailoring,8,0.4,True,2
BW512324,BR-04,M,63,transport,4,0.6,FALSE,0
BW512325,BR-15,F,37,carpentry,3,5.0,yes,3
BW512326,BR-03,M,55,teaching,2,1.3,0,1
BW512327,BR-02,F,48,poultry,11,11.6,True,1
BW512328,BR-20,F,44,phone repair,3,4.4,False,1
BW512329,BR-12,M,43,hairdressing,12,3.7,no,1
BW512330,BR-04,F,27,hairdressing,2,2.4,no,1
BW512331,BR-06,M,30,tailoring,6,4.3,False,2
BW512332,BR-23,M,34,poultry,1,3.3,False,1
BW512333,BR-02,F,55,retail shop,11,8.2,yes,6
BW512334,BR-08,M,41,food vending,4,3.5,False,1
BW512335,BR-13,F,28,teaching,4,10.0,False,0
BW512336,BR-23,F,42,food vending,2,1.1,no,3
BW512337,BR-12,M,48,retail shop,11,3.1,no,2
BW512338,BR-23,F,54,petty trade,12,13.6,TRUE,9
BW512339,BR-18,F,25,carpentry,12,7.1,FALSE,9
BW512340,BR-12,M,50,poultry,7,11.7,1,4
BW512341,BR-19,M,41,transport,7,6.8,TRUE,1
BW512342,BR-07,M,52,masonry,3,1.5,1,4
BW512343,BR-19,M,34,phone repair,12,12.7,FALSE,1
BW512344,BR-23,F,19,tailoring,8,6.0,no,2
BW512345,BR-01,F,40,retail shop,8,4.1,True,1
BW512346,BR-17,F,52,food vending,3,1.1,yes,4
BW512347,BR-07,F,20,masonry,9,6.5,0,0
BW512348,BR-21,F,51,retail shop,6,5.0,yes,4
BW512349,BR-08,F,40,hairdressing,1,6.1,FALSE,0
BW512350,BR-17,F,43,masonry,4,2.9,False,4
BW512351,BR-07,M,47,retail shop,6,1.5,0,9
BW512352,BR-23,M,58,hairdressing,11,4.7,0,4
BW512353,BR-15,F,56,food vending,3,7.8,False,0
BW512354,BR-12,M,26,phone repair,5,7.8,yes,2
BW512355,BR-03,M,51,petty trade,6,9.3,FALSE,9
BW512356,BR-22,F,55,food vending,5,3.6,False,9
BW512357,BR-24,F,26,food vending,11,4.7,True,1
BW512358,BR-19,F,43,retail shop,10,2.6,True,2
BW512359,BR-05,F,46,phone repair,2,2.1,True,1
BW512360,BR-06,F,59,farming,9,6.9,FALSE,0
BW512361,BR-19,F,61,food vending,10,2.3,FALSE,0
BW512362,BR-04,F,44,transport,4,7.6,0,0
BW512363,BR-23,M,45,masonry,10,8.4,no,1
BW512364,BR-23,M,54,phone repair,2,2.0,True,0
BW512365,BR-15,F,48,masonry,3,5.1,1,0
BW512366,BR-07,M,60,poultry,1,9.9,0,0
BW512367,BR-17,F,39,petty trade,9,3.5,0,6
BW512368,BR-05,F,40,farming,2,3.6,True,4
BW512369,BR-17,F,51,transport,3,8.8,no,1
BW512370,BR-02,F,45,teaching,11,9.5,True,0
BW512371,BR-07,F,51,teaching,8,8.8,yes,1
BW512372,BR-16,M,42,poultry,9,5.8,yes,9
BW512373,BR-17,F,50,farming,3,7.1,1,3
BW512374,BR-08,F,20,food vending,10,2.6,True,1
BW512375,BR-05,M,38,food vending,6,7.6,yes,0
BW512376,BR-14,M,28,hairdressing,3,7.3,False,9
BW512377,BR-16,M,46,phone repair,6,9.6,False,9
BW512378,BR-20,F,38,carpentry,11,0.9,yes,2
BW512379,BR-16,F,31,teaching,11,2.6,FALSE,6
BW512380,BR-03,F,52,masonry,7,5.0,no,4
BW512381,BR-11,M,29,transport,10,8.4,TRUE,0
BW512382,BR-19,F,35,tailoring,3,4.0,1,4
BW512383,BR-05,F,52,phone repair,3,4.3,yes,6
BW512384,BR-22,F,38,transport,5,8.7,no,0
BW512385,BR-23,M,64,masonry,10,2.9,no,6
BW512386,BR-05,M,44,masonry,11,5.3,yes,4
BW512387,BR-14,F,48,transport,5,16.2,no,0
BW512388,BR-09,F,56,transport,10,2.8,True,0
BW512389,BR-24,F,59,petty trade,3,2.2,FALSE,9
BW512390,BR-02,M,61,retail shop,9,1.6,1,3
BW512391,BR-18,M,19,petty trade,7,2.8,True,4
BW512392,BR-08,F,64,carpentry,3,7.8,0,9
BW512393,BR-02,M,31,phone repair,5,7.8,True,3
BW512394,BR-13,F,61,masonry,1,9.6,TRUE,6
BW512395,BR-09,F,49,farming,8,2.8,TRUE,1
BW512396,BR-21,F,58,poultry,7,13.1,True,6
BW512397,BR-04,F,54,teaching,10,8.0,yes,9
BW512398,BR-17,F,22,phone repair,9,2.0,True,0
BW512399,BR-06,M,24,carpentry,2,4.7,False,4
BW512400,BR-04,F,19,hairdressing,3,9.3,yes,0
BW512401,BR-19,M,26,tailoring,5,10.1,no,1
BW512402,BR-06,F,27,poultry,6,13.2,0,0
BW512403,BR-12,F,39,farming,12,8.6,TRUE,4
BW512404,BR-16,F,62,masonry,7,6.8,0,4
BW512405,BR-03,M,23,petty trade,5,6.2,1,2
BW512406,BR-03,M,33,transport,2,3.5,True,1
BW512407,BR-20,F,35,food vending,10,4.3,FALSE,4
BW512408,BR-18,F,20,food vending,8,7.4,TRUE,4
BW512409,BR-12,F,22,carpentry,2,6.0,no,4
BW512410,BR-01,M,28,carpentry,5,4.4,True,9
BW512411,BR-17,F,37,hairdressing,10,4.8,FALSE,1
BW512412,BR-11,M,49,poultry,5,1.8,0,0
BW512413,BR-22,M,33,transport,2,8.8,no,9
BW512414,BR-16,F,52,retail shop,7,14.2,False,2
BW512415,BR-24,M,52,poultry,11,3.0,0,0
BW512416,BR-14,F,58,transport,3,5.2,False,2
BW512417,BR-22,M,34,hairdressing,7,6.1,True,2
BW512418,BR-22,F,45,petty trade,12,8.0,FALSE,0
BW512419,BR-08,M,28,masonry,4,6.3,TRUE,1
BW512420,BR-01,F,29,food vending,11,3.1,False,0
BW512421,BR-11,M,32,phone repair,1,7.2,0,9
BW512422,BR-01,M,29,retail shop,2,1.1,yes,6
BW512423,BR-17,F,58,teaching,8,3.0,0,0
BW512424,BR-09,M,32,farming,3,8.8,False,0
BW512425,BR-08,F,42,retail shop,7,4.3,False,4
BW512426,BR-19,M,32,hairdressing,11,2.5,no,3
BW512427,BR-06,F,24,hairdressing,12,8.5,yes,0
BW512428,BR-18,M,38,hairdressing,10,4.0,0,1
BW512429,BR-02,M,64,retail shop,8,1.7,no,2
BW512430,BR-24,F,62,hairdressing,3,7.7,1,9
BW512431,BR-10,F,55,transport,2,1.5,no,6
BW512432,BR-04,F,41,masonry,7,4.7,yes,9
BW512433,BR-12,F,61,teaching,5,5.2,True,1
BW512434,BR-02,F,63,transport,5,5.6,1,9
BW512435,BR-15,F,47,phone repair,10,7.2,0,2
BW512436,BR-04,F,51,petty trade,9,3.7,TRUE,3
BW512437,BR-23,F,48,masonry,3,5.3,True,2
BW512438,BR-11,F,26,phone repair,2,4.3,True,4
BW512439,BR-16,F,30,hairdressing,1,4.4,True,1
BW512440,BR-17,M,53,tailoring,12,2.9,True,4
BW512441,BR-07,F,61,farming,2,9.0,1,0
BW512442,BR-22,F,60,transport,11,8.2,False,3
BW512443,BR-07,F,23,teaching,1,2.3,False,0
BW512444,BR-10,F,30,farming,7,5.7,1,0
BW512445,BR-14,M,41,farming,4,8.5,False,6
BW512446,BR-19,F,32,hairdressing,1,8.0,False,3
BW512447,BR-01,M,38,hairdressing,11,4.7,FALSE,2
BW512448,BR-19,F,50,masonry,7,7.8,no,4
BW512449,BR-21,F,25,retail shop,2,7.0,False,2
BW512450,BR-10,F,22,masonry,6,3.8,no,1
BW512451,BR-01,M,63,retail shop,5,2.1,1,9
BW512452,BR-03,F,60,phone repair,9,8.8,TRUE,3
BW512453,BR-07,M,31,food vending,12,6.0,no,4
BW512454,BR-24,M,61,hairdressing,7,9.7,TRUE,3
BW512455,BR-04,F,40,petty trade,4,3.8,False,0
BW512456,BR-16,M,52,hairdressing,4,11.2,False,2
BW512457,BR-01,F,30,hairdressing,9,9.0,False,4
BW512458,BR-08,M,56,farming,6,7.8,False,3
BW512459,BR-22,F,49,tailoring,3,3.1,True,2
BW512460,BR-19,M,61,carpentry,3,8.7,no,1
BW512461,BR-11,M,45,transport,5,6.0,False,3
BW512462,BR-07,F,30,teaching,2,8.7,1,0
BW512463,BR-20,M,24,teaching,7,7.7,1,0
BW512464,BR-12,M,44,carpentry,10,8.4,True,9
BW512465,BR-12,F,40,tailoring,8,8.4,1,4
BW512466,BR-18,F,22,teaching,3,6.1,1,9
BW512467,BR-06,F,42,farming,1,4.0,TRUE,6
BW512468,BR-19,M,22,masonry,1,3.0,no,2
BW512469,BR-15,M,34,tailoring,12,10.9,TRUE,1
BW512470,BR-02,M,61,food vending,10,7.3,False,9
BW512471,BR-24,M,35,food vending,10,10.8,TRUE,6
BW512472,BR-07,F,19,poultry,9,1.7,False,2
BW512473,BR-19,M,29,farming,11,5.6,FALSE,3
BW512474,BR-23,F,53,phone repair,12,7.1,no,0
BW512475,BR-20,F,27,carpentry,1,1.9,FALSE,0
BW512476,BR-11,F,21,hairdressing,12,1.5,FALSE,2
BW512477,BR-03,F,33,teaching,12,3.2,True,1
BW512478,BR-11,F,34,tailoring,12,5.0,TRUE,6
BW512479,BR-23,F,53,phone repair,2,0.8,yes,1
BW512480,BR-20,M,37,masonry,5,4.6,1,4
BW512481,BR-18,F,30,phone repair,9,8.8,False,0
BW512482,BR-17,M,35,petty trade,6,3.5,False,4
BW512483,BR-22,M,45,teaching,4,6.2,TRUE,2
BW512484,BR-22,F,36,masonry,11,8.4,1,9
BW512485,BR-12,M,59,tailoring,4,0.5,TRUE,0
BW512486,BR-18,F,31,phone repair,11,7.2,TRUE,0
BW512487,BR-21,F,52,hairdressing,4,6.7,0,0
BW512488,BR-02,F,56,phone repair,7,2.7,1,0
BW512489,BR-10,M,56,masonry,6,9.4,TRUE,6
BW512490,BR-02,F,63,masonry,1,2.8,False,0
BW512491,BR-10,F,47,poultry,9,4.3,True,9
BW512492,BR-02,F,43,food vending,1,6.0,FALSE,1
BW512493,BR-04,F,28,phone repair,6,3.5,TRUE,1
BW512494,BR-01,F,35,poultry,8,2.8,1,6
BW512495,BR-21,M,41,food vending,11,4.8,no,0
BW512496,BR-08,M,60,hairdressing,6,7.1,TRUE,3
BW512497,BR-09,M,34,farming,3,9.9,FALSE,1
BW512498,BR-22,M,26,retail shop,1,9.0,FALSE,0
BW512499,BR-14,F,56,retail shop,4,4.9,no,0
BW512500,BR-23,F,27,tailoring,5,5.9,True,4
BW512501,BR-01,F,58,petty trade,1,7.5,0,2
BW512502,BR-17,F,23,carpentry,9,8.5,TRUE,0
BW512503,BR-12,M,45,poultry,1,16.6,yes,1
BW512504,BR-21,F,24,poultry,1,0.7,True,9
BW512505,BR-10,M,21,hairdressing,5,1.2,FALSE,1
BW512506,BR-19,F,32,teaching,4,0.2,no,4
BW512507,BR-10,F,21,retail shop,8,10.7,0,3
BW512508,BR-19,M,40,transport,5,1.5,yes,1
BW512509,BR-11,F,30,transport,10,3.2,FALSE,3
BW512510,BR-14,M,43,hairdressing,2,2.9,True,6
BW512511,BR-07,M,32,transport,10,3.3,yes,9
BW512512,BR-09,F,63,tailoring,3,6.4,FALSE,1
BW512513,BR-24,M,56,teaching,9,12.9,False,1
BW512514,BR-14,F,29,transport,10,2.3,True,1
BW512515,BR-20,M,58,masonry,12,5.1,yes,1
BW512516,BR-03,F,48,teaching,4,0.6,TRUE,3
BW512517,BR-21,M,55,hairdressing,10,7.4,TRUE,3
BW512518,BR-18,F,64,teaching,6,7.6,FALSE,2
BW512519,BR-24,F,44,carpentry,6,2.8,FALSE,6
BW512520,BR-03,M,21,masonry,7,6.5,True,4
BW512521,BR-22,F,31,masonry,6,7.4,yes,1
BW512522,BR-07,M,44,poultry,2,8.6,no,4
BW512523,BR-08,F,21,hairdressing,12,4.6,yes,1
BW512524,BR-19,M,36,food vending,4,2.5,1,1
BW512525,BR-13,F,55,transport,9,7.7,no,9
BW512526,BR-04,F,57,teaching,12,1.1,False,3
BW512527,BR-02,M,52,hairdressing,2,7.2,0,4
BW512528,BR-15,F,37,hairdressing,2,9.0,yes,9
BW512529,BR-08,F,53,teaching,4,3.7,yes,1
BW512530,BR-02,F,25,carpentry,10,1.8,0,1
BW512531,BR-18,M,20,hairdressing,6,9.2,FALSE,2
BW512532,BR-01,F,50,teaching,3,7.0,no,9
BW512533,BR-08,M,41,food vending,1,8.8,False,6
BW512534,BR-13,F,36,petty trade,6,5.5,yes,4
BW512535,BR-01,M,49,petty trade,4,6.1,False,6
BW512536,BR-07,F,43,masonry,8,12.8,True,6
BW512537,BR-02,F,58,carpentry,3,4.9,False,6
BW512538,BR-10,M,21,hairdressing,8,5.0,1,1
BW512539,BR-18,M,28,carpentry,1,7.7,no,6
BW512540,BR-18,F,39,poultry,3,4.2,no,2
BW512541,BR-02,F,36,masonry,11,3.5,no,9
BW512542,BR-14,F,28,masonry,8,5.0,0,9
BW512543,BR-13,F,57,carpentry,12,7.3,FALSE,2
BW512544,BR-23,M,42,tailoring,12,7.9,FALSE,2
BW512545,BR-21,M,32,carpentry,5,1.6,FALSE,3
BW512546,BR-12,F,63,petty trade,8,9.0,yes,2
BW512547,BR-06,M,40,carpentry,9,7.2,no,1
BW512548,BR-20,F,54,poultry,2,3.8,True,1
BW512549,BR-17,M,57,farming,10,3.6,1,3
BW512550,BR-15,M,57,teaching,4,1.5,0,1
BW512551,BR-02,F,32,teaching,7,11.8,yes,6
BW512552,BR-07,F,62,retail shop,11,6.8,TRUE,3
BW512553,BR-06,M,56,hairdressing,2,1.8,no,0
BW512554,BR-14,M,23,carpentry,1,10.0,no,6
BW512555,BR-23,F,57,phone repair,9,7.0,0,0
BW512556,BR-09,F,42,carpentry,9,0.8,False,0
BW512557,BR-02,F,24,food vending,12,9.8,True,0
BW512558,BR-15,M,22,teaching,9,0.5,TRUE,3
BW512559,BR-19,F,24,food vending,6,9.0,True,0
BW512560,BR-11,M,33,farming,5,4.0,0,3
BW512561,BR-19,M,61,food vending,11,5.3,no,9
BW512562,BR-08,F,56,petty trade,5,0.7,False,2
BW512563,BR-19,F,36,hairdressing,4,4.6,1,4
BW512564,BR-16,F,25,hairdressing,6,7.7,yes,9
BW512565,BR-13,F,22,petty trade,3,8.4,False,9
BW512566,BR-01,F,32,petty trade,9,10.2,TRUE,0
BW512567,BR-03,M,49,petty trade,3,2.8,True,0
BW512568,BR-11,F,35,carpentry,3,7.8,1,9
BW512569,BR-04,F,58,carpentry,2,5.1,False,6
BW512570,BR-15,F,24,retail shop,10,3.4,TRUE,0
BW512571,BR-16,M,63,retail shop,8,0.4,yes,1
BW512572,BR-02,F,34,retail shop,8,8.8,no,2
BW512573,BR-23,F,60,retail shop,4,5.0,no,1
BW512574,BR-02,M,22,farming,5,6.2,TRUE,1
BW512575,BR-16,F,42,food vending,11,5.2,False,1
BW512576,BR-12,F,34,phone repair,9,1.1,TRUE,1
BW512577,BR-10,F,44,food vending,4,11.3,1,1
BW512578,BR-22,M,22,retail shop,11,2.4,FALSE,4
BW512579,BR-04,F,63,phone repair,10,6.5,yes,9
BW512580,BR-11,M,53,food vending,7,2.6,True,2
BW512581,BR-17,M,61,hairdressing,5,2.9,0,1
BW512582,BR-13,F,46,poultry,11,3.0,True,9
BW512583,BR-09,F,42,petty trade,3,3.1,FALSE,0
BW512584,BR-24,M,29,food vending,10,6.5,1,0
BW512585,BR-15,F,56,food vending,5,8.6,0,9
BW512586,BR-14,F,31,carpentry,9,9.8,0,6
BW512587,BR-15,F,42,transport,12,2.0,no,2
BW512588,BR-07,F,42,phone repair,12,2.1,yes,0
BW512589,BR-19,F,49,petty trade,5,1.9,TRUE,9
BW512590,BR-12,F,37,poultry,7,4.2,FALSE,0
BW512591,BR-02,F,37,tailoring,1,1.4,TRUE,9
BW512592,BR-11,M,38,retail shop,8,3.9,0,0
BW512593,BR-14,M,41,teaching,8,6.8,TRUE,1
BW512594,BR-23,F,60,food vending,11,11.8,True,1
BW512595,BR-03,M,24,retail shop,5,6.8,no,1
BW512596,BR-24,M,37,tailoring,12,8.3,TRUE,2
BW512597,BR-09,M,58,retail shop,2,1.0,False,0
BW512598,BR-24,F,23,phone repair,6,1.3,1,3
BW512599,BR-05,F,45,teaching,10,2.8,no,1
BW512600,BR-06,F,64,tailoring,6,7.4,True,0
BW512601,BR-09,F,41,hairdressing,2,1.6,0,1
BW512602,BR-13,M,22,hairdressing,8,6.8,no,6
BW512603,BR-07,M,35,phone repair,12,10.0,no,0
BW512604,BR-24,M,26,teaching,10,3.4,True,9
BW512605,BR-03,M,50,transport,11,6.7,True,1
BW512606,BR-24,F,32,hairdressing,9,7.9,True,1
BW512607,BR-05,F,25,food vending,10,10.1,True,0
BW512608,BR-21,F,22,farming,6,7.5,1,1
BW512609,BR-12,F,26,retail shop,1,4.5,FALSE,1
BW512610,BR-20,F,56,farming,8,2.7,False,0
BW512611,BR-04,F,27,retail shop,5,4.6,FALSE,9
BW512612,BR-23,F,56,masonry,9,3.7,yes,0
BW512613,BR-07,M,41,farming,10,8.1,TRUE,1
BW512614,BR-13,F,57,tailoring,2,10.1,True,2
BW512615,BR-02,F,30,retail shop,2,1.0,TRUE,0
BW512616,BR-20,F,53,food vending,5,2.0,0,2
BW512617,BR-23,F,20,poultry,3,5.3,False,0
BW512618,BR-05,F,40,petty trade,9,5.7,True,2
BW512619,BR-04,M,49,hairdressing,12,2.3,0,1
BW512620,BR-19,M,33,teaching,9,2.8,0,3
BW512621,BR-07,F,22,hairdressing,4,4.1,True,0
BW512622,BR-20,F,31,carpentry,9,3.4,FALSE,1
BW512623,BR-04,F,26,poultry,10,1.3,1,1
BW512624,BR-17,M,45,phone repair,5,1.6,no,9
BW512625,BR-08,F,57,carpentry,2,0.7,TRUE,0
BW512626,BR-17,M,61,carpentry,2,2.2,yes,0
BW512627,BR-21,M,25,retail shop,4,6.1,no,4
BW512628,BR-09,F,53,farming,8,9.6,yes,9
BW512629,BR-08,M,34,farming,1,6.1,True,0
BW512630,BR-10,F,63,transport,10,5.9,False,1
BW512631,BR-20,F,51,transport,3,4.0,1,9
BW512632,BR-15,F,31,transport,2,5.5,True,1
BW512633,BR-06,F,26,farming,9,2.0,TRUE,6
BW512634,BR-16,F,27,petty trade,3,10.2,TRUE,3
BW512635,BR-09,M,34,retail shop,4,4.8,FALSE,1
BW512636,BR-06,M,61,retail shop,1,3.4,no,2
BW512637,BR-11,F,39,teaching,2,5.5,1,9
BW512638,BR-09,F,30,food vending,6,9.2,1,0
BW512639,BR-06,F,31,phone repair,8,5.8,True,0
BW512640,BR-16,F,34,masonry,3,3.1,FALSE,0
BW512641,BR-01,F,41,hairdressing,1,11.9,FALSE,6
BW512642,BR-02,M,57,poultry,5,12.2,no,6
BW512643,BR-19,M,22,teaching,6,9.6,True,6
BW512644,BR-16,F,24,retail shop,2,7.1,True,0
BW512645,BR-23,F,21,retail shop,11,4.4,TRUE,0
BW512646,BR-12,F,36,carpentry,6,3.4,1,3
BW512647,BR-12,F,43,food vending,1,6.2,yes,0
BW512648,BR-15,M,55,masonry,9,0.8,1,1
BW512649,BR-16,F,19,teaching,8,6.6,1,2
BW512650,BR-10,F,51,masonry,9,5.5,TRUE,0
BW512651,BR-06,M,20,carpentry,12,8.5,False,1
BW512652,BR-20,F,55,tailoring,10,8.4,TRUE,1
BW512653,BR-18,M,37,hairdressing,10,2.5,True,1
BW512654,BR-14,F,40,teaching,12,0.9,no,0
BW512655,BR-13,F,51,hairdressing,7,2.8,0,1
BW512656,BR-24,M,28,phone repair,9,7.7,yes,0
BW512657,BR-14,F,52,hairdressing,8,4.3,False,0
BW512658,BR-21,M,39,masonry,11,9.1,TRUE,6
BW512659,BR-15,F,52,poultry,3,11.5,no,0
BW512660,BR-03,M,52,food vending,6,3.3,TRUE,3
BW512661,BR-10,M,44,transport,7,5.4,FALSE,1
BW512662,BR-03,M,51,retail shop,11,2.2,True,6
BW512663,BR-24,M,29,transport,9,10.9,1,0
BW512664,BR-02,F,25,hairdressing,1,1.5,TRUE,3
BW512665,BR-15,M,56,transport,7,5.4,FALSE,0
BW512666,BR-20,M,37,phone repair,10,1.8,yes,3
BW512667,BR-19,F,37,hairdressing,2,5.0,1,0
BW512668,BR-01,M,42,food vending,5,8.7,True,1
BW512669,BR-17,M,45,hairdressing,2,5.1,0,0
BW512670,BR-08,F,40,phone repair,12,11.8,False,2
BW512671,BR-02,M,28,farming,6,0.2,TRUE,0
BW512672,BR-01,F,22,carpentry,12,5.5,FALSE,2
BW512673,BR-13,F,30,retail shop,8,0.5,no,2
BW512674,BR-09,F,29,retail shop,10,6.8,True,1
BW512675,BR-05,F,32,tailoring,9,4.8,0,0
BW512676,BR-14,F,21,teaching,7,1.1,TRUE,2
BW512677,BR-03,M,47,petty trade,1,2.7,1,0
BW512678,BR-07,M,37,teaching,9,7.5,True,2
BW512679,BR-04,F,64,poultry,2,1.2,True,0
BW512680,BR-19,F,46,teaching,12,8.2,TRUE,2
BW512681,BR-16,F,57,masonry,12,4.1,False,9
BW512682,BR-10,F,40,farming,10,2.1,yes,4
BW512683,BR-13,F,36,food vending,10,2.0,no,0
BW512684,BR-13,F,33,retail shop,11,10.6,1,1
BW512685,BR-13,F,23,transport,10,2.6,FALSE,0
BW512686,BR-24,F,47,masonry,11,2.7,FALSE,1
BW512687,BR-10,F,25,teaching,9,5.9,TRUE,1
BW512688,BR-04,M,20,carpentry,5,3.5,FALSE,0
BW512689,BR-20,F,35,retail shop,12,4.2,True,2
BW512690,BR-19,F,30,teaching,9,2.5,yes,9
BW512691,BR-11,M,48,petty trade,7,1.6,TRUE,4
BW512692,BR-06,F,19,retail shop,2,7.3,0,1
BW512693,BR-12,F,31,carpentry,3,2.7,TRUE,1
BW512694,BR-20,M,36,hairdressing,11,5.0,FALSE,0
BW512695,BR-16,F,33,tailoring,3,5.5,False,4
BW512696,BR-16,M,50,food vending,9,2.6,TRUE,9
BW512697,BR-11,F,19,retail shop,10,8.9,False,3
BW512698,BR-04,M,24,transport,11,2.6,1,1
BW512699,BR-06,F,58,carpentry,9,5.1,yes,3
BW512700,BR-16,M,40,farming,2,6.3,yes,1
BW512701,BR-16,M,64,poultry,6,10.0,1,6
BW512702,BR-07,F,60,food vending,5,4.3,no,2
BW512703,BR-22,M,44,petty trade,5,2.7,1,1
BW512704,BR-07,F,34,food vending,11,0.6,0,6
BW512705,BR-11,F,42,petty trade,9,9.1,TRUE,4
BW512706,BR-09,F,41,food vending,5,2.6,yes,2
BW512707,BR-11,F,51,transport,1,2.7,False,6
BW512708,BR-13,F,28,farming,4,6.2,0,4
BW512709,BR-03,F,19,carpentry,1,3.6,True,4
BW512710,BR-13,M,45,food vending,4,2.3,1,1
BW512711,BR-12,F,43,carpentry,1,1.8,TRUE,1
BW512712,BR-19,F,35,hairdressing,4,6.1,FALSE,0
BW512713,BR-07,M,55,retail shop,4,6.0,yes,1
BW512714,BR-15,M,51,transport,7,7.4,1,1
BW512715,BR-08,F,36,hairdressing,4,13.3,TRUE,0
BW512716,BR-23,M,33,carpentry,5,5.4,TRUE,1
BW512717,BR-21,M,29,farming,4,8.1,0,1
BW512718,BR-22,F,56,petty trade,1,6.4,yes,9
BW512719,BR-18,M,24,transport,2,2.8,True,1
BW512720,BR-10,M,22,tailoring,5,3.9,False,1
BW512721,BR-14,F,38,teaching,4,7.7,yes,4
BW512722,BR-05,F,53,phone repair,5,7.7,False,1
BW512723,BR-12,F,60,farming,3,2.7,False,3
BW512724,BR-20,F,20,transport,12,6.2,FALSE,3
BW512725,BR-01,M,26,farming,6,3.7,FALSE,2
BW512726,BR-18,F,56,transport,8,9.0,True,9
BW512727,BR-15,M,26,poultry,1,12.7,no,1
BW512728,BR-04,F,30,transport,11,5.7,no,2
BW512729,BR-05,M,59,transport,8,4.4,0,9
BW512730,BR-13,M,53,teaching,6,12.0,no,0
BW512731,BR-20,F,20,phone repair,4,4.5,0,0
BW512732,BR-18,M,49,masonry,12,2.6,1,3
BW512733,BR-14,M,64,masonry,6,8.5,1,0
BW512734,BR-13,M,39,phone repair,11,2.9,1,1
BW512735,BR-03,M,26,petty trade,2,1.9,1,1
BW512736,BR-13,M,57,teaching,5,6.2,FALSE,3
BW512737,BR-19,M,35,petty trade,11,10.7,yes,2
BW512738,BR-01,F,55,phone repair,8,3.3,no,9
BW512739,BR-16,F,47,food vending,11,7.5,no,3
BW512740,BR-15,M,34,phone repair,10,7.8,False,2
BW512741,BR-11,M,62,food vending,12,0.5,0,2
BW512742,BR-11,F,38,food vending,1,4.3,False,1
BW512743,BR-11,F,61,phone repair,10,1.8,FALSE,6
BW512744,BR-16,M,63,poultry,11,6.2,False,4
BW512745,BR-17,M,40,petty trade,7,2.0,no,1
BW512746,BR-13,F,62,carpentry,1,4.8,1,1
BW512747,BR-10,F,19,petty trade,8,1.2,0,9
BW512748,BR-21,F,37,teaching,7,14.4,0,4
BW512749,BR-24,F,60,retail shop,11,1.7,1,3
BW512750,BR-12,F,48,hairdressing,5,10.8,1,1
BW512751,BR-16,F,19,carpentry,2,2.3,yes,2
BW512752,BR-09,F,56,petty trade,8,4.5,yes,0
BW512753,BR-12,F,49,carpentry,12,10.2,yes,1
BW512754,BR-06,M,37,hairdressing,1,13.6,True,6
BW512755,BR-06,F,36,petty trade,4,3.6,FALSE,1
BW512756,BR-23,F,56,petty trade,10,10.9,FALSE,3
BW512757,BR-07,F,45,masonry,6,6.6,False,1
BW512758,BR-18,F,31,hairdressing,7,10.0,yes,9
BW512759,BR-22,F,63,teaching,12,8.2,1,1
BW512760,BR-15,F,64,carpentry,5,8.5,TRUE,9
BW512761,BR-24,M,56,carpentry,4,0.2,False,9
BW512762,BR-01,F,22,poultry,7,7.8,TRUE,9
BW512763,BR-13,M,24,retail shop,6,2.0,FALSE,4
BW512764,BR-21,F,46,phone repair,10,5.7,no,9
BW512765,BR-20,F,64,phone repair,11,9.8,False,4
BW512766,BR-13,F,60,poultry,9,7.3,FALSE,1
BW512767,BR-02,M,34,transport,2,13.0,0,0
BW512768,BR-21,M,49,retail shop,9,3.2,FALSE,4
BW512769,BR-02,F,54,transport,1,5.4,yes,6
BW512770,BR-24,M,55,transport,9,8.7,1,2
BW512771,BR-17,F,60,retail shop,2,1.3,0,0
BW512772,BR-21,F,37,hairdressing,2,1.0,True,9
BW512773,BR-15,F,33,carpentry,10,5.3,TRUE,1
BW512774,BR-09,M,52,phone repair,10,12.9,TRUE,4
BW512775,BR-13,M,35,teaching,11,7.8,FALSE,1
BW512776,BR-18,F,48,phone repair,12,10.1,0,2
BW512777,BR-16,F,63,poultry,1,8.5,True,1
BW512778,BR-14,F,40,transport,10,4.2,FALSE,9
BW512779,BR-12,M,60,retail shop,12,10.3,no,1
BW512780,BR-24,F,47,hairdressing,11,2.5,no,3
BW512781,BR-05,F,46,poultry,7,4.2,1,0
BW512782,BR-23,M,57,retail shop,4,4.2,False,0
BW512783,BR-20,F,19,masonry,11,4.8,1,9
BW512784,BR-21,F,37,tailoring,4,13.3,no,6
BW512785,BR-18,F,60,carpentry,7,7.1,1,1
BW512786,BR-01,F,27,carpentry,2,15.9,0,3
BW512787,BR-21,F,59,petty trade,3,1.4,True,4
BW512788,BR-05,F,33,petty trade,3,4.5,no,3
BW512789,BR-20,F,64,retail shop,7,1.4,yes,0
BW512790,BR-19,M,47,food vending,9,0.3,True,0
BW512791,BR-08,M,25,carpentry,3,0.9,0,4
BW512792,BR-24,F,62,masonry,5,4.6,no,1
BW512793,BR-06,F,48,hairdressing,11,2.9,False,1
BW512794,BR-14,F,60,farming,3,13.8,1,0
BW512795,BR-16,F,37,farming,11,6.9,False,0
BW512796,BR-24,M,60,carpentry,5,4.8,no,1
BW512797,BR-14,F,34,retail shop,3,2.2,FALSE,1
BW512798,BR-05,M,37,carpentry,7,2.4,0,6
BW512799,BR-17,F,37,hairdressing,1,7.0,yes,9
BW512800,BR-18,M,46,retail shop,4,0.9,no,6
BW512801,BR-04,F,41,petty trade,4,6.6,0,0
BW512802,BR-17,M,41,petty trade,11,4.5,True,2
BW512803,BR-05,F,31,tailoring,9,2.3,0,2
BW512804,BR-23,M,56,retail shop,8,2.0,TRUE,6
BW512805,BR-16,F,61,carpentry,10,5.7,1,1
BW512806,BR-21,M,40,poultry,9,1.2,False,6
BW512807,BR-15,F,57,poultry,5,3.7,no,4
BW512808,BR-18,F,50,masonry,2,8.3,no,1
BW512809,BR-13,F,39,masonry,12,2.1,yes,1
BW512810,BR-10,M,45,masonry,8,10.7,TRUE,0
BW512811,BR-17,M,49,masonry,12,1.0,TRUE,9
BW512812,BR-17,F,41,hairdressing,10,5.6,1,0
BW512813,BR-12,F,29,masonry,12,6.3,False,0
BW512814,BR-16,F,58,petty trade,8,5.2,FALSE,3
BW512815,BR-06,M,52,petty trade,1,5.3,no,0
BW512816,BR-12,F,52,masonry,9,8.5,False,3
BW512817,BR-12,M,34,tailoring,12,1.5,yes,6
BW512818,BR-03,F,21,food vending,3,4.3,True,1
BW512819,BR-08,M,36,teaching,12,7.3,0,1
BW512820,BR-20,F,36,farming,7,10.5,no,2
BW512821,BR-03,F,61,transport,7,2.9,yes,1
BW512822,BR-04,F,28,tailoring,11,8.6,False,1
BW512823,BR-02,F,58,poultry,11,1.8,yes,1
BW512824,BR-02,F,61,phone repair,8,5.6,0,3
BW512825,BR-21,F,52,poultry,10,2.1,TRUE,0
BW512826,BR-14,F,57,poultry,5,1.3,yes,9
BW512827,BR-04,F,30,retail shop,12,4.3,no,6
BW512828,BR-15,M,60,food vending,10,7.6,no,9
BW512829,BR-07,F,48,phone repair,11,6.5,FALSE,9
BW512830,BR-13,M,57,carpentry,7,8.1,True,0
BW512831,BR-09,F,25,hairdressing,12,4.3,TRUE,1
BW512832,BR-05,F,63,retail shop,2,2.0,0,4
BW512833,BR-13,M,22,petty trade,11,7.6,TRUE,9
BW512834,BR-16,M,22,carpentry,7,9.4,FALSE,1
BW512835,BR-11,M,20,retail shop,4,11.8,True,2
BW512836,BR-18,M,21,tailoring,5,4.8,0,9
BW512837,BR-13,M,42,hairdressing,5,3.4,True,4
BW512838,BR-11,F,35,carpentry,11,0.9,FALSE,1
BW512839,BR-17,M,59,food vending,6,5.7,no,0
BW512840,BR-09,F,29,retail shop,3,5.8,FALSE,0
BW512841,BR-08,F,23,tailoring,6,3.6,TRUE,0
BW512842,BR-20,F,25,tailoring,7,0.3,TRUE,1
BW512843,BR-13,F,31,hairdressing,9,0.3,FALSE,0
BW512844,BR-07,F,64,tailoring,4,5.6,1,0
BW512845,BR-08,F,64,food vending,3,0.7,False,1
BW512846,BR-19,F,58,retail shop,4,4.1,0,1
BW512847,BR-08,F,59,petty trade,4,11.5,1,0
BW512848,BR-01,F,41,food vending,7,0.5,0,0
BW512849,BR-07,F,40,poultry,1,2.5,1,2
BW512850,BR-21,M,44,petty trade,3,6.5,False,3
BW512851,BR-03,M,62,phone repair,2,6.7,FALSE,4
BW512852,BR-13,M,53,retail shop,10,2.6,0,4
BW512853,BR-23,F,30,transport,7,9.7,FALSE,9
BW512854,BR-06,M,55,tailoring,4,4.3,1,4
BW512855,BR-01,F,60,farming,4,2.1,True,6
BW512856,BR-23,F,25,farming,12,0.6,no,0
BW512857,BR-13,F,25,masonry,1,8.3,FALSE,4
BW512858,BR-03,M,21,tailoring,3,8.7,FALSE,6
BW512859,BR-12,M,47,tailoring,8,3.5,no,4
BW512860,BR-21,M,62,petty trade,8,1.7,TRUE,2
BW512861,BR-15,M,64,carpentry,11,3.3,False,2
BW512862,BR-21,M,49,teaching,5,10.3,no,0
BW512863,BR-06,F,40,poultry,11,6.4,TRUE,3
BW512864,BR-23,M,37,teaching,6,6.0,yes,1
BW512865,BR-10,M,53,masonry,1,12.0,1,3
BW512866,BR-19,F,35,retail shop,10,4.6,TRUE,1
BW512867,BR-11,F,37,teaching,9,0.6,TRUE,0
BW512868,BR-05,F,46,food vending,6,2.2,False,3
BW512869,BR-07,F,40,teaching,3,6.6,no,1
BW512870,BR-17,M,26,poultry,3,2.4,False,4
BW512871,BR-24,M,19,phone repair,9,5.5,TRUE,4
BW512872,BR-15,F,50,farming,10,7.8,1,1
BW512873,BR-11,F,25,phone repair,2,4.6,no,1
BW512874,BR-08,F,37,phone repair,7,7.5,no,4
BW512875,BR-04,F,21,poultry,7,2.1,TRUE,0
BW512876,BR-01,M,19,retail shop,4,5.4,1,0
BW512877,BR-09,M,28,transport,10,7.8,TRUE,2
BW512878,BR-10,F,38,carpentry,11,12.5,False,1
BW512879,BR-11,M,36,masonry,10,7.6,1,9
BW512880,BR-06,F,33,poultry,11,9.1,1,3
BW512881,BR-10,F,46,phone repair,1,3.1,False,1
BW512882,BR-17,F,48,phone repair,5,1.7,1,1
BW512883,BR-05,F,28,teaching,9,6.7,1,1
BW512884,BR-01,M,43,masonry,6,6.5,False,1
BW512885,BR-11,M,35,petty trade,9,8.1,FALSE,0
BW512886,BR-19,F,60,tailoring,10,9.5,1,1
BW512887,BR-21,F,47,carpentry,10,5.7,0,3
BW512888,BR-20,F,53,teaching,10,1.3,0,9
BW512889,BR-17,M,22,retail shop,1,6.0,0,6
BW512890,BR-07,F,48,phone repair,7,6.2,FALSE,0
BW512891,BR-04,F,56,hairdressing,7,9.3,False,2
BW512892,BR-15,F,41,tailoring,2,8.6,False,0
BW512893,BR-08,F,61,transport,10,2.3,yes,2
BW512894,BR-07,F,26,hairdressing,8,5.9,yes,4
BW512895,BR-13,M,58,masonry,1,6.5,False,6
BW512896,BR-18,M,48,tailoring,4,13.0,False,3
BW512897,BR-02,F,19,food vending,8,5.5,True,3
BW512898,BR-07,M,62,poultry,10,6.6,FALSE,2
BW512899,BR-20,F,34,tailoring,6,7.1,1,4
BW512900,BR-21,F,26,transport,11,7.7,FALSE,1
BW512901,BR-12,M,59,hairdressing,10,5.6,False,4
BW512902,BR-18,F,49,farming,11,1.8,True,6
BW512903,BR-06,F,26,carpentry,2,5.2,0,6
BW512904,BR-01,M,53,farming,7,2.3,False,2
BW512905,BR-20,F,23,poultry,5,1.8,1,1
BW512906,BR-03,F,23,hairdressing,6,9.7,yes,9
BW512907,BR-22,M,23,petty trade,6,6.8,yes,1
BW512908,BR-06,F,48,teaching,3,9.9,1,2
BW512909,BR-24,F,63,petty trade,5,8.3,1,0
BW512910,BR-11,F,49,tailoring,5,5.2,no,3
BW512911,BR-08,M,59,phone repair,8,7.7,FALSE,0
BW512912,BR-16,F,43,petty trade,10,10.0,0,1
BW512913,BR-15,M,52,farming,4,6.6,no,1
BW512914,BR-24,F,20,food vending,10,2.0,False,0
BW512915,BR-13,F,28,tailoring,9,5.4,TRUE,6
BW512916,BR-03,F,52,food vending,4,11.5,True,3
BW512917,BR-23,F,46,retail shop,8,2.2,True,3
BW512918,BR-15,M,44,phone repair,10,1.0,yes,3
BW512919,BR-23,M,48,carpentry,10,2.6,0,4
BW512920,BR-21,F,64,tailoring,4,8.8,FALSE,6
BW512921,BR-20,F,48,retail shop,8,12.0,FALSE,9
BW512922,BR-02,M,46,phone repair,4,4.7,yes,2
BW512923,BR-05,M,62,hairdressing,2,4.7,True,1
BW512924,BR-23,F,60,tailoring,9,10.8,no,2
BW512925,BR-10,F,46,farming,4,6.2,False,3
BW512926,BR-12,M,19,poultry,11,9.1,True,6
BW512927,BR-22,F,45,farming,8,7.8,True,3
BW512928,BR-08,F,37,petty trade,11,5.8,True,2
BW512929,BR-12,F,29,phone repair,2,0.3,no,0
BW512930,BR-11,F,31,masonry,9,1.4,FALSE,9
BW512931,BR-13,F,55,hairdressing,11,2.4,1,6
BW512932,BR-08,M,29,petty trade,12,6.8,yes,3
BW512933,BR-16,M,22,masonry,2,3.2,FALSE,1
BW512934,BR-01,M,44,carpentry,11,4.3,0,1
BW512935,BR-08,F,56,hairdressing,2,4.0,0,1
BW512936,BR-17,F,45,retail shop,1,2.0,True,3
BW512937,BR-09,M,62,petty trade,6,3.6,0,1
BW512938,BR-17,M,62,poultry,1,7.6,FALSE,4
BW512939,BR-05,F,48,retail shop,11,12.0,FALSE,0
BW512940,BR-22,F,58,transport,4,4.7,1,0
BW512941,BR-22,M,45,transport,10,8.5,TRUE,1
BW512942,BR-13,F,30,teaching,10,7.0,yes,1
BW512943,BR-19,M,25,food vending,11,8.6,True,9
BW512944,BR-17,F,64,masonry,1,4.7,1,6
BW512945,BR-17,F,45,farming,7,8.3,True,1
BW512946,BR-11,F,45,carpentry,3,11.2,yes,0
BW512947,BR-08,F,58,carpentry,12,6.9,True,4
BW512948,BR-23,M,31,phone repair,4,8.4,yes,0
BW512949,BR-11,M,64,poultry,7,3.2,no,4
BW512950,BR-12,F,53,retail shop,12,7.5,TRUE,1
BW512951,BR-13,F,29,teaching,7,4.1,TRUE,3
BW512952,BR-14,M,58,poultry,11,7.4,0,2
BW512953,BR-23,F,37,food vending,10,10.1,0,1
BW512954,BR-07,F,31,masonry,5,2.6,FALSE,9
BW512955,BR-16,F,51,teaching,5,10.7,FALSE,2
BW512956,BR-06,M,31,carpentry,1,5.0,no,3
BW512957,BR-12,M,26,carpentry,2,7.6,0,6
BW512958,BR-01,M,37,farming,3,9.4,False,0
BW512959,BR-20,F,36,teaching,12,5.2,0,1
BW512960,BR-13,F,64,carpentry,3,2.7,False,0
BW512961,BR-17,M,44,food vending,11,1.9,no,3
BW512962,BR-20,F,34,phone repair,11,14.4,TRUE,3
BW512963,BR-16,F,29,transport,1,3.2,1,1
BW512964,BR-13,F,39,teaching,1,3.3,TRUE,1
BW512965,BR-08,M,35,teaching,9,0.9,True,1
BW512966,BR-19,M,30,transport,4,4.2,False,2
BW512967,BR-23,F,36,retail shop,5,5.2,1,3
BW512968,BR-13,F,59,masonry,7,9.6,False,4
BW512969,BR-15,M,32,petty trade,8,2.0,False,6
BW512970,BR-05,M,53,hairdressing,2,0.2,yes,0
BW512971,BR-09,M,52,tailoring,12,2.5,yes,6
BW512972,BR-23,M,26,petty trade,6,4.2,False,0
BW512973,BR-12,M,59,food vending,11,11.8,1,3
BW512974,BR-09,M,38,petty trade,10,0.8,yes,6
BW512975,BR-12,M,44,farming,8,7.3,True,3
BW512976,BR-05,F,29,phone repair,12,5.6,TRUE,9
BW512977,BR-20,M,40,transport,1,4.5,no,2
BW512978,BR-10,M,43,petty trade,9,7.9,yes,9
BW512979,BR-22,M,50,farming,7,3.0,yes,2
BW512980,BR-12,F,62,hairdressing,11,2.5,0,4
BW512981,BR-01,M,29,poultry,3,3.2,0,4
BW512982,BR-23,M,33,poultry,2,9.9,False,4
BW512983,BR-20,F,27,carpentry,3,8.2,0,3
BW512984,BR-10,F,34,farming,4,0.8,False,1
BW512985,BR-16,M,61,farming,1,5.8,TRUE,1
BW512986,BR-02,F,52,tailoring,7,7.0,1,1
BW512987,BR-18,M,29,food vending,8,7.3,0,0
BW512988,BR-17,F,50,tailoring,3,1.4,1,0
BW512989,BR-20,F,29,teaching,7,5.1,1,0
BW512990,BR-07,F,46,hairdressing,5,11.5,True,0
BW512991,BR-03,F,59,petty trade,2,2.2,False,1
BW512992,BR-14,F,25,carpentry,4,7.2,FALSE,0
BW512993,BR-20,F,21,phone repair,2,1.6,yes,2
BW512994,BR-05,F,63,petty trade,6,4.5,False,4
BW512995,BR-20,F,51,food vending,9,1.4,TRUE,1
BW512996,BR-19,F,41,masonry,2,0.7,0,4
BW512997,BR-12,F,27,phone repair,1,2.1,yes,1
BW512998,BR-03,M,39,teaching,10,1.6,True,3
BW512999,BR-15,M,37,teaching,8,0.8,0,1
BW513000,BR-20,F,38,poultry,2,7.0,False,0
BW513001,BR-20,F,31,transport,10,7.9,no,6
BW513002,BR-13,M,38,carpentry,3,5.1,1,6
BW513003,BR-23,F,19,petty trade,8,14.9,0,0
BW513004,BR-03,F,30,poultry,1,6.9,FALSE,9
BW513005,BR-12,F,43,carpentry,7,1.6,1,9
BW513006,BR-14,M,39,hairdressing,8,12.3,False,0
BW513007,BR-21,F,22,petty trade,4,11.6,yes,9
BW513008,BR-04,F,20,transport,5,2.6,yes,1
BW513009,BR-21,F,30,carpentry,7,8.7,TRUE,1
BW513010,BR-11,F,47,retail shop,6,6.8,yes,4
BW513011,BR-20,F,19,tailoring,10,3.2,False,9
BW513012,BR-23,F,59,petty trade,6,4.5,FALSE,6
BW513013,BR-12,F,28,farming,6,4.7,yes,1
BW513014,BR-13,F,20,retail shop,9,6.7,1,3
BW513015,BR-07,M,41,petty trade,2,7.9,1,0
BW513016,BR-12,F,58,food vending,7,7.9,1,0
BW513017,BR-04,F,56,poultry,11,6.7,True,6
BW513018,BR-03,F,37,teaching,10,8.6,FALSE,1
BW513019,BR-09,F,20,petty trade,6,2.0,1,2
BW513020,BR-05,F,34,teaching,6,18.2,no,3
BW513021,BR-21,M,38,teaching,2,7.4,yes,1
BW513022,BR-09,M,52,masonry,4,3.8,True,0
BW513023,BR-14,F,44,food vending,3,3.5,False,1
BW513024,BR-12,M,37,food vending,2,5.5,yes,1
BW513025,BR-08,M,33,masonry,12,5.0,no,0
BW513026,BR-02,F,38,poultry,2,4.2,1,3
BW513027,BR-19,F,32,teaching,6,2.5,TRUE,1
BW513028,BR-08,F,62,poultry,2,1.4,yes,6
BW513029,BR-14,M,42,tailoring,10,7.8,1,2
BW513030,BR-14,F,22,teaching,12,0.3,no,3
BW513031,BR-08,F,21,poultry,6,4.8,TRUE,2
BW513032,BR-13,F,50,transport,9,6.8,1,1
BW513033,BR-16,M,30,petty trade,10,5.8,FALSE,4
BW513034,BR-03,F,52,teaching,1,9.6,FALSE,9
BW513035,BR-12,M,19,petty trade,2,11.1,no,1
BW513036,BR-09,M,22,petty trade,5,0.7,yes,6
BW513037,BR-04,M,34,tailoring,4,6.3,0,1
BW513038,BR-11,M,58,tailoring,12,1.2,False,2
BW513039,BR-15,M,63,transport,4,1.3,1,6
BW513040,BR-06,M,50,transport,4,4.2,FALSE,9
BW513041,BR-06,F,38,tailoring,8,0.8,no,3
BW513042,BR-16,F,32,hairdressing,2,0.4,yes,3
BW513043,BR-10,F,29,carpentry,9,1.4,FALSE,6
BW513044,BR-04,F,38,petty trade,3,9.3,FALSE,0
BW513045,BR-17,F,57,hairdressing,4,3.3,True,3
BW513046,BR-08,M,56,masonry,5,5.3,yes,9
BW513047,BR-09,M,40,poultry,8,8.8,0,1
BW513048,BR-24,F,36,phone repair,10,11.9,FALSE,9
BW513049,BR-24,F,50,carpentry,10,7.7,0,1
BW513050,BR-08,F,24,teaching,10,3.3,1,1
BW513051,BR-10,M,38,poultry,2,5.4,yes,6
BW513052,BR-13,F,64,teaching,10,2.9,FALSE,0
BW513053,BR-16,M,61,tailoring,10,10.4,True,9
BW513054,BR-19,F,47,farming,7,0.4,TRUE,3
BW513055,BR-07,M,24,poultry,7,9.1,FALSE,1
BW513056,BR-24,M,54,petty trade,4,4.1,yes,6
BW513057,BR-20,F,23,farming,9,9.1,yes,2
BW513058,BR-10,F,42,retail shop,11,13.6,no,9
BW513059,BR-07,F,24,food vending,4,12.7,0,4
BW513060,BR-20,F,49,hairdressing,2,8.6,False,2
BW513061,BR-11,F,55,retail shop,5,0.2,no,2
BW513062,BR-07,M,57,teaching,8,0.6,yes,1
BW513063,BR-19,F,38,hairdressing,8,5.2,TRUE,1
BW513064,BR-15,F,44,teaching,2,7.9,FALSE,1
BW513065,BR-12,F,42,food vending,3,7.2,no,3
BW513066,BR-16,F,22,hairdressing,5,6.5,yes,0
BW513067,BR-08,M,27,food vending,7,3.2,TRUE,0
BW513068,BR-13,F,59,hairdressing,5,0.6,False,2
BW513069,BR-19,F,22,transport,3,5.4,TRUE,0
BW513070,BR-12,F,20,poultry,1,6.9,1,1
BW513071,BR-03,F,42,retail shop,2,4.7,1,1
BW513072,BR-24,F,64,petty trade,10,12.4,FALSE,4
BW513073,BR-14,M,39,poultry,12,9.1,0,2
BW513074,BR-10,F,44,farming,8,2.9,TRUE,6
BW513075,BR-02,M,31,poultry,12,9.5,FALSE,1
BW513076,BR-02,M,33,poultry,11,3.9,0,9
BW513077,BR-24,F,20,farming,9,2.0,FALSE,0
BW513078,BR-24,F,47,farming,2,6.0,no,1
BW513079,BR-20,F,46,tailoring,12,2.8,FALSE,3
BW513080,BR-22,F,33,phone repair,3,2.5,FALSE,1
BW513081,BR-13,F,49,carpentry,2,0.6,no,0
BW513082,BR-13,M,52,phone repair,8,1.5,FALSE,1
BW513083,BR-18,M,29,farming,11,3.0,no,1
BW513084,BR-23,M,62,carpentry,11,1.8,1,3
BW513085,BR-10,M,36,retail shop,12,4.3,True,9
BW513086,BR-20,F,46,farming,8,5.3,1,6
BW513087,BR-13,F,48,retail shop,5,2.5,0,0
BW513088,BR-24,F,42,phone repair,12,1.3,FALSE,0
BW513089,BR-23,F,30,farming,11,0.6,0,0
BW513090,BR-07,F,26,food vending,2,1.8,False,0
BW513091,BR-07,F,27,carpentry,2,3.6,0,9
BW513092,BR-08,F,61,petty trade,6,3.2,FALSE,9
BW513093,BR-04,M,30,retail shop,10,5.2,FALSE,6
BW513094,BR-23,F,20,farming,12,8.9,FALSE,1
BW513095,BR-05,F,42,petty trade,9,4.8,0,4
BW513096,BR-12,M,29,hairdressing,12,2.8,True,6
BW513097,BR-20,F,44,phone repair,4,6.9,0,1
BW513098,BR-16,M,44,phone repair,8,3.5,no,4
BW513099,BR-03,F,28,retail shop,9,5.0,False,3
BW513100,BR-18,M,59,masonry,5,8.4,no,9
BW513101,BR-19,F,34,transport,9,13.1,FALSE,3
BW513102,BR-09,F,47,retail shop,7,7.3,no,6
BW513103,BR-14,F,29,tailoring,12,4.8,False,0
BW513104,BR-05,M,40,food vending,6,4.8,1,1
BW513105,BR-13,M,29,teaching,10,4.8,yes,9
BW513106,BR-13,M,62,hairdressing,1,4.1,no,1
BW513107,BR-16,M,27,poultry,12,4.3,FALSE,1
BW513108,BR-04,M,38,retail shop,12,0.9,False,2
BW513109,BR-05,F,35,tailoring,7,1.3,True,9
BW513110,BR-22,F,21,transport,12,4.3,FALSE,0
BW513111,BR-02,M,53,farming,6,2.0,1,1
BW513112,BR-09,F,60,masonry,8,5.2,yes,2
BW513113,BR-10,F,55,retail shop,3,6.5,1,3
BW513114,BR-18,M,35,petty trade,7,11.9,True,9
BW513115,BR-04,M,47,hairdressing,11,1.0,0,9
BW513116,BR-13,M,46,poultry,12,8.1,FALSE,0
BW513117,BR-09,F,57,petty trade,2,0.8,yes,0
BW513118,BR-23,F,35,carpentry,2,6.9,no,1
BW513119,BR-17,M,37,food vending,2,5.6,yes,1
BW513120,BR-04,M,23,retail shop,5,8.5,1,6
BW513121,BR-01,F,40,food vending,5,4.5,1,3
BW513122,BR-21,F,37,teaching,6,10.4,TRUE,3
BW513123,BR-15,M,32,phone repair,5,2.1,FALSE,1
BW513124,BR-24,F,42,masonry,2,5.7,False,4
BW513125,BR-03,M,63,teaching,3,5.2,yes,3
BW513126,BR-24,F,35,transport,10,1.8,TRUE,9
BW513127,BR-13,F,21,poultry,4,11.6,0,4
BW513128,BR-07,F,24,masonry,2,5.2,True,9
BW513129,BR-19,F,36,farming,12,7.6,0,1
BW513130,BR-14,F,21,tailoring,2,2.1,FALSE,0
BW513131,BR-12,F,23,hairdressing,8,4.0,yes,1
BW513132,BR-02,F,45,food vending,1,9.8,True,6
BW513133,BR-11,F,26,hairdressing,9,4.4,0,2
BW513134,BR-23,M,49,tailoring,7,8.5,yes,1
BW513135,BR-16,M,63,tailoring,8,3.4,False,0
BW513136,BR-09,F,57,tailoring,2,7.0,yes,3
BW513137,BR-24,M,28,food vending,8,2.0,0,0
BW513138,BR-02,F,23,hairdressing,11,9.9,FALSE,1
BW513139,BR-10,F,36,hairdressing,11,5.4,1,9
BW513140,BR-02,M,59,tailoring,8,12.2,1,3
BW513141,BR-14,F,46,masonry,10,7.6,0,2
BW513142,BR-15,M,55,petty trade,10,2.5,no,0
BW513143,BR-21,M,38,poultry,3,8.5,TRUE,4
BW513144,BR-06,F,39,transport,9,7.1,True,2
BW513145,BR-22,F,56,retail shop,1,6.1,no,6
BW513146,BR-13,F,64,petty trade,3,14.6,True,4
BW513147,BR-14,F,21,retail shop,11,9.8,yes,0
BW513148,BR-19,F,42,carpentry,4,2.1,False,1
BW513149,BR-15,M,19,retail shop,3,11.1,no,1
BW513150,BR-02,F,27,poultry,6,5.5,FALSE,0
BW513151,BR-07,M,28,masonry,12,5.8,False,0
BW513152,BR-15,F,25,teaching,5,11.8,no,1
BW513153,BR-19,F,30,carpentry,1,2.6,False,3
BW513154,BR-07,M,43,phone repair,9,8.0,FALSE,0
BW513155,BR-10,F,57,transport,10,2.4,False,1
BW513156,BR-11,M,21,tailoring,4,5.0,1,3
BW513157,BR-09,F,39,tailoring,7,8.0,FALSE,1
BW513158,BR-15,M,53,hairdressing,5,1.2,True,9
BW513159,BR-11,F,62,carpentry,8,7.3,FALSE,0
BW513160,BR-15,M,30,transport,6,5.5,False,1
BW513161,BR-18,F,40,farming,3,0.9,False,6
BW513162,BR-05,F,19,petty trade,10,13.1,0,1
BW513163,BR-07,M,42,food vending,5,3.6,yes,9
BW513164,BR-22,M,40,teaching,6,4.1,no,1
BW513165,BR-10,F,40,carpentry,11,11.4,TRUE,1
BW513166,BR-02,F,37,farming,2,2.5,no,4
BW513167,BR-13,F,60,masonry,9,2.8,0,9
BW513168,BR-07,F,56,food vending,9,9.0,0,9
BW513169,BR-24,F,40,phone repair,1,6.4,TRUE,3
BW513170,BR-21,F,25,teaching,2,0.7,FALSE,3
BW513171,BR-15,M,40,phone repair,2,11.6,TRUE,6
BW513172,BR-10,F,39,poultry,10,9.9,TRUE,1
BW513173,BR-20,F,50,farming,10,4.9,TRUE,1
BW513174,BR-03,F,62,farming,4,11.1,FALSE,1
BW513175,BR-18,F,43,phone repair,6,2.1,True,2
BW513176,BR-03,F,56,transport,12,9.9,FALSE,2
BW513177,BR-01,F,20,teaching,11,2.1,True,6
BW513178,BR-20,F,49,carpentry,10,6.2,True,6
BW513179,BR-15,M,61,tailoring,1,15.1,FALSE,4
BW513180,BR-17,F,59,poultry,10,5.0,TRUE,1
BW513181,BR-17,F,60,teaching,9,0.3,TRUE,1
BW513182,BR-03,F,25,tailoring,8,6.1,False,0
BW513183,BR-13,F,25,poultry,4,8.6,True,1
BW513184,BR-07,F,53,food vending,9,8.4,False,0
BW513185,BR-09,F,28,food vending,2,1.6,False,0
BW513186,BR-10,M,19,farming,6,6.3,TRUE,3
BW513187,BR-24,F,24,carpentry,11,13.8,False,1
BW513188,BR-05,F,41,food vending,2,0.7,False,0
BW513189,BR-20,F,53,masonry,6,1.0,False,1
BW513190,BR-23,M,50,teaching,2,4.9,1,0
BW513191,BR-18,M,29,poultry,10,7.9,1,0
BW513192,BR-20,M,30,retail shop,8,3.3,yes,2
BW513193,BR-02,M,64,phone repair,12,4.2,TRUE,2
BW513194,BR-21,M,26,food vending,6,2.8,yes,1
BW513195,BR-03,F,59,transport,2,5.6,yes,9
BW513196,BR-07,F,58,food vending,4,2.3,False,6
BW513197,BR-07,F,20,teaching,1,6.0,yes,3
BW513198,BR-14,F,26,food vending,9,5.9,no,0
BW513199,BR-17,F,38,masonry,6,3.4,TRUE,2
BW513200,BR-16,M,46,food vending,11,5.6,yes,6
BW513201,BR-14,M,50,masonry,11,7.6,TRUE,1
BW513202,BR-02,F,40,carpentry,3,7.1,True,3
BW513203,BR-22,F,56,food vending,10,11.7,TRUE,9
BW513204,BR-17,M,44,hairdressing,4,0.5,no,0
BW513205,BR-14,F,53,hairdressing,1,11.8,False,0
BW513206,BR-04,F,42,food vending,6,2.3,False,4
BW513207,BR-16,M,50,transport,3,5.4,TRUE,0
BW513208,BR-04,M,32,teaching,8,4.1,FALSE,4
BW513209,BR-04,F,23,masonry,7,6.7,yes,4
BW513210,BR-23,F,52,carpentry,4,7.3,False,4
BW513211,BR-15,M,57,teaching,4,5.2,True,1
BW513212,BR-20,F,20,farming,7,10.0,0,1
BW513213,BR-12,M,47,teaching,1,0.3,0,2
BW513214,BR-14,M,31,phone repair,2,11.3,yes,1
BW513215,BR-07,F,21,teaching,7,4.6,no,1
BW513216,BR-12,F,56,petty trade,10,3.7,1,3
BW513217,BR-02,F,43,farming,4,1.0,0,1
BW513218,BR-15,F,61,carpentry,9,9.2,TRUE,3
BW513219,BR-07,M,48,farming,9,2.7,yes,3
BW513220,BR-08,M,22,teaching,3,5.0,TRUE,0
BW513221,BR-23,F,37,farming,6,4.2,0,9
BW513222,BR-22,F,42,tailoring,10,1.2,False,4
BW513223,BR-23,F,55,hairdressing,7,7.5,1,2
BW513224,BR-23,F,50,masonry,5,5.1,False,4
BW513225,BR-24,F,28,poultry,6,6.4,False,9
BW513226,BR-18,F,47,farming,1,1.4,1,1
BW513227,BR-06,M,51,hairdressing,10,10.2,yes,9
BW513228,BR-03,F,25,tailoring,3,7.4,False,0
BW513229,BR-23,F,38,transport,3,9.4,FALSE,1
BW513230,BR-20,M,45,food vending,12,0.5,True,6
BW513231,BR-19,F,36,teaching,6,0.4,0,0
BW513232,BR-23,M,51,tailoring,12,2.7,FALSE,1
BW513233,BR-22,M,57,poultry,4,12.5,TRUE,9
BW513234,BR-07,F,42,petty trade,4,5.8,yes,6
BW513235,BR-22,F,29,phone repair,11,3.0,no,1
BW513236,BR-16,F,33,phone repair,7,1.6,0,1
BW513237,BR-08,M,46,transport,9,11.3,False,0
BW513238,BR-14,F,54,farming,6,6.6,TRUE,3
BW513239,BR-20,F,26,hairdressing,2,6.6,yes,1
BW513240,BR-14,M,29,masonry,1,5.5,TRUE,3
BW513241,BR-08,M,30,petty trade,12,2.2,yes,1
BW513242,BR-20,M,25,carpentry,5,2.2,no,9
BW513243,BR-05,F,45,transport,10,8.0,TRUE,9
BW513244,BR-11,F,64,hairdressing,4,8.2,TRUE,2
BW513245,BR-21,M,47,carpentry,9,8.4,0,0
BW513246,BR-21,M,56,hairdressing,3,9.7,True,6
BW513247,BR-03,F,24,masonry,5,3.1,TRUE,1
BW513248,BR-18,F,45,phone repair,2,8.9,1,0
BW513249,BR-02,F,52,hairdressing,12,7.1,yes,4
BW513250,BR-19,M,22,phone repair,2,6.5,1,1
BW513251,BR-13,F,21,retail shop,4,3.9,no,2
BW513252,BR-10,M,59,farming,9,14.0,True,1
BW513253,BR-15,M,28,teaching,12,6.9,True,3
BW513254,BR-18,M,33,teaching,4,7.5,FALSE,4
BW513255,BR-22,F,61,hairdressing,5,1.2,no,2
BW513256,BR-17,M,32,retail shop,5,8.3,no,4
BW513257,BR-03,M,62,masonry,8,6.1,TRUE,0
BW513258,BR-24,M,32,phone repair,2,1.2,False,1
BW513259,BR-20,M,63,tailoring,11,10.1,no,9
BW513260,BR-15,F,43,petty trade,11,9.9,TRUE,2
BW513261,BR-16,F,24,farming,2,7.9,FALSE,2
BW513262,BR-15,M,54,phone repair,8,4.5,1,3
BW513263,BR-17,M,54,food vending,8,5.7,FALSE,4
BW513264,BR-05,M,52,phone repair,12,2.6,True,1
BW513265,BR-09,F,54,retail shop,9,10.9,0,1
BW513266,BR-13,M,28,hairdressing,4,8.0,yes,0
BW513267,BR-20,M,40,poultry,4,4.7,0,1
BW513268,BR-13,F,47,carpentry,12,10.2,False,1
BW513269,BR-04,F,42,farming,12,9.5,yes,1
BW513270,BR-18,F,24,petty trade,3,1.7,yes,6
BW513271,BR-12,F,59,farming,12,8.9,True,0
BW513272,BR-06,F,46,carpentry,6,7.1,0,4
BW513273,BR-08,M,49,hairdressing,4,2.3,yes,6
BW513274,BR-04,M,45,carpentry,6,5.3,0,4
BW513275,BR-10,F,20,teaching,4,0.6,1,3
BW513276,BR-10,M,48,carpentry,9,2.9,1,0
BW513277,BR-06,M,26,petty trade,2,8.4,0,6
BW513278,BR-07,F,21,retail shop,4,2.6,FALSE,6
BW513279,BR-20,M,35,farming,2,3.7,1,2
BW513280,BR-24,M,43,hairdressing,8,5.2,False,1
BW513281,BR-21,F,54,food vending,4,4.9,no,1
BW513282,BR-06,M,52,food vending,12,1.2,False,9
BW513283,BR-01,M,27,tailoring,1,4.3,True,1
BW513284,BR-04,F,33,phone repair,10,2.5,0,3
BW513285,BR-23,M,37,carpentry,4,9.6,True,9
BW513286,BR-17,F,28,carpentry,12,0.5,no,2
BW513287,BR-19,F,44,retail shop,10,9.4,no,2
BW513288,BR-12,F,38,phone repair,2,5.0,yes,0
BW513289,BR-17,F,55,transport,2,1.0,TRUE,3
BW513290,BR-20,F,25,carpentry,2,3.4,TRUE,3
BW513291,BR-01,F,25,phone repair,11,8.1,True,9
BW513292,BR-21,M,61,teaching,8,4.0,0,4
BW513293,BR-13,M,63,tailoring,2,9.1,TRUE,3
BW513294,BR-11,M,24,masonry,9,7.5,0,0
BW513295,BR-12,F,24,petty trade,10,1.4,1,0
BW513296,BR-11,F,38,retail shop,3,6.6,True,0
BW513297,BR-01,F,43,petty trade,5,1.9,FALSE,3
BW513298,BR-24,F,29,transport,10,1.3,True,1
BW513299,BR-07,F,42,tailoring,8,3.5,1,0
BW513300,BR-12,M,32,carpentry,2,11.3,1,4
BW513301,BR-22,F,48,phone repair,10,6.5,FALSE,3
BW513302,BR-02,F,49,farming,9,7.9,TRUE,1
BW513303,BR-06,F,39,tailoring,2,6.3,no,3
BW513304,BR-01,F,47,food vending,11,0.9,FALSE,0
BW513305,BR-01,M,52,carpentry,10,2.2,no,4
BW513306,BR-03,F,52,poultry,12,2.4,False,9
BW513307,BR-19,M,46,teaching,6,10.3,no,4
BW513308,BR-24,F,42,farming,7,6.2,yes,1
BW513309,BR-05,M,41,hairdressing,4,8.3,False,2
BW513310,BR-04,M,55,carpentry,1,9.3,True,9
BW513311,BR-09,F,19,tailoring,9,4.9,False,1
BW513312,BR-23,F,37,carpentry,6,6.3,0,3
BW513313,BR-11,F,57,transport,3,7.5,1,0
BW513314,BR-10,M,24,food vending,11,10.0,FALSE,6
BW513315,BR-22,M,51,tailoring,11,14.5,FALSE,0
BW513316,BR-22,F,57,retail shop,4,3.1,False,3
BW513317,BR-14,M,63,hairdressing,4,6.5,FALSE,1
BW513318,BR-22,M,22,phone repair,10,5.3,False,1
BW513319,BR-16,M,41,transport,12,8.7,no,0
BW513320,BR-22,F,21,masonry,3,2.1,yes,2
BW513321,BR-19,F,39,hairdressing,8,3.2,no,1
BW513322,BR-01,M,30,poultry,3,6.5,True,1
BW513323,BR-23,F,52,farming,11,6.5,True,9
BW513324,BR-12,F,48,farming,9,2.5,no,6
BW513325,BR-24,F,27,carpentry,7,6.0,FALSE,9
BW513326,BR-03,F,40,masonry,5,5.7,0,2
BW513327,BR-18,M,50,tailoring,5,5.0,yes,9
BW513328,BR-21,F,59,transport,5,5.9,yes,0
BW513329,BR-11,F,63,food vending,11,0.3,False,3
BW513330,BR-23,F,33,teaching,8,2.4,FALSE,6
BW513331,BR-21,F,25,hairdressing,2,7.4,yes,1
BW513332,BR-19,M,52,transport,8,5.0,yes,0
BW513333,BR-14,F,19,teaching,4,9.4,FALSE,1
BW513334,BR-21,F,45,transport,1,6.7,True,0
BW513335,BR-24,M,40,tailoring,1,4.2,no,1
BW513336,BR-03,M,24,masonry,4,5.3,1,4
BW513337,BR-07,M,35,carpentry,5,5.1,1,9
BW513338,BR-06,F,59,phone repair,10,2.2,1,1
BW513339,BR-01,F,23,farming,12,1.8,1,1
BW513340,BR-24,M,38,food vending,1,5.5,no,0
BW513341,BR-12,M,55,teaching,1,8.2,no,3
BW513342,BR-04,F,58,petty trade,7,5.7,0,1
BW513343,BR-06,F,29,teaching,5,6.5,FALSE,3
BW513344,BR-09,F,40,food vending,11,9.5,no,1
BW513345,BR-04,F,50,tailoring,2,2.5,1,4
BW513346,BR-24,F,30,masonry,7,3.8,no,1
BW513347,BR-20,M,46,food vending,4,3.4,yes,2
BW513348,BR-14,M,53,food vending,2,3.5,no,1
BW513349,BR-03,M,56,transport,10,7.1,True,6
BW513350,BR-22,F,43,masonry,5,5.1,yes,6
BW513351,BR-12,F,52,transport,3,5.9,no,6
BW513352,BR-07,M,41,farming,3,11.5,1,6
BW513353,BR-17,F,23,tailoring,4,6.1,1,1
BW513354,BR-15,F,31,teaching,11,6.4,FALSE,1
BW513355,BR-09,F,50,petty trade,2,6.7,no,1
BW513356,BR-22,M,41,petty trade,6,7.5,0,6
BW513357,BR-09,M,47,retail shop,2,4.9,yes,6
BW513358,BR-11,F,45,farming,5,2.9,no,0
BW513359,BR-11,M,42,hairdressing,10,4.9,1,4
BW513360,BR-09,F,36,tailoring,9,2.8,1,0
BW513361,BR-22,F,50,tailoring,7,5.3,no,6
BW513362,BR-06,F,26,tailoring,8,4.3,FALSE,0
BW513363,BR-21,F,46,farming,6,10.5,no,0
BW513364,BR-11,M,58,phone repair,8,10.0,yes,3
BW513365,BR-18,F,41,farming,3,14.4,FALSE,0
BW513366,BR-02,M,21,petty trade,11,5.8,TRUE,3
BW513367,BR-14,M,49,tailoring,6,3.3,True,3
BW513368,BR-08,F,63,phone repair,10,2.7,1,2
BW513369,BR-09,F,56,transport,7,10.2,True,1
BW513370,BR-24,F,19,petty trade,5,3.3,TRUE,3
BW513371,BR-03,F,59,teaching,4,2.8,TRUE,0
BW513372,BR-10,M,28,teaching,9,0.7,True,0
BW513373,BR-05,F,25,retail shop,6,4.5,TRUE,6
BW513374,BR-04,F,38,retail shop,3,8.6,TRUE,2
BW513375,BR-21,F,22,retail shop,3,2.1,False,0
BW513376,BR-22,M,54,food vending,1,7.1,0,1
BW513377,BR-24,M,57,tailoring,3,6.1,0,2
BW513378,BR-12,M,57,transport,10,5.3,FALSE,0
BW513379,BR-18,M,25,farming,11,4.3,1,0
BW513380,BR-10,M,43,tailoring,12,4.4,FALSE,1
BW513381,BR-06,F,52,masonry,12,4.4,False,6
BW513382,BR-24,F,47,retail shop,11,7.4,yes,2
BW513383,BR-02,M,63,farming,6,4.4,True,0
BW513384,BR-24,F,47,food vending,7,4.6,no,0
BW513385,BR-24,F,23,teaching,11,5.7,False,0
BW513386,BR-09,M,57,food vending,3,8.9,1,1
BW513387,BR-15,F,48,farming,4,10.7,0,0
BW513388,BR-11,F,45,transport,10,6.6,False,6
BW513389,BR-23,M,53,petty trade,12,6.0,0,4
BW513390,BR-10,M,46,farming,10,7.8,no,6
BW513391,BR-14,F,49,poultry,12,6.3,TRUE,0
BW513392,BR-11,F,27,retail shop,8,0.7,0,1
BW513393,BR-18,M,34,retail shop,10,11.3,False,1
BW513394,BR-21,M,47,transport,3,7.0,FALSE,1
BW513395,BR-03,F,19,transport,4,11.7,TRUE,9
BW513396,BR-14,F,19,masonry,10,7.6,TRUE,1
BW513397,BR-19,M,64,tailoring,11,8.0,no,2
BW513398,BR-13,M,62,carpentry,12,7.4,no,3
BW513399,BR-16,M,21,phone repair,3,4.4,no,3
BW513400,BR-04,M,30,petty trade,4,1.4,True,3
BW513401,BR-01,F,63,farming,10,6.6,False,3
BW513402,BR-13,M,40,phone repair,3,5.4,1,3
BW513403,BR-15,F,51,food vending,2,7.0,0,9
BW513404,BR-03,M,63,retail shop,11,7.4,0,0
BW513405,BR-21,F,35,food vending,7,4.7,yes,4
BW513406,BR-12,M,25,poultry,9,6.5,yes,4
BW513407,BR-15,F,43,tailoring,3,2.1,True,9
BW513408,BR-17,M,31,hairdressing,6,6.5,yes,1
BW513409,BR-19,M,59,masonry,4,6.8,TRUE,6
BW513410,BR-03,F,22,carpentry,3,5.0,1,0
BW513411,BR-08,F,57,hairdressing,5,12.8,1,4
BW513412,BR-08,M,57,tailoring,5,12.9,False,9
BW513413,BR-03,F,45,petty trade,8,0.6,False,9
BW513414,BR-06,M,55,farming,6,7.8,False,1
BW513415,BR-09,F,33,food vending,9,6.8,TRUE,0
BW513416,BR-06,F,32,carpentry,2,5.2,no,0
BW513417,BR-10,M,58,masonry,3,1.4,no,9
BW513418,BR-18,F,51,tailoring,5,6.5,0,0
BW513419,BR-10,M,44,transport,3,4.9,True,2
BW513420,BR-11,F,23,tailoring,1,8.9,TRUE,1
BW513421,BR-15,F,38,teaching,3,4.4,no,2
BW513422,BR-13,F,61,carpentry,3,8.4,1,1
BW513423,BR-20,F,20,transport,7,1.3,no,6
BW513424,BR-02,M,61,masonry,9,4.7,1,4
BW513425,BR-23,F,22,retail shop,5,7.5,False,9
BW513426,BR-03,M,19,farming,6,0.7,no,3
BW513427,BR-14,F,20,retail shop,4,3.7,0,2
BW513428,BR-06,F,21,transport,1,14.9,True,0
BW513429,BR-06,M,46,farming,1,2.2,yes,6
BW513430,BR-19,M,64,masonry,2,7.4,FALSE,4
BW513431,BR-21,M,24,carpentry,7,7.5,False,3
BW513432,BR-24,M,63,food vending,4,6.9,1,0
BW513433,BR-12,F,55,teaching,5,2.2,FALSE,1
BW513434,BR-10,F,60,petty trade,5,11.5,yes,3
BW513435,BR-09,F,58,tailoring,8,8.3,0,6
BW513436,BR-17,F,38,carpentry,7,10.5,True,9
BW513437,BR-18,M,27,phone repair,1,7.2,FALSE,3
BW513438,BR-21,F,46,petty trade,12,9.9,no,4
BW513439,BR-02,F,61,food vending,12,4.7,no,4
BW513440,BR-15,F,25,poultry,4,10.2,True,6
BW513441,BR-10,F,28,tailoring,6,11.6,True,0
BW513442,BR-15,M,47,farming,2,5.7,FALSE,9
BW513443,BR-19,F,21,poultry,8,6.9,1,0
BW513444,BR-08,F,45,poultry,10,10.2,no,2
BW513445,BR-19,F,24,hairdressing,7,1.6,no,0
BW513446,BR-16,F,34,phone repair,4,2.6,FALSE,6
BW513447,BR-22,F,20,transport,8,3.3,FALSE,9
BW513448,BR-22,F,39,food vending,11,9.9,no,3
BW513449,BR-22,F,38,petty trade,1,1.7,False,9
BW513450,BR-13,M,35,masonry,4,6.1,True,3
BW513451,BR-20,M,19,hairdressing,5,5.1,0,1
BW513452,BR-08,F,47,carpentry,3,0.5,no,1
BW513453,BR-02,M,28,teaching,8,3.5,TRUE,2
BW513454,BR-03,F,50,transport,8,7.7,TRUE,1
BW513455,BR-06,F,63,masonry,10,9.3,TRUE,6
BW513456,BR-10,M,30,farming,8,8.4,TRUE,9
BW513457,BR-12,F,49,masonry,10,8.5,True,9
BW513458,BR-09,F,51,teaching,2,1.8,TRUE,4
BW513459,BR-17,F,38,tailoring,6,6.2,no,1
BW513460,BR-01,M,24,retail shop,3,4.3,0,0
BW513461,BR-01,F,60,retail shop,6,4.4,True,1
BW513462,BR-04,F,32,tailoring,2,6.9,yes,0
BW513463,BR-08,M,30,farming,8,12.8,1,1
BW513464,BR-22,F,20,carpentry,1,9.5,0,0
BW513465,BR-11,F,51,retail shop,10,7.0,TRUE,1
BW513466,BR-20,F,51,retail shop,9,2.8,False,3
BW513467,BR-11,M,22,tailoring,5,2.2,TRUE,0
BW513468,BR-02,F,27,hairdressing,6,1.3,FALSE,3
BW513469,BR-03,F,19,carpentry,11,12.4,0,1
BW513470,BR-24,M,28,retail shop,11,1.9,no,2
BW513471,BR-02,F,24,hairdressing,12,5.8,True,0
BW513472,BR-10,M,23,tailoring,12,5.3,True,0
BW513473,BR-03,M,21,masonry,9,3.2,FALSE,0
BW513474,BR-16,F,54,farming,2,0.4,True,0
BW513475,BR-05,F,55,tailoring,11,7.3,yes,2
BW513476,BR-02,M,59,carpentry,9,6.7,TRUE,9
BW513477,BR-12,M,41,phone repair,2,2.9,1,6
BW513478,BR-15,M,28,tailoring,6,11.6,0,1
BW513479,BR-18,F,19,transport,10,4.4,FALSE,0
BW513480,BR-10,F,54,masonry,4,8.7,0,4
BW513481,BR-20,F,38,transport,9,6.4,TRUE,9
BW513482,BR-23,M,57,poultry,9,6.4,True,3
BW513483,BR-01,F,36,retail shop,5,1.3,no,0
BW513484,BR-19,F,56,farming,2,0.3,True,1
BW513485,BR-21,F,44,teaching,7,2.7,no,0
BW513486,BR-04,F,63,carpentry,10,5.1,0,4
BW513487,BR-14,F,25,petty trade,4,9.8,FALSE,4
BW513488,BR-13,F,36,carpentry,12,3.5,no,3
BW513489,BR-17,M,50,teaching,6,7.1,True,1
BW513490,BR-20,F,53,transport,11,8.2,0,2
BW513491,BR-22,F,40,poultry,7,4.4,no,0
BW513492,BR-03,M,25,retail shop,2,4.0,False,0
BW513493,BR-12,F,33,food vending,4,5.4,True,1
BW513494,BR-02,F,39,petty trade,3,0.8,True,1
BW513495,BR-02,F,36,carpentry,11,2.9,no,2
BW513496,BR-08,F,21,poultry,1,9.2,no,6
BW513497,BR-01,F,32,transport,5,8.5,1,3
BW513498,BR-24,F,50,carpentry,12,3.9,no,2
BW513499,BR-21,F,55,phone repair,3,4.4,1,1
BW513500,BR-07,F,41,food vending,6,3.7,TRUE,2
BW513501,BR-17,F,24,masonry,10,12.7,FALSE,6
BW513502,BR-06,F,34,hairdressing,2,10.5,False,3
BW513503,BR-16,F,20,hairdressing,12,6.0,TRUE,3
BW513504,BR-05,F,32,tailoring,3,11.1,True,1
BW513505,BR-01,F,46,phone repair,6,7.2,FALSE,4
BW513506,BR-23,F,61,food vending,2,8.7,False,1
BW513507,BR-13,M,31,farming,11,6.1,FALSE,9
BW513508,BR-18,F,28,retail shop,11,3.4,0,2
BW513509,BR-17,F,19,farming,3,1.3,1,0
BW513510,BR-20,F,41,hairdressing,6,3.6,False,9
BW513511,BR-13,M,58,carpentry,6,5.2,FALSE,3
BW513512,BR-16,F,64,teaching,10,9.9,False,0
BW513513,BR-24,F,28,teaching,3,0.7,0,1
BW513514,BR-12,M,25,hairdressing,2,0.4,yes,0
BW513515,BR-05,M,29,carpentry,1,5.2,TRUE,3
BW513516,BR-16,M,19,teaching,2,1.6,1,1
BW513517,BR-16,F,38,farming,1,2.7,True,0
BW513518,BR-05,F,55,masonry,5,0.9,True,1
BW513519,BR-02,M,54,food vending,5,8.3,TRUE,1
BW513520,BR-06,F,31,food vending,2,1.6,yes,3
BW513521,BR-11,F,48,petty trade,4,0.3,yes,6
BW513522,BR-09,F,47,farming,5,7.3,0,6
BW513523,BR-15,F,48,farming,8,1.3,True,2
BW513524,BR-04,F,27,tailoring,4,5.5,0,1
BW513525,BR-10,M,38,transport,2,10.9,yes,0
BW513526,BR-21,F,56,petty trade,4,6.4,0,1
BW513527,BR-15,M,32,tailoring,3,3.6,1,0
BW513528,BR-15,F,20,hairdressing,6,0.2,False,6
BW513529,BR-05,F,42,poultry,4,7.3,True,4
BW513530,BR-04,F,41,masonry,11,7.9,1,2
BW513531,BR-03,F,61,retail shop,5,19.1,0,4
BW513532,BR-02,F,28,farming,5,2.8,True,2
BW513533,BR-02,F,35,carpentry,6,2.1,yes,0
BW513534,BR-05,F,41,tailoring,5,0.6,1,2
BW513535,BR-17,F,28,petty trade,7,3.1,TRUE,3
BW513536,BR-16,F,47,retail shop,10,4.5,FALSE,0
BW513537,BR-01,M,37,masonry,5,1.0,FALSE,1
BW513538,BR-11,M,43,transport,7,6.3,1,2
BW513539,BR-15,F,23,carpentry,9,4.0,FALSE,2
BW513540,BR-23,M,33,petty trade,11,5.1,1,1
BW513541,BR-04,F,53,carpentry,9,14.9,TRUE,0
BW513542,BR-06,F,64,retail shop,2,7.2,0,1
BW513543,BR-21,F,60,food vending,1,8.9,TRUE,9
BW513544,BR-11,F,32,transport,6,3.0,0,4
BW513545,BR-04,F,25,carpentry,1,8.2,yes,0
BW513546,BR-18,F,28,farming,1,4.6,no,9
BW513547,BR-17,F,37,retail shop,12,8.4,True,4
BW513548,BR-14,M,20,teaching,6,3.4,FALSE,0
BW513549,BR-04,F,37,petty trade,8,2.6,0,0
BW513550,BR-08,M,39,hairdressing,8,3.7,False,3
BW513551,BR-18,F,49,carpentry,5,3.0,TRUE,6
BW513552,BR-03,F,46,poultry,11,6.5,yes,0
BW513553,BR-02,F,25,food vending,9,8.2,False,6
BW513554,BR-18,M,52,farming,10,3.5,0,2
BW513555,BR-23,M,36,retail shop,12,2.5,1,3
BW513556,BR-12,F,64,food vending,4,6.7,no,6
BW513557,BR-10,F,24,retail shop,4,2.9,1,3
BW513558,BR-11,M,21,transport,6,3.6,FALSE,2
BW513559,BR-08,M,56,phone repair,4,11.2,yes,2
BW513560,BR-12,F,34,teaching,7,2.4,1,0
BW513561,BR-20,M,42,teaching,10,10.7,False,9
BW513562,BR-01,F,50,transport,6,6.8,no,9
BW513563,BR-17,F,28,phone repair,10,5.0,True,0
BW513564,BR-11,M,25,food vending,2,1.6,True,0
BW513565,BR-13,F,34,transport,2,1.0,0,0
BW513566,BR-16,M,35,petty trade,6,6.9,FALSE,3
BW513567,BR-21,F,23,petty trade,1,7.7,False,3
BW513568,BR-22,M,33,phone repair,3,3.1,1,4
BW513569,BR-18,M,51,phone repair,9,6.6,FALSE,3
BW513570,BR-08,M,45,poultry,2,6.3,FALSE,0
BW513571,BR-09,F,31,masonry,7,13.9,1,9
BW513572,BR-16,F,63,food vending,6,4.1,TRUE,6
BW513573,BR-15,M,51,hairdressing,7,2.7,no,2
BW513574,BR-09,F,64,tailoring,10,5.5,1,1
BW513575,BR-21,F,20,carpentry,6,8.7,TRUE,4
BW513576,BR-15,F,60,teaching,10,0.4,FALSE,2
BW513577,BR-10,F,48,phone repair,11,8.7,False,6
BW513578,BR-06,F,22,carpentry,6,2.4,TRUE,0
BW513579,BR-12,F,58,transport,10,9.0,False,6
BW513580,BR-13,F,39,hairdressing,8,7.3,0,1
BW513581,BR-02,F,26,petty trade,9,1.0,True,1
BW513582,BR-21,F,25,petty trade,5,3.2,TRUE,3
BW513583,BR-05,F,56,carpentry,10,5.8,False,2
BW513584,BR-17,M,37,petty trade,6,10.5,no,1
BW513585,BR-11,M,19,petty trade,9,11.1,no,4
BW513586,BR-03,F,41,petty trade,4,8.2,no,6
BW513587,BR-19,F,26,hairdressing,10,2.5,yes,0
BW513588,BR-18,F,52,teaching,10,3.6,yes,2
BW513589,BR-01,F,20,retail shop,8,4.5,True,0
BW513590,BR-10,M,52,tailoring,2,4.3,TRUE,0
BW513591,BR-23,F,30,hairdressing,8,2.0,0,1
BW513592,BR-23,F,19,retail shop,6,1.5,yes,2
BW513593,BR-21,M,36,teaching,8,4.4,yes,1
BW513594,BR-11,F,37,hairdressing,2,7.9,TRUE,2
BW513595,BR-24,F,45,teaching,11,2.5,False,2
BW513596,BR-02,F,45,tailoring,11,0.5,1,3
BW513597,BR-24,M,59,petty trade,7,10.4,FALSE,0
BW513598,BR-02,F,25,tailoring,5,10.0,FALSE,3
BW513599,BR-12,F,19,teaching,10,6.8,0,6
BW513600,BR-05,F,20,transport,9,10.6,False,4
BW513601,BR-09,F,41,food vending,8,7.1,FALSE,2
BW513602,BR-11,F,44,farming,5,4.9,True,0
BW513603,BR-06,M,54,transport,5,6.6,False,1
BW513604,BR-22,F,35,hairdressing,11,8.9,no,6
BW513605,BR-16,M,59,food vending,9,4.8,False,0
BW513606,BR-21,F,48,retail shop,9,4.8,TRUE,4
BW513607,BR-09,F,57,hairdressing,6,4.0,True,0
BW513608,BR-15,M,41,phone repair,1,6.9,1,1
BW513609,BR-16,F,59,hairdressing,1,5.3,0,0
BW513610,BR-20,F,40,hairdressing,6,8.2,TRUE,2
BW513611,BR-01,F,47,food vending,3,7.4,1,0
BW513612,BR-06,M,22,farming,5,6.2,0,2
BW513613,BR-18,M,51,food vending,11,7.1,FALSE,3
BW513614,BR-15,F,24,food vending,9,1.9,True,2
BW513615,BR-14,M,34,poultry,2,4.1,no,6
BW513616,BR-07,M,56,teaching,5,8.3,1,9
BW513617,BR-24,F,28,masonry,9,2.9,1,1
BW513618,BR-24,M,30,food vending,10,1.0,False,4
BW513619,BR-10,F,34,masonry,12,6.0,0,9
BW513620,BR-09,M,40,transport,2,4.9,no,4
BW513621,BR-20,F,21,phone repair,4,10.2,1,0
BW513622,BR-20,F,48,retail shop,3,3.8,True,2
BW513623,BR-03,M,54,teaching,12,8.4,0,0
BW513624,BR-20,F,37,retail shop,6,9.7,True,0
BW513625,BR-23,M,50,carpentry,6,13.1,True,1
BW513626,BR-02,F,59,masonry,6,10.2,yes,9
BW513627,BR-05,F,45,teaching,4,6.4,1,1
BW513628,BR-07,M,30,teaching,6,4.4,1,9
BW513629,BR-01,M,29,transport,10,2.7,no,4
BW513630,BR-07,F,57,teaching,4,4.9,1,2
BW513631,BR-04,F,54,transport,4,2.5,False,2
BW513632,BR-12,M,36,poultry,6,13.5,no,6
BW513633,BR-04,F,59,petty trade,4,7.6,no,1
BW513634,BR-09,M,37,petty trade,3,0.6,False,0
BW513635,BR-01,F,29,poultry,3,8.0,True,4
BW513636,BR-17,M,39,masonry,3,2.4,yes,9
BW513637,BR-01,F,64,petty trade,2,5.5,TRUE,4
BW513638,BR-22,F,48,retail shop,1,9.7,FALSE,0
BW513639,BR-10,F,23,food vending,7,7.6,yes,2
BW513640,BR-22,F,23,retail shop,3,10.6,True,0
BW513641,BR-19,F,32,food vending,5,6.0,True,0
BW513642,BR-15,F,45,teaching,4,7.4,True,9
BW513643,BR-11,F,48,transport,11,9.6,1,4
BW513644,BR-15,M,57,hairdressing,9,0.6,True,1
BW513645,BR-16,F,62,hairdressing,12,0.9,TRUE,1
BW513646,BR-06,F,56,farming,2,5.8,False,1
BW513647,BR-15,F,51,petty trade,5,13.4,1,0
BW513648,BR-01,F,64,farming,2,6.7,yes,4
BW513649,BR-18,F,50,food vending,3,3.9,0,0
BW513650,BR-08,F,58,farming,10,0.5,True,0
BW513651,BR-23,F,34,masonry,11,0.9,0,2
BW513652,BR-24,F,28,transport,7,8.5,TRUE,0
BW513653,BR-18,F,29,teaching,11,4.0,True,3
BW513654,BR-15,F,54,farming,11,1.5,False,4
BW513655,BR-17,M,37,hairdressing,3,3.6,False,0
BW513656,BR-19,F,23,teaching,10,3.0,False,2
BW513657,BR-04,M,38,teaching,7,3.4,FALSE,0
BW513658,BR-20,F,58,hairdressing,1,6.4,True,3
BW513659,BR-23,F,35,teaching,1,0.7,True,4
BW513660,BR-24,F,54,farming,4,10.2,TRUE,9
BW513661,BR-04,F,33,teaching,3,5.0,yes,0
BW513662,BR-19,F,44,farming,11,3.6,yes,0
BW513663,BR-17,F,44,phone repair,9,10.5,no,0
BW513664,BR-05,F,44,hairdressing,1,2.4,True,1
BW513665,BR-18,F,51,retail shop,8,2.4,yes,4
BW513666,BR-22,F,42,petty trade,9,10.4,0,1
BW513667,BR-10,M,26,teaching,10,13.1,no,0
BW513668,BR-15,M,27,teaching,1,0.3,False,0
BW513669,BR-01,M,50,masonry,4,10.3,True,1
BW513670,BR-05,M,64,tailoring,10,6.4,0,4
BW513671,BR-13,F,51,masonry,7,4.6,FALSE,1
BW513672,BR-09,F,21,farming,10,7.2,yes,6
BW513673,BR-23,F,23,retail shop,6,15.8,no,4
BW513674,BR-19,F,33,phone repair,8,7.3,True,6
BW513675,BR-13,F,55,masonry,6,8.4,False,3
BW513676,BR-01,F,58,retail shop,7,2.4,no,0
BW513677,BR-01,F,49,poultry,11,0.9,yes,0
BW513678,BR-13,F,23,tailoring,10,6.5,TRUE,1
BW513679,BR-14,F,37,retail shop,7,2.2,1,0
BW513680,BR-19,F,33,carpentry,7,1.8,no,1
BW513681,BR-21,F,27,carpentry,7,10.1,1,0
BW513682,BR-04,F,47,retail shop,4,7.6,no,1
BW513683,BR-23,F,48,tailoring,3,16.4,True,6
BW513684,BR-06,F,32,carpentry,9,8.6,1,1
BW513685,BR-24,F,57,phone repair,1,5.6,yes,4
BW513686,BR-06,M,62,petty trade,12,1.9,1,9
BW513687,BR-07,F,48,tailoring,3,0.8,1,4
BW513688,BR-17,M,28,masonry,10,1.1,1,1
BW513689,BR-13,F,58,carpentry,7,7.9,False,0
BW513690,BR-20,F,46,petty trade,5,4.7,False,3
BW513691,BR-11,M,52,hairdressing,6,5.8,True,0
BW513692,BR-09,F,50,teaching,1,2.4,1,4
BW513693,BR-13,M,34,transport,7,11.7,yes,0
BW513694,BR-21,M,59,transport,10,3.8,True,9
BW513695,BR-24,M,32,poultry,8,2.9,yes,0
BW513696,BR-20,F,53,farming,2,11.0,FALSE,2
BW513697,BR-14,F,21,retail shop,4,2.2,TRUE,3
BW513698,BR-19,F,41,transport,12,4.8,1,1
BW513699,BR-10,M,54,carpentry,8,2.9,FALSE,9
BW513700,BR-19,F,31,farming,4,3.4,1,9
BW513701,BR-07,F,33,poultry,2,4.8,0,3
BW513702,BR-11,F,28,food vending,12,9.1,yes,1
BW513703,BR-06,F,23,food vending,10,4.0,no,1
BW513704,BR-20,F,63,poultry,7,9.3,True,2
BW513705,BR-24,F,58,masonry,11,2.8,no,0
BW513706,BR-11,M,64,carpentry,4,5.2,no,9
BW513707,BR-23,F,38,poultry,4,4.8,0,3
BW513708,BR-17,F,45,teaching,1,6.7,no,6
BW513709,BR-17,F,45,transport,2,4.7,True,1
BW513710,BR-10,F,33,carpentry,12,3.9,1,9
BW513711,BR-10,M,59,tailoring,5,8.0,no,0
BW513712,BR-22,M,32,petty trade,8,0.9,TRUE,9
BW513713,BR-16,F,27,food vending,12,4.2,True,1
BW513714,BR-23,M,23,carpentry,4,6.1,FALSE,2
BW513715,BR-03,M,20,phone repair,3,2.7,no,9
BW513716,BR-21,M,27,teaching,11,9.6,TRUE,1
BW513717,BR-18,F,27,food vending,11,3.1,1,2
BW513718,BR-14,F,64,poultry,11,5.1,no,1
BW513719,BR-07,M,42,tailoring,2,7.5,TRUE,0
BW513720,BR-24,F,22,farming,9,2.7,False,0
BW513721,BR-20,F,43,food vending,11,5.6,FALSE,0
BW513722,BR-03,F,47,masonry,5,5.9,True,1
BW513723,BR-18,M,51,poultry,11,1.5,TRUE,9
BW513724,BR-03,M,39,petty trade,8,7.3,True,1
BW513725,BR-11,M,49,hairdressing,6,3.7,True,0
BW513726,BR-03,M,36,tailoring,10,5.0,True,4
BW513727,BR-03,M,24,farming,7,4.9,yes,0
BW513728,BR-11,M,28,masonry,6,0.6,yes,3
BW513729,BR-13,M,33,petty trade,6,5.3,1,0
BW513730,BR-15,F,51,phone repair,5,0.5,0,6
BW513731,BR-04,F,42,petty trade,7,6.8,1,6
BW513732,BR-01,F,35,tailoring,10,6.9,0,0
BW513733,BR-22,F,34,retail shop,1,1.2,1,1
BW513734,BR-14,M,37,phone repair,11,6.6,0,1
BW513735,BR-13,M,34,poultry,8,8.4,0,1
BW513736,BR-02,F,41,carpentry,1,1.3,FALSE,1
BW513737,BR-15,F,37,carpentry,4,11.8,True,2
BW513738,BR-20,M,46,food vending,11,14.4,False,3
BW513739,BR-09,F,34,poultry,1,1.9,yes,1
BW513740,BR-11,F,47,tailoring,3,4.7,1,9
BW513741,BR-07,F,30,masonry,9,6.0,True,4
BW513742,BR-03,F,62,masonry,10,8.4,0,9
BW513743,BR-15,F,53,poultry,8,4.8,1,1
BW513744,BR-07,F,59,carpentry,7,0.7,True,1
BW513745,BR-05,F,63,retail shop,3,1.8,False,3
BW513746,BR-06,M,47,farming,4,6.6,0,1
BW513747,BR-02,F,45,hairdressing,11,7.0,no,2
BW513748,BR-24,M,23,food vending,4,0.9,0,1
BW513749,BR-15,F,46,poultry,10,3.1,no,6
BW513750,BR-12,M,59,hairdressing,4,7.6,yes,1
BW513751,BR-19,M,45,masonry,9,4.8,FALSE,1
BW513752,BR-23,M,37,carpentry,2,2.1,no,1
BW513753,BR-11,F,51,transport,12,13.2,False,2
BW513754,BR-15,M,46,tailoring,9,10.3,True,6
BW513755,BR-03,M,42,farming,7,2.3,0,0
BW513756,BR-19,M,25,poultry,11,8.0,TRUE,4
BW513757,BR-18,M,24,retail shop,12,5.8,False,4
BW513758,BR-15,F,19,carpentry,11,7.7,yes,4
BW513759,BR-06,F,39,masonry,5,3.5,False,0
BW513760,BR-06,M,56,carpentry,11,4.2,1,2
BW513761,BR-13,F,62,hairdressing,11,12.0,True,1
BW513762,BR-23,M,58,masonry,2,3.9,FALSE,9
BW513763,BR-18,M,38,farming,3,7.8,0,0
BW513764,BR-08,F,57,petty trade,1,18.6,yes,4
BW513765,BR-03,M,33,farming,12,1.8,True,1
BW513766,BR-09,F,20,teaching,3,6.2,FALSE,3
BW513767,BR-20,M,21,tailoring,7,1.2,FALSE,2
BW513768,BR-07,M,33,poultry,10,8.1,1,2
BW513769,BR-14,F,55,food vending,11,7.0,no,3
BW513770,BR-24,M,50,food vending,3,0.8,no,0
BW513771,BR-17,M,22,petty trade,3,8.6,no,1
BW513772,BR-05,M,54,masonry,2,3.9,TRUE,4
BW513773,BR-14,F,41,phone repair,2,13.1,no,1
BW513774,BR-18,F,44,hairdressing,1,3.2,yes,1
BW513775,BR-12,F,57,carpentry,2,3.9,no,3
BW513776,BR-06,F,21,carpentry,9,12.9,False,2
BW513777,BR-06,M,58,petty trade,10,5.7,FALSE,0
BW513778,BR-10,F,29,carpentry,11,7.7,no,4
BW513779,BR-15,F,61,hairdressing,12,5.3,1,0
BW513780,BR-15,M,47,tailoring,3,6.3,FALSE,1
BW513781,BR-13,F,29,farming,2,1.3,TRUE,9
BW513782,BR-07,F,43,teaching,3,1.0,FALSE,0
BW513783,BR-23,F,62,transport,6,5.6,False,3
BW513784,BR-24,F,48,food vending,10,0.8,yes,4
BW513785,BR-07,M,55,phone repair,4,1.6,1,3
BW513786,BR-15,F,21,petty trade,11,2.0,TRUE,3
BW513787,BR-05,M,46,food vending,5,13.0,False,1
BW513788,BR-05,F,55,petty trade,5,2.1,False,1
BW513789,BR-13,M,20,phone repair,1,12.0,no,4
BW513790,BR-22,F,37,petty trade,12,6.6,TRUE,0
BW513791,BR-20,M,43,masonry,11,1.6,1,0
BW513792,BR-10,F,35,phone repair,3,3.1,True,2
BW513793,BR-05,M,48,petty trade,12,2.1,1,3
BW513794,BR-19,M,24,poultry,7,2.0,TRUE,1
BW513795,BR-03,F,59,tailoring,9,8.7,yes,0
BW513796,BR-12,F,60,masonry,12,1.5,yes,0
BW513797,BR-13,F,44,poultry,9,2.6,yes,1
BW513798,BR-16,F,28,carpentry,12,5.0,yes,1
BW513799,BR-06,F,44,phone repair,3,3.8,FALSE,2
BW513800,BR-05,M,27,food vending,5,10.0,True,6
BW513801,BR-13,F,45,teaching,8,4.7,1,3
BW513802,BR-01,M,60,farming,6,4.5,False,0
BW513803,BR-23,F,47,petty trade,12,3.5,no,0
BW513804,BR-20,M,50,phone repair,7,1.5,FALSE,4
BW513805,BR-23,M,58,food vending,4,1.5,no,0
BW513806,BR-02,F,25,teaching,3,11.3,True,6
BW513807,BR-13,M,50,food vending,8,1.1,FALSE,2
BW513808,BR-07,F,20,masonry,5,5.6,TRUE,6
BW513809,BR-02,F,23,hairdressing,10,2.8,FALSE,3
BW513810,BR-02,F,50,farming,8,5.6,True,1
BW513811,BR-17,M,61,tailoring,4,8.9,True,1
BW513812,BR-18,F,32,hairdressing,9,4.6,1,3
BW513813,BR-15,F,26,phone repair,6,6.9,FALSE,1
BW513814,BR-03,F,47,carpentry,2,5.9,1,0
BW513815,BR-05,M,32,farming,4,2.8,yes,0
BW513816,BR-21,F,35,food vending,4,4.5,FALSE,0
BW513817,BR-20,F,25,retail shop,9,5.3,1,2
BW513818,BR-15,F,33,retail shop,11,2.7,True,0
BW513819,BR-18,F,35,hairdressing,7,1.6,no,4
BW513820,BR-10,M,60,masonry,10,0.3,1,3
BW513821,BR-10,M,24,food vending,2,0.4,TRUE,9
BW513822,BR-12,F,29,tailoring,2,5.1,yes,1
BW513823,BR-17,F,33,teaching,8,2.5,True,2
BW513824,BR-05,M,55,transport,11,11.1,False,1
BW513825,BR-05,F,58,carpentry,11,4.9,FALSE,4
BW513826,BR-20,F,22,tailoring,7,0.7,1,1
BW513827,BR-08,M,47,hairdressing,6,1.6,TRUE,0
BW513828,BR-22,F,54,carpentry,11,7.1,0,0
BW513829,BR-18,F,42,masonry,5,6.1,False,0
BW513830,BR-23,F,33,farming,9,6.1,no,1
BW513831,BR-07,M,40,masonry,3,1.7,no,3
BW513832,BR-21,M,28,carpentry,4,2.4,yes,3
BW513833,BR-14,M,31,phone repair,3,0.4,FALSE,6
BW513834,BR-20,F,52,food vending,11,7.3,True,6
BW513835,BR-14,F,59,petty trade,10,1.4,True,9
BW513836,BR-07,F,63,food vending,1,0.5,FALSE,6
BW513837,BR-04,F,62,carpentry,2,5.6,no,6
BW513838,BR-07,M,38,teaching,5,3.2,FALSE,6
BW513839,BR-23,M,59,food vending,1,5.2,yes,2
BW513840,BR-14,F,28,masonry,5,8.6,False,0
BW513841,BR-02,M,33,masonry,10,17.5,1,1
BW513842,BR-24,F,22,poultry,6,10.0,yes,9
BW513843,BR-18,M,63,transport,9,3.5,TRUE,1
BW513844,BR-21,M,45,farming,11,8.9,no,3
BW513845,BR-08,M,24,hairdressing,4,7.9,1,1
BW513846,BR-20,F,40,tailoring,2,3.9,True,2
BW513847,BR-05,F,50,farming,9,7.1,FALSE,1
BW513848,BR-06,M,62,hairdressing,11,7.9,True,4
BW513849,BR-23,F,52,petty trade,4,4.2,False,0
BW513850,BR-03,F,50,poultry,3,3.4,False,0
BW513851,BR-14,M,20,teaching,12,6.4,0,3
BW513852,BR-01,M,60,transport,4,2.2,no,1
BW513853,BR-01,F,35,retail shop,5,4.6,TRUE,1
BW513854,BR-05,M,21,hairdressing,8,3.8,0,9
BW513855,BR-14,F,57,masonry,11,7.4,0,4
BW513856,BR-07,M,24,food vending,4,3.6,1,1
BW513857,BR-06,F,40,tailoring,1,0.6,0,0
BW513858,BR-23,F,26,farming,11,4.2,FALSE,0
BW513859,BR-03,F,26,retail shop,6,5.9,FALSE,3
BW513860,BR-03,F,23,phone repair,4,6.6,FALSE,1
BW513861,BR-09,M,44,poultry,1,0.4,False,3
BW513862,BR-05,M,47,poultry,3,3.6,TRUE,0
BW513863,BR-14,F,41,phone repair,6,6.9,False,1
BW513864,BR-06,M,48,food vending,3,1.9,0,9
BW513865,BR-21,F,45,phone repair,6,13.2,no,0
BW513866,BR-23,F,61,hairdressing,9,4.7,yes,0
BW513867,BR-08,F,35,farming,5,5.6,True,1
BW513868,BR-16,M,38,poultry,9,1.5,0,1
BW513869,BR-22,F,33,teaching,10,14.7,FALSE,4
BW513870,BR-19,F,58,teaching,6,7.2,FALSE,4
BW513871,BR-21,M,39,tailoring,11,6.5,False,6
BW513872,BR-13,F,38,masonry,7,2.1,TRUE,9
BW513873,BR-03,M,27,hairdressing,3,11.2,0,3
BW513874,BR-20,M,27,hairdressing,6,7.2,TRUE,6
BW513875,BR-13,M,61,carpentry,6,3.1,yes,0
BW513876,BR-08,F,59,hairdressing,9,2.3,1,6
BW513877,BR-20,F,51,retail shop,10,0.5,no,4
BW513878,BR-21,M,43,petty trade,2,0.4,FALSE,1
BW513879,BR-16,M,63,poultry,9,2.7,False,0
BW513880,BR-04,F,30,poultry,2,3.7,0,0
BW513881,BR-20,M,51,teaching,6,1.0,False,6
BW513882,BR-15,F,45,masonry,1,10.4,False,2
BW513883,BR-15,F,52,carpentry,10,3.5,no,9
BW513884,BR-16,F,39,farming,3,0.6,yes,2
BW513885,BR-18,F,31,teaching,12,4.8,FALSE,9
BW513886,BR-13,M,54,phone repair,9,1.4,no,1
BW513887,BR-06,F,22,teaching,2,9.4,FALSE,1
BW513888,BR-21,F,47,masonry,10,5.1,FALSE,0
BW513889,BR-16,F,41,food vending,4,1.4,FALSE,3
BW513890,BR-18,M,27,transport,11,3.7,0,2
BW513891,BR-12,F,38,teaching,5,1.9,yes,9
BW513892,BR-11,F,33,retail shop,2,1.3,False,3
BW513893,BR-15,M,39,food vending,8,3.9,1,3
BW513894,BR-13,F,63,teaching,7,11.1,True,0
BW513895,BR-18,M,21,petty trade,4,3.1,False,3
BW513896,BR-10,F,37,petty trade,4,2.9,False,3
BW513897,BR-07,F,31,teaching,10,3.0,0,0
BW513898,BR-20,M,21,teaching,12,5.9,0,0
BW513899,BR-11,F,44,masonry,2,5.3,True,0
BW513900,BR-18,M,46,masonry,4,11.4,0,9
BW513901,BR-19,M,51,tailoring,7,7.9,FALSE,9
BW513902,BR-10,F,35,retail shop,6,2.3,1,0
BW513903,BR-02,F,43,masonry,3,11.4,True,2
BW513904,BR-15,M,56,masonry,5,6.2,FALSE,6
BW513905,BR-23,F,43,masonry,9,5.7,1,1
BW513906,BR-17,F,38,transport,9,7.2,False,0
BW513907,BR-06,F,20,petty trade,6,11.1,FALSE,0
BW513908,BR-16,F,40,carpentry,4,0.2,False,0
BW513909,BR-06,F,56,teaching,11,6.2,0,0
BW513910,BR-13,F,49,masonry,1,9.2,TRUE,1
BW513911,BR-06,M,48,petty trade,3,9.8,0,4
BW513912,BR-07,F,27,carpentry,1,6.4,TRUE,3
BW513913,BR-06,F,46,tailoring,3,0.4,False,3
BW513914,BR-11,M,62,transport,2,13.5,False,1
BW513915,BR-18,F,22,tailoring,12,8.5,yes,3
BW513916,BR-15,M,46,carpentry,5,8.4,0,9
BW513917,BR-19,F,30,phone repair,6,8.7,no,1
BW513918,BR-07,F,30,transport,2,3.0,yes,3
BW513919,BR-15,F,43,hairdressing,8,9.5,0,1
BW513920,BR-12,M,53,retail shop,4,3.3,1,0
BW513921,BR-11,F,54,poultry,12,3.2,True,0
BW513922,BR-13,F,49,teaching,7,6.9,yes,0
BW513923,BR-05,F,64,farming,6,8.4,True,4
BW513924,BR-19,M,49,food vending,12,8.0,False,3
BW513925,BR-07,M,57,food vending,7,3.1,1,0
BW513926,BR-11,M,47,phone repair,5,6.1,TRUE,6
BW513927,BR-07,M,45,transport,8,0.3,1,2
BW513928,BR-13,M,60,petty trade,11,7.0,TRUE,1
BW513929,BR-07,M,64,teaching,1,4.7,no,1
BW513930,BR-20,F,40,masonry,11,1.4,yes,6
BW513931,BR-16,F,55,teaching,11,7.4,False,4
BW513932,BR-02,F,62,farming,6,5.7,no,1
BW513933,BR-05,F,56,masonry,6,12.2,FALSE,1
BW513934,BR-11,M,28,food vending,3,12.3,1,0
BW513935,BR-21,M,51,tailoring,10,9.2,False,4
BW513936,BR-08,M,37,food vending,6,5.8,FALSE,9
BW513937,BR-05,F,49,poultry,7,6.9,1,6
BW513938,BR-11,F,24,petty trade,10,2.5,1,4
BW513939,BR-04,M,39,masonry,3,11.3,yes,4
BW513940,BR-06,M,46,tailoring,12,13.8,no,4
BW513941,BR-05,F,32,phone repair,11,11.0,1,4
BW513942,BR-10,F,54,poultry,6,4.2,yes,9
BW513943,BR-06,M,20,petty trade,8,10.7,0,3
BW513944,BR-03,F,51,farming,8,8.5,yes,6
BW513945,BR-17,F,41,phone repair,12,6.9,True,6
BW513946,BR-21,M,43,phone repair,2,5.4,True,6
BW513947,BR-16,F,29,masonry,1,6.0,FALSE,1
BW513948,BR-16,F,25,farming,12,3.5,False,9
BW513949,BR-16,M,41,poultry,9,1.4,TRUE,9
BW513950,BR-18,F,20,transport,9,2.7,False,4
BW513951,BR-23,M,31,transport,5,7.5,1,1
BW513952,BR-20,M,42,petty trade,12,5.7,0,0
BW513953,BR-04,M,46,poultry,8,6.1,True,3
BW513954,BR-03,F,24,phone repair,1,12.0,FALSE,3
BW513955,BR-03,M,59,masonry,1,10.9,False,1
BW513956,BR-22,M,57,petty trade,7,13.8,yes,3
BW513957,BR-19,M,37,petty trade,9,5.3,TRUE,4
BW513958,BR-08,F,28,carpentry,7,1.6,True,2
BW513959,BR-23,M,52,retail shop,2,4.6,FALSE,1
BW513960,BR-17,F,38,poultry,10,0.6,FALSE,0
BW513961,BR-21,F,35,tailoring,10,4.6,False,4
BW513962,BR-19,F,44,carpentry,6,3.9,no,9
BW513963,BR-03,F,55,tailoring,11,7.5,no,0
BW513964,BR-04,M,61,food vending,6,8.4,TRUE,4
BW513965,BR-02,F,40,transport,5,3.1,FALSE,0
BW513966,BR-05,F,63,transport,1,0.4,0,1
BW513967,BR-18,F,28,hairdressing,9,7.3,False,1
BW513968,BR-21,M,22,masonry,2,5.0,0,3
BW513969,BR-11,M,55,hairdressing,2,15.8,False,0
BW513970,BR-19,F,55,masonry,11,2.2,False,4
BW513971,BR-11,M,29,hairdressing,3,5.8,FALSE,3
BW513972,BR-19,M,35,phone repair,10,3.1,FALSE,0
BW513973,BR-18,F,39,masonry,5,2.2,FALSE,0
BW513974,BR-09,F,64,petty trade,6,2.0,True,4
BW513975,BR-16,F,44,transport,11,5.5,1,0
BW513976,BR-07,F,29,masonry,10,0.8,FALSE,0
BW513977,BR-19,M,50,phone repair,9,7.5,1,0
BW513978,BR-01,M,24,tailoring,10,5.4,FALSE,0
BW513979,BR-07,F,41,food vending,7,1.2,False,4
BW513980,BR-10,M,28,farming,2,9.5,no,0
BW513981,BR-17,F,48,masonry,6,0.8,no,2
BW513982,BR-21,F,44,phone repair,2,7.9,yes,1
BW513983,BR-09,M,21,farming,6,2.1,yes,0
BW513984,BR-18,F,30,farming,4,2.3,0,4
BW513985,BR-04,M,61,retail shop,2,2.8,no,0
BW513986,BR-03,M,54,teaching,12,2.4,True,1
BW513987,BR-08,F,55,carpentry,5,10.1,yes,0
BW513988,BR-23,F,47,petty trade,3,8.3,FALSE,2
BW513989,BR-07,F,21,retail shop,11,0.3,0,0
BW513990,BR-02,F,40,carpentry,11,5.6,True,1
BW513991,BR-06,F,43,hairdressing,11,3.3,False,0
BW513992,BR-18,F,42,poultry,2,1.2,True,9
BW513993,BR-09,M,43,tailoring,8,5.6,False,1
BW513994,BR-24,M,42,carpentry,4,8.2,False,0
BW513995,BR-07,F,54,retail shop,2,4.0,1,0
BW513996,BR-10,M,51,masonry,5,3.5,TRUE,0
BW513997,BR-04,F,53,hairdressing,6,1.4,FALSE,1
BW513998,BR-07,M,28,teaching,6,5.9,yes,0
BW513999,BR-08,F,33,teaching,2,6.0,False,0
BW514000,BR-09,F,32,carpentry,2,6.3,FALSE,4
